review_id,rating,review_date,review_text,thumbs_up,review_length,rating_group,issues,issue_count,has_issue
2396eda7-a8ad-4bb5-bee4-83c8fce035cb,5,2026-05-01 07:42:02,"Carayah beda sama you tube k,beda di youtube engga ada masukan pin m-bca. Sekarang ada masukan pin bca,jadi belum selesai registrasi Mohon maaf k,pengguna baru masih ragu².🙏",0,27,positive,,0,False
1382e567-d25e-46b2-9456-99f49c901bf7,5,2026-05-01 09:34:18,puas dengan BCA mobile,0,4,positive,,0,False
60373c7b-5f7c-4725-93f5-b0877bd767e9,1,2026-05-01 09:53:40,TOLONG APK BCA MOBILE BANKING NYA DIPERBAIKI LAGI LEMOOT BANGET MAU TRANSAKSI SELAMA INI SAYA PIKIR HP SAYA YG NGELEG UDAH GANTI HP TERNYATA EMANG APK NYA TERIMAKASIH,0,28,negative,,0,False
042470e3-1eae-4f92-9830-1ed331edd839,1,2026-05-01 10:06:17,top up flazz transaksi gagal di tapi saldo rekening tetap kepotong. emang kaya gitu ya aturan nya,0,17,negative,transaction_failed_balance_deducted,1,True
9a32e854-5285-4fe1-83c5-df0341364c1d,1,2026-05-01 10:21:09,"aplikasi macam apa ini,di daftarin berkali kalih ngirim sms untuk aktivasi ke no 89888 gagal trus,mending gagal klo pulsa ga kemakan,ini udh gagal pulsa kemakan lgi,RAKUS!!!!!",0,26,negative,transaction_failed_balance_deducted,1,True
9e6585fc-e200-4804-aa23-c2f4f26f237b,3,2026-05-01 11:11:07,"kenapa masih pake SMS sih,semua bank udah pake wa kenapa masih pake SMS?",0,13,neutral,,0,False
9dbf2102-6220-4d9e-9d4b-2158b546215d,1,2026-05-01 11:15:46,ngeselin ini lampunya merah terosss padahal sinyal bagus,0,8,negative,indicator_light_stuck,1,True
381cdfb0-3483-4266-8887-51cee95009f5,3,2026-05-01 11:26:21,"Malas banget, hpku eror jdi hrus direstart, abis itu mau login lagi, udh kena pulsa masih aja ga bisa lanjut",0,20,neutral,app_performance,1,True
e4b84391-d0dd-45f5-b236-5e7cc7678c5e,1,2026-05-01 11:36:46,nggak jelas bgt,0,3,negative,,0,False
3eadc3d4-d6ce-4463-87cc-cbf253809c17,2,2026-05-01 11:58:10,"eror terus BCA skarang,habisin pulsa Mulu buat masuk..tolong dong perbaiki lagi",0,11,negative,app_performance,1,True
8e84b05b-06cd-4d9b-83f4-0cdd5c4641c8,1,2026-05-01 12:29:11,mau Regis aja harus ke mesin ATM percuma ada mbangking kalo ke ATM atau ke cs sedangkan saya kerja pagi gmana ngurus nya harus di upgrade mbangking percuma potong pulsa untuk verifikasi ujung ujung nya ke mesin ATM dan cs hadeh,0,41,negative,"transaction_failed_balance_deducted,customer_service",2,True
141589c0-2560-476c-80f6-15d451ead0b3,2,2026-05-01 12:50:06,masa tiba2 hilang dari menu hp sih apk nya,0,9,negative,,0,False
ae959ae9-75bb-44d8-be21-bfc9623e143a,5,2026-05-01 13:03:14,sangat bagus sekali👍👍,0,3,positive,,0,False
3db1a01c-0ce4-4472-b53c-8737a9443a57,5,2026-05-01 16:03:57,ok,0,1,positive,,0,False
f3c9a71b-fa33-45db-9108-fe7ec78e7455,5,2026-05-01 16:15:28,bagus dan baik,0,3,positive,,0,False
2d302be0-7ca3-4b2e-8cb1-111e73a8f744,4,2026-05-01 16:47:21,"Hanya saran saja.bagaimana jika menghapus bukti transaksi jangan sedikit sedikit (5), ganti misal dengan jumlah 10, terus terang ribet dan menguras waktu",1,22,positive,,0,False
aae01178-4238-4ed1-a97b-fbe3532c1b71,5,2026-05-01 17:58:52,saya kok GK bsa TF ke bedaa bank atau ke sesama rekening... padahal saldo ada...,0,15,positive,,0,False
a7d4b366-d76a-42a3-9dd6-81dde9b209ea,1,2026-05-01 18:09:51,BCA mobile kenapa sih dari tadi lampu indikatornya merah terus gak berubah berubah padahal internet bagus bahkan pakai wifi pula,0,20,negative,indicator_light_stuck,1,True
75c595f6-22fe-4a9b-9a39-154a89cc77e2,5,2026-05-01 18:26:52,bca telah membatu transaksi dari ovo ke bca cepat dan mamtab terimakasih,0,12,positive,,0,False
2f5df828-f9ea-4dcd-a003-334e97db02fc,1,2026-05-01 19:09:06,"aplikasi sangat sangat sangat lemot indikator lampu selalu berwarna merah padahal tidak ada masalah jaringan. jengkel kalau dibawa buru-buru transaksi, lebih enak pakai ewalet tidak ribet dengan aturan lampu notifikasi yg harus berwarna hijau.",15,34,negative,"indicator_light_stuck,app_performance",2,True
ac9a8157-2f13-4347-95c2-5668990a3366,2,2026-05-01 19:46:10,internet server bca di perbaharui dong biar cepat biar gk maintnace terus,0,12,negative,,0,False
5d52344b-5386-404f-bce4-8ed334a95f09,5,2026-05-01 20:07:30,sangat puas,0,2,positive,,0,False
0e62f258-5974-46af-853a-eaf9d59bbacc,1,2026-05-01 22:14:24,menu pajak atau penerimaan negara ko tidak ada,0,8,negative,,0,False
0fe584bd-0b83-457c-aec1-aca7186b4f02,1,2026-05-01 23:35:26,tidak bisa dibuka. selalu gagal di kirim sms,0,8,negative,app_performance,1,True
400d8dea-3251-4811-ba62-f4bfb1df8e4f,1,2026-05-01 23:37:00,saya mau daftar ke mobile BCA tetapi tidak bisa tapi diarahkan ke kirim pesan untuk melakukan registrasi untuk pendaptaran ke BCA mobile sampai2 banyak pulsa saya habis untuk mengirim pesan,0,30,negative,,0,False
d97c45ee-41a6-4de4-87d0-705fad371190,3,2026-05-02 00:21:42,"Ini kenapa aplikasinya ngga pernah nampilin notifikasi transaksi? terutama klo ada saldo masuk, tolong dibenerin min, saya disettingan udah on semua, tapi tetap ga ada notif",1,26,neutral,,0,False
8926b8ab-84aa-4cf2-a96e-14b2fb6ad5ac,5,2026-05-02 00:33:54,ok,0,1,positive,,0,False
f0c39b19-846a-4b24-9a57-08d6004f36e8,5,2026-05-02 01:04:31,bagus,0,1,positive,,0,False
83117688-cd80-4644-b01b-53e20964735d,4,2026-05-02 02:54:20,"Sebanarnya gak ada yang salah, aplikasi MBCA ini lebih simpel ringan dan lebih praktis dari pada myBCA, tapi please BCA bolehlah ubah Icon nya aja. Asli Icon nya kek jadul banget. Please paling nga warna biru nya seperti MyBCA aja, dope gak kilau gitu, tanpa grid putih di pinggirannya juga. Please banget, nanti jadi bintang 5 😭",4,57,positive,,0,False
8fa43c6a-cf92-4566-bb17-f49989871f09,5,2026-05-02 03:18:30,Ok,0,1,positive,,0,False
d1cdbc54-7d78-4005-93de-d93a9ac39aba,1,2026-05-02 05:07:13,kenapa saya di suruh registrasi ulang trs k atm terdekat katanya. padahal saya skrng sdh pindah kerja ke daerah yg g ada atm bca nya apalagi kantor bank cabang nya masa iya saya hrs k kota dlu biar bisa pakai mbangking saya dan perjalanan ke kota makan waktu 4 jam dlu dan saya cuma ada waktu libur itu hari minggu saja.,0,61,negative,customer_service,1,True
0a5e83bd-875f-413d-a309-9f218815891c,1,2026-05-02 05:32:21,"M Banking paling lemot sedunia,,😠",0,5,negative,app_performance,1,True
1392ea03-db31-4560-891d-4c1e009bc142,4,2026-05-02 05:56:31,"Yth Bank BCA, tolong aplikasi BCA mobile saya kenapa tidak bisa login ? tiba2 saja di klik aplikasinya langsung keluar sendiri coba masuk lagi di klik sama seperti itu lagi ... tolong BCA gimana ini...",0,35,positive,"login_otp_access,app_performance",2,True
5bcffa4b-2f64-4c64-85ff-0ba4366c8357,5,2026-05-02 05:58:35,sangat membantu .,0,3,positive,,0,False
5d916090-7da4-42da-8478-7275652b1539,2,2026-05-02 06:03:20,ribet sumpah harus nunggu ijo terus pas udah ijo mau transaksi tiba tiba biru jadi gagal!,0,16,negative,,0,False
0ef7849a-a31b-4082-8925-7e288c7aa7c8,1,2026-05-02 06:32:49,ga jelas verifikasi muka selalu gagal mau nyoba berpuluh2 x pun bukanya memudahkan malah tambah menyulitkan ujung2nya harus ke bank nya langsung,0,22,negative,face_verification_failure,1,True
d64eacea-7ce6-47ac-87e6-ee891d394f4a,5,2026-05-02 06:36:03,sangat membatu aku dalam berkerjasama,0,5,positive,,0,False
def1cfcc-0945-452c-8b9e-8d60f2f08efa,5,2026-05-02 07:03:36,cepat untuk transaksi,0,3,positive,,0,False
9ea00391-1fe4-4491-8989-2086c2ba5973,2,2026-05-02 08:08:34,"sekarang kenapa ya saya minta OTP gak muncul muncul padahal udah dari semalam mencoba, enggak kaya dulu minta otp aja sekali meminta langsung datang tapi kalau sekarang susah nya minta ampun mentang mentang udah lama gak di pakai sama pindah hp",1,41,negative,login_otp_access,1,True
3fa54c62-a96e-49c7-8085-a6917f9bf525,5,2026-05-02 08:16:24,"baru saja berhasil verifikasi setelah berkali2 gagal. terakhir bisa, dengan menempatkan no sim terdaftar di sim 1, kemudian menonaktifkan sim2, buka bca mobile dan verifikasi. silakan dicoba.",2,27,positive,,0,False
d348eb9d-dbc8-4994-a5cc-26f533dcab12,2,2026-05-02 08:43:45,"Setiap mau transaksi bikin kita jadi kyk orang bloon, lama sendiri setiap mo bayar merah mulu mentok biru. Mending saldo tf ke e-wallet, satset dia buat pembayaran",0,27,negative,,0,False
395c173b-3f33-4c8c-99da-11398c682f90,5,2026-05-02 08:54:09,donload di playstore kog gak ada sekarang,1,7,positive,,0,False
d10e6813-1aad-4a18-985e-da5fb1fbba7c,3,2026-05-02 09:21:30,"Habis di update sinyal biru terus, ga bisa buat transaksi , tgl 02/05/2026 sinyal hanya merah terus -trouble sudah diatasi",0,20,neutral,"indicator_light_stuck,app_performance,device_compatibility",3,True
94fd4b50-5ee7-48f0-8ce7-e7a43fb65d26,1,2026-05-02 09:44:23,pembayaran QR di transaksi na berhasil tapi dana blom masuk2 sudah sering bnget kya gini....,0,15,negative,,0,False
5f55fdd8-8c33-4081-8ceb-345ccf1823bc,1,2026-05-02 10:27:27,"saldo saya kesedot entah kemana, mutasi rekening jelas ada tapi ga pernah transaksi di nama tersebut. 700rb lenyap entah kemana itu, tolong dong di perbaiki ya ampun agak nyesek untuk saya kehilangan uang segitu😭",0,34,negative,,0,False
e37046f3-e2f3-4855-83e5-06adb99152fe,2,2026-05-02 11:00:13,kenapa ya merah terus indikator ny mbangking pdhl signal bagus jadi terhabat mau transaksi,0,14,negative,indicator_light_stuck,1,True
34f347fe-f799-4bd9-9928-453af2711635,1,2026-05-02 11:09:09,"Tolong untuk indikator diperbaiki lagi, mau ntransfer harus nunggu indikator warna hijau lbh dari 10menit, apa2an gk nyaman skali",0,19,negative,indicator_light_stuck,1,True
8aaab7d6-c447-4554-baa2-62fa43bf8aa0,1,2026-05-02 12:06:59,"sering trouble,",0,2,negative,app_performance,1,True
f5cb141a-f307-48ce-afb8-de0dea68b6b6,1,2026-05-02 13:31:58,"bingung lah sama apk ini udah mah daftar mbanking ke atm trus pake pulsa pula udah gitu pas udah masuk mau tf malah suruh aktivasi finansial ke cabang terdekat ,sumpah ngerjain",0,31,negative,customer_service,1,True
d2a955c1-2514-4f5b-b660-54006f0249fd,3,2026-05-02 14:20:34,"Potong HQR masih Tinggi utk mesin EDC BCA,Saran saya...samain dgn Htgh",0,11,neutral,,0,False
5887d325-7908-4f20-be46-9d48848e51a1,1,2026-05-02 14:57:57,"saldo awal ada 100k, dipake 13k tapi kok saldo tinggal 58k itu sisanya kemana, dimutasi cuma ada yg 13k itu doang.",0,21,negative,,0,False
54864f2c-c96d-4622-900a-ea7dd9c76955,5,2026-05-02 14:59:08,mantap,0,1,positive,,0,False
ee232343-737d-4b59-9ee2-f0a8b34cd897,5,2026-05-02 15:29:51,BCA terbaik disegala sisi keamanan dan kenyamanan,0,7,positive,,0,False
89dfa885-dfe9-4f65-93cc-ccdeeb8a528a,5,2026-05-02 16:10:40,"Oke, sudah diperbaiki, dan sinyal saat buka aplikasi ini sudah tidak ngadat lagi. Terima kasih telah mendengarkan keluhan saya",0,19,positive,,0,False
711bfbf4-8092-4c58-991e-f3f4552185dc,5,2026-05-02 16:23:19,josssssss,0,1,positive,,0,False
319b577a-1806-475f-aa5a-8cc09727b4b0,5,2026-05-02 16:52:48,good apps,0,2,positive,,0,False
1c19e3f9-d47b-44fe-9eda-d6ca32441911,2,2026-05-02 17:11:04,"kode otp untuk aktifasi mobile banking ga masuk masuk, tp pulsa terus kepotong, gmn ini bca skrg..",0,17,negative,login_otp_access,1,True
e1eef473-1000-41c6-8c2a-3ea6eb408929,5,2026-05-02 17:59:08,mntap,0,1,positive,,0,False
5bcbc3bd-d7a5-4f61-97da-156ad6636bce,2,2026-05-02 18:01:32,"udah 1 Minggu errorr, tapi sampe sekarang tidak ada tanggapan dari BCA. kalo apk Tidk bisa digunakan jangan dibuat",0,19,negative,app_performance,1,True
89ce3932-6ef7-49c3-8ac0-f81b294ca006,4,2026-05-02 19:06:47,sangat baik dan manfaatnya membantu sekali,2,6,positive,,0,False
e3f74dc7-a159-4d0c-b9d7-d2e5ad5ff0aa,5,2026-05-02 19:34:57,Membantu,0,1,positive,,0,False
e54a70f8-431c-416b-ac65-fbd8aeadb587,2,2026-05-02 20:44:30,"lagi beli di warung madura, saldo udah kepotong tp malah belom masuk ke gopay warungnya :( akhirnya saya tinggal belanjaannya",0,20,negative,,0,False
45e89e1d-ee53-431b-82c2-7206e092a9b2,5,2026-05-02 20:54:20,Baik,0,1,positive,,0,False
6b00fa7d-57a0-4a51-b48b-1a50c9803ed4,5,2026-05-02 21:03:45,sangat membantu,0,2,positive,,0,False
6f16b62b-4bcb-4eca-a560-5b8e1e7aeb4e,5,2026-05-02 21:05:03,bagus,0,1,positive,,0,False
48a3bd93-77c1-4374-a963-e2ef685145e0,5,2026-05-02 21:45:36,"Jadi ngeri.. qris gagal tapi saldo kepotong... lumayan lagi Rp 225.000,- parah....",0,12,positive,transaction_failed_balance_deducted,1,True
19ee942b-a0da-477f-b5bf-91b1a53c7f38,1,2026-05-02 22:26:04,apk nya ribet,0,3,negative,,0,False
8b5b7057-14b9-4482-be55-303481efb4bc,2,2026-05-02 22:49:57,buka file download rek koran agak ruwet,0,7,negative,,0,False
a3fc583b-7a51-4c95-9d00-0f7f159e0a4b,1,2026-05-02 22:50:16,APLIKASI GABISA BERKEMBANG GAUSAH ADAIN CS KALO TAKUT KOMPLENAN COSTUMER MASA TRANSAKSI SUKSES GA MASUK KE YANG DI TRANSFER UDH IKUTIN ARAHAN LEWAT CS DI WA MALAH SURUH DOWNLOAD HALO BCA UDH DOWNLOAD JAWABANNYA SURUH DOWNLOAD LG DOWNLOAD APAN LGI MASA COSTUMER MAU KOMPLEN SALDO DIPERSULIT SELAMA INI BAYAR BULANAN UNTUK APA?,0,52,negative,customer_service,1,True
18be867b-59d8-4950-b582-bc94e22b6bf1,5,2026-05-02 23:40:55,perlu di beri kebebasan untuk menghapus semua transaksi,0,8,positive,,0,False
ba4e50e7-8c58-4dab-a898-b3ec821a4412,1,2026-05-02 23:50:34,assalamualaikum selamat malem ibu/bapak dari bank BCA mobile saya tidak bisa masuk ke mobile BCA kenpah iya,0,17,negative,login_otp_access,1,True
863079c8-d18e-4c29-b990-6b4153225fb0,3,2026-05-03 00:08:35,masa baru2 ini disuruh verifikasi mulu kalo mau masuk apk nya,0,11,neutral,,0,False
c102b514-081e-4abc-b3ee-c12f1796ab4a,5,2026-05-03 00:29:15,good,0,1,positive,,0,False
455379cd-88ce-4fcb-8456-c9803fd5cdb5,2,2026-05-03 03:07:04,ribet bngat permuk ga di acc acc,0,7,negative,,0,False
24fc8847-c50a-4747-ab5d-bc82031152ed,5,2026-05-03 04:57:14,sangat membantu,0,2,positive,,0,False
9e0728cf-8305-40ad-88e7-e2cb1488470a,5,2026-05-03 06:01:54,good,0,1,positive,,0,False
17789aa0-a314-4828-8148-bc9a4cedd0fd,1,2026-05-03 06:32:22,"sampah,cuma BCA doang yg banyak ganguan,di BRI BNI dan yg lain aman aman doang disini keluar sendiri duit kepotong gajelas,KLO ga teliti bisa rugi nyimpen duit disini",0,27,negative,"unexplained_deduction,app_performance",2,True
737c84e4-cae4-458d-bdef-a64b0304644a,4,2026-05-03 08:35:48,"apakah sedang gangguan ka, punya saya cuma bisa login, dan indikator selalu merah?",0,13,positive,"indicator_light_stuck,app_performance",2,True
a5db0360-9915-429c-ae3f-ed7479ac6d88,4,2026-05-03 10:18:22,Aplikasi m BCA ko makin lemot aja.. ga sperti awal awal nyaman bisa di andalkan saat sedang butuh pengiriman cepat..,2,20,positive,app_performance,1,True
0182b0e8-a1be-4d01-8ab8-04273d0a5b08,1,2026-05-03 10:46:51,kenapa gak bisa di buka aplikasi BCA mobile nya,0,9,negative,app_performance,1,True
0f2beed9-aa9b-4949-b90a-6dc0688e1697,1,2026-05-03 12:33:00,"Tolonglah diperbaiki, susah QRIS giliran transfer gampang, jangan gitu la.",0,10,negative,,0,False
27d08919-9d36-4bf9-8e4f-eabdf4bd164d,5,2026-05-03 14:08:39,sangat bagus dan mumudah kan transaksi top bgt,0,8,positive,,0,False
69a6e332-5f00-4024-aa08-e34fc9fcd65d,5,2026-05-03 14:46:31,goodjob,0,1,positive,,0,False
18be2346-46ee-4ee2-8cce-3c61b21fd002,2,2026-05-03 14:49:34,per Minggu terima TF dari BCA PPN rp.10000 dan lalu berikutnya setiap kali terima TF dari BCA PPN rp.1000. rekening baru banyak pajak ny.,0,24,negative,,0,False
6ead6af1-ccf4-4d35-a84e-2ecec95b1e4e,5,2026-05-03 17:53:41,mempermudah dalam transaksi tanpa trobel,3,5,positive,,0,False
3457e179-58ee-4fe0-aa46-b7b9bd874337,5,2026-05-03 18:04:13,mantab,0,1,positive,,0,False
39799fc5-4537-4f96-b199-f799b6dbba50,1,2026-05-03 18:13:56,"kok mengecewakan yah gangguan mulu padahal sinyal bagus banking yang lain aman saja hanya BCA yg lelet, mohon perbaikannya",0,19,negative,app_performance,1,True
a0f789db-f6ee-4663-800d-d03a0b6b9bf7,5,2026-05-03 18:38:46,sangat mantap,0,2,positive,,0,False
74e49719-960d-47df-abca-86a0c89e4dd3,5,2026-05-03 18:44:01,bagus,0,1,positive,,0,False
1a910da9-0494-41ea-a0b4-5d6a4b33cf0d,5,2026-05-03 18:46:49,aplikasi BCA sangat membantu,0,4,positive,,0,False
1b36219b-b1a2-4aeb-84ec-55298c3b0e4f,3,2026-05-03 19:08:07,heran dgn BCA knp sering lemot utk transakasi..hari ini jug knp sinyal nya wrn merah padahal wifi ok & paket data ok..bingung.,0,22,neutral,"indicator_light_stuck,app_performance",2,True
0ff8686b-4f2c-4429-8150-b60452c9e81d,5,2026-05-03 19:11:57,baik,0,1,positive,,0,False
a269dcd8-83cd-44e8-be57-e30ae4f6b4dc,5,2026-05-03 19:18:15,bermanfaat,0,1,positive,,0,False
b3492d0b-e106-451b-8f85-3f85c4842ab9,5,2026-05-03 19:22:27,best of the best,0,4,positive,,0,False
583972de-e5ba-47df-924a-a6c61e154907,5,2026-05-03 19:53:23,sangat bagus,0,2,positive,,0,False
bd4888c9-3744-4abf-bf3c-625ea4465056,1,2026-05-03 20:19:45,sistem nya tolol,0,3,negative,,0,False
e230341e-db6a-4e67-8eb6-f2cabe1772f2,1,2026-05-03 20:27:36,kok jaringannya susah,0,3,negative,,0,False
27ad3641-ae20-4db0-aa80-8ec07391b147,5,2026-05-03 20:43:20,bagus,0,1,positive,,0,False
9dd18692-bd05-4a80-a939-210feb879244,4,2026-05-03 20:51:36,"aplikasi ini kenapa skrng lemot, indikatorwarna hijau ilang2an jadi biru, padahal sinyal bagus, buattransaksi jadi sering gagal",0,17,positive,"indicator_light_stuck,app_performance",2,True
3c9dc792-ab68-4926-bcdc-71cd22ddd2d8,3,2026-05-03 21:34:43,Bintang 3 untuk cara pemakaiannya yang ribet dengan lampu hijaunya. transaksi kadang tersendat karena lampu sinyal tiba2 jadi biru.,0,19,neutral,indicator_light_stuck,1,True
406f2bcd-a3d2-4b31-afe4-43dedf2575b8,5,2026-05-03 21:34:49,"Aplikasi yg tidak pernah update, sehingga sudah beberapa dekade sangat familier menunya. Pertahankan BCA",0,14,positive,,0,False
a8f4b0a0-6534-4b80-bcf5-313722129e96,1,2026-05-03 21:41:28,"hati2, kalau kena penipuan pihak bank belum tentu membantu",0,9,negative,,0,False
6d6b981a-3a60-43db-94ac-b650cf528c80,1,2026-05-03 22:56:00,"pembayaran pakai qris, saldo udah kepotong tp ga masuk ke merchant. di tanya ke cs katanya tunggu 1x24 jam. udah 1x 24jam, di tanya ke merchant ga masuk , ke kita juga ga masuk. tanya lagi ke CS, disuruh nunggu 20 hari kerja. maksudnya gimana!",0,45,negative,"transaction_failed_balance_deducted,customer_service",2,True
44584d07-0e1d-4773-940d-cba7fac77fc3,1,2026-05-03 23:05:38,duit saya ga keluar 500rb saat penarikan di atm dan saya hubungin cs disuruh nunggu dari 3 mei samapai tanggal 8 mei lambat banget playanan nya dan ini juga belum pasti uang kembalil atau tidak. bobrok banget nih server nya bca pengen nya nagmbil duit nasabah doang layan buruk tambah lagi aplikasi mobile banking nya mesti nungguin indikator merah sampai hijau kadang suka stak di biru bikin lambat buat transaksi,1,70,negative,"indicator_light_stuck,customer_service",2,True
97aac7c7-d9a3-476f-a7b3-3628f4c33477,5,2026-05-03 23:29:56,ok,0,1,positive,,0,False
47d336d0-71ea-496e-ba02-646a7a77f85e,1,2026-05-04 03:34:07,ini aplikaai jadi tolol bgini w ganti hp dia gk mau coba tolong diperbaiki lagi layanannya,0,16,negative,,0,False
c191474b-e7ea-4f1f-b0a5-8de3e47aaf65,1,2026-05-04 04:09:56,GK bisa login,0,3,negative,login_otp_access,1,True
46447c9b-64f0-4fe0-b74c-12384370f55c,5,2026-05-04 05:49:58,"salah satu bank terbaik di Indonesia ,semoga jaya sukses selalu aku bangga jadi nasabahnya",0,14,positive,,0,False
5dd0f6f6-3fcb-4829-b289-09573fd2ffef,5,2026-05-04 07:53:59,bagus,0,1,positive,,0,False
6bd84ed4-3b7c-49f9-a715-d0c9b0166ef1,5,2026-05-04 08:38:28,"error 205 tp hanya di hp saya,di hp yg lain tidak,adakah solusi?",0,12,positive,app_performance,1,True
418440f4-c96b-4e66-8adf-2da489da4114,5,2026-05-04 08:41:07,akurat,0,1,positive,,0,False
d1486935-6e47-4ba8-88ad-edcebdec37bc,3,2026-05-04 09:06:35,kenapa lama banget kirim kode otp nya sih??,0,8,neutral,login_otp_access,1,True
324d039a-9a0a-43a9-a428-f960553fd4b4,5,2026-05-04 09:13:26,Sangat bgus & membantu .,0,5,positive,,0,False
e46194c0-c597-4ab6-b4af-44e99c315f5c,3,2026-05-04 09:21:09,sering gangguan,0,2,neutral,app_performance,1,True
65e5f024-a727-4a05-be92-e46ab1a03296,5,2026-05-04 09:38:31,sangat baik,0,2,positive,,0,False
64a9e372-309a-480b-a2b5-10b43bf84f42,5,2026-05-04 09:49:09,ok,0,1,positive,,0,False
a51004a9-f3e1-4fa3-bc54-27233feba6cf,1,2026-05-04 09:59:13,"verifikasi ulang mulu + verifikasi itu butuh pulsa, dan udh ketarik pulsa ngulang lagi ke awal",0,16,negative,,0,False
58f40c0c-d27b-4708-a979-626604da80e4,5,2026-05-04 10:17:39,saya coba lagi,0,3,positive,,0,False
f1851835-97ef-4d6c-8dcd-3dc931ab05d4,1,2026-05-04 10:21:03,bca gagguan terus tiap update fotoin pdhl kamera jelas bisa,0,10,negative,,0,False
fb9d4f0d-f517-47e8-8828-5cb77c09848c,5,2026-05-04 10:28:55,bagus,0,1,positive,,0,False
24625dd8-452f-4493-8ae3-b0b86520161a,5,2026-05-04 10:31:23,aplikasi ok,0,2,positive,,0,False
7d34f2f4-f2bd-44a9-bf68-21c3faa93b6c,5,2026-05-04 10:45:01,ok,0,1,positive,,0,False
74f28414-ec94-4734-a249-747ebd98b83f,2,2026-05-04 10:53:13,"mindahin mbanking ke hp yg lain, udh berhasil tpi knp transaksi tidak dapat di proses jadi saya gabisa buka mbanking, saya udh nunggu 3 mingguan",0,25,negative,,0,False
611e1732-9aaa-4a76-9e12-697a12b39eb7,5,2026-05-04 11:01:45,sangat bagus dan lancar cuman ga ada notip kalo ada yg transper,1,12,positive,,0,False
2623450d-7fea-49aa-95fe-87a660b8cb46,5,2026-05-04 12:10:34,aplikasi yg sangat membantu sekali untuk aktifitas d mana saja,1,10,positive,,0,False
93a4ac98-1a25-4666-a13c-10fe40faeb5e,1,2026-05-04 12:16:29,BCA Gak jelas Otp Gak di kirim Kirim Pulsa mah udh habis 50rb otp nya ga ada aneh,0,18,negative,login_otp_access,1,True
f9d33612-cac1-4550-b571-d3d3b36a3d20,1,2026-05-04 12:59:36,sampah sampah .. nunggu otp ga nyampe2 .. pdahal sinyal full,0,11,negative,login_otp_access,1,True
2953ff69-33c6-4060-95b1-fa4b4355f4a1,5,2026-05-04 14:14:51,mengunakan BCA Mobile lebih praktis,0,5,positive,,0,False
36f6ccfc-03c2-493f-baf0-3d9c16622f98,1,2026-05-04 14:30:03,"pengajuan penggantian kartu ATM via BCA Mobile selalu gagal di pengiriman, 2x pengiriman gagal, sudah 3x laporan juga tetap gagal dengan alasan alamat yang tertera tidak jelas. ini kurir Bodoh apa gimna ya ???? saya selalu menggunakan alamat tersebut untuk transaksi online juga tidak ada masalah. kalau misal ada masalah juga bisa menghubungi ybs di nomor yang tertera. kok bisa"" nya langsung konfirmasi alamat tidak jelas dan cancel pengiriman 2x 🫵",1,71,negative,customer_service,1,True
a81114b2-66f8-4589-9264-7c20db21a515,1,2026-05-04 14:33:38,makin hari aplikasi semakin lambat,0,5,negative,,0,False
98034ea2-bc07-4f41-8e0c-6d9f93c43a07,1,2026-05-04 15:23:38,saya tidak bisa melakukan transfer via mbaking...lalu chat via BCA wa robot yg jawab dan pertanyaan yg berulang2...🤦🏻‍♂️,0,18,negative,,0,False
73c7f781-7fb8-426e-ba83-25f485e6dc5d,2,2026-05-04 15:25:11,Transfer ke Bank Ina Perdana trobel,2,6,negative,,0,False
039cf60a-6aa0-4192-89e9-59ecf3a0d0cb,1,2026-05-04 18:18:25,terlalu banyak ai,0,3,negative,,0,False
3af4c84c-892a-48fd-8815-3db55635012a,1,2026-05-04 18:25:18,After pembaruan APK nya jadi lemot... Mau Login gabisa mulu,0,10,negative,app_performance,1,True
4ca5bb90-8b78-4d2e-a967-c56ad1176a20,1,2026-05-04 18:27:45,jelek sinyal bagus gak mlah jadi meraj,0,7,negative,,0,False
ef48c84b-1350-4ce8-95b0-7297c173f734,1,2026-05-04 19:02:33,"lemot amat Bca, duh sekelas Bca ngecewain banget. mau buka bca aja cek saldo nunggu lampu hijau. mau scan qris juga lama, kadang mala gagal trus nunggu hijaunya lamaaaa. huhh",0,30,negative,"transaction_failed_balance_deducted,indicator_light_stuck,app_performance",3,True
00534aa7-8be5-4158-9ca0-a8021fd26d35,5,2026-05-04 19:57:17,"Hati-hati memakai BCA Mobile Banking, sekarang banyak pembohong.",0,8,positive,,0,False
89dff556-4c93-43a7-8e6f-630ed344097c,4,2026-05-04 20:21:53,sangat membantu,0,2,positive,,0,False
6229d4e2-aa09-49cb-932f-458d2ee71200,4,2026-05-04 20:26:01,fungsi hapus inbok eror,0,4,positive,app_performance,1,True
88ab0c4e-d1af-494f-a51f-cd137dbbfe63,5,2026-05-04 20:34:13,Bagus,0,1,positive,,0,False
e88bf855-3a1e-420a-90ce-351e1edf8fd4,5,2026-05-04 20:36:45,aman nyaman terpercaya,0,3,positive,,0,False
6135ecd6-f3ce-44f0-8e36-07763117269a,4,2026-05-04 21:04:29,semoga gak ribet lagi pas masuk nya ya,0,8,positive,,0,False
bfc6362d-6ded-42d9-872e-57689cb6cc8d,1,2026-05-04 21:19:54,"saya baru login kembali ke bca mobile tapi belum ada balasana, Habis habisin pulsa saja, kode verifikasi tidak ada pemberitahuan masuk",3,21,negative,,0,False
4aea68c7-7490-4268-92bd-dd39bd03fcd0,1,2026-05-05 04:16:04,"Saldo hilang Rp40.000 tidak ada dimutasi ? Padahal biaya admin sudah selalu dipotong ketika ada dana masuk. Jaei takut jangan-jangan sering hilang lagi, kali ini sadar hilang karena lagi perhatiin saldo. update : Bukan itu min, memang hilang kok. Mengendap kan pas awal sekali bukan tiap bulan.",0,47,negative,,0,False
c5fc8d58-fba8-4c0e-9ec5-073134f086d0,5,2026-05-05 05:51:19,sangat membantu dengan adanya aplikasi ini,0,6,positive,,0,False
21cfb18f-b76d-4c3a-9dc0-39e03db35a85,5,2026-05-05 08:59:01,kalau di taiwan bisa buka rekening pakai bca mobile gk ya,1,11,positive,,0,False
914ab1bf-7ab6-4821-a4ed-60740503455b,2,2026-05-05 09:17:35,"baru buat rekening dan buat ATM masa iya potongan nya gede amat 30rb trs gk bisa tranfer, bagaimana ceritanya, tolong dong di perbaiki sistem nya jangan error trs, potongan biasanya 10rb ataupun 8rb doang, ini 30rb",0,36,negative,"unexplained_deduction,app_performance",2,True
f2cdb719-96b7-40ba-b77d-05f7aebd80f4,5,2026-05-05 09:19:19,pelayanan nya ramah,0,3,positive,,0,False
064d772b-76b8-4fdb-bce3-7b71659b584e,5,2026-05-05 09:49:04,gacor,0,1,positive,,0,False
6d1e0b77-07be-410a-8913-02ab5fb2dca1,1,2026-05-05 10:20:05,saldo saya ilang 5rb waktu itu 10rb . kalo di kali 10rb nasabah udah berapa tuh,0,16,negative,unexplained_deduction,1,True
761304d9-8610-4a73-a52e-5e7b9926a930,5,2026-05-05 11:05:56,ok,0,1,positive,,0,False
4e541686-c394-4c00-8e41-0609596e8fec,5,2026-05-05 11:09:38,sip mntap,0,2,positive,,0,False
42c513bd-4003-4005-913c-c5f8ccb31d7d,5,2026-05-05 11:57:07,Bagus juga.. lancar !!!,0,4,positive,,0,False
7bea22cf-ab48-4b8c-a36e-786754c9fead,5,2026-05-05 12:13:39,sangat bagus dan memuaskan dan transaksi ...moga tambah maju dan sukses,2,11,positive,,0,False
4703429c-6e87-47c7-bcb8-6ca981b5a31d,5,2026-05-05 12:49:36,notifikasi gak nyala padahal pengirim transfer duit di SS ke saya jd bingung uang sdh masuk apa belom??,0,18,positive,,0,False
c2f897c7-5e08-4e5f-997e-0d0dcf74513a,5,2026-05-05 13:34:02,membantu,0,1,positive,,0,False
6e707f5a-a8b1-4d4f-aec4-95ea569fd1cb,1,2026-05-05 13:34:56,"berkali kali uang saya kepotong, dan yang trakhir hari ini, tolong diperbaiki lagi",0,13,negative,unexplained_deduction,1,True
9d0baa03-fb03-4ba3-8da1-01db0e74d016,5,2026-05-05 13:39:52,Bagus',0,1,positive,,0,False
89633480-506c-4f46-80e7-c33856ec417f,5,2026-05-05 17:55:55,mohon untuk dimemudahkan prosesnya,0,4,positive,,0,False
9689b07e-5e40-40a7-92bb-0a8e408faf35,5,2026-05-05 18:03:40,puas,0,1,positive,,0,False
8f8ec2da-886d-4124-a9aa-3e533fb0c6cc,5,2026-05-05 19:58:52,kenapa akhiir² ini lampu mbanking selalu merah padahal jaringan stabil.jadi tidak bisa kebuka m banking nya,0,16,positive,indicator_light_stuck,1,True
646ad8f6-3fc8-41dd-bc12-8b9e8fdee383,1,2026-05-05 20:39:53,"di januari 2026 saya pernah pesan HP dari Orange pakai kartu kredit BCA, dan ternyata HP nya ngga dikirim seller otomatis pesanan batal lalu dana dari orange sudah di kembalikan ke BCA, anehnya setelah saya telpon CS BCA buat konfirmasi bahwa pembelian batal supaya tidak ada tagihan, justru saya disuruh bayar cicilan pertama, LAH LOGIKANYA DIMANA ngga jadi pakai kartunya malah ditagih, yaudah saya kalau ada email tagihan saya tetep abaikan ngga saya bayar, tolong lah perbaiki aturan2nya",1,78,negative,customer_service,1,True
01f3dbf2-04f6-438c-b482-e51828985889,5,2026-05-05 23:31:26,menguntungkan,0,1,positive,,0,False
6a2540f0-2b29-40bf-94f3-812311d96cce,2,2026-05-06 00:48:04,GK bisa di ceklis GK bisa masuk,0,7,negative,login_otp_access,1,True
afd413c3-6b1e-4692-a755-e900d628a6cb,4,2026-05-06 05:40:24,Hallo.. saya nasabah baru. saya sudah berkali-kali verifikasi tapi gagal terus. Tujuan saya ingin menggunakan BCA mobile biar memudahkan transaksi atau cek saldo.,0,23,positive,,0,False
1f27c076-7642-4cf8-b131-576c2f7413e1,5,2026-05-06 06:23:27,oke,0,1,positive,,0,False
d575c1bf-9ef0-4a93-99ff-4e8d1ceed271,5,2026-05-06 06:40:21,good,0,1,positive,,0,False
aba29d03-ff51-442d-b390-5d3cad872d53,3,2026-05-06 06:40:56,QR nya kadang kadang muter mulu padahal jaringan udah oke,0,10,neutral,,0,False
1a5a035b-de6b-4e8a-8234-8122acd9dc33,5,2026-05-06 06:57:19,bagus,0,1,positive,,0,False
b2dd3a48-f79d-4093-99c1-c9c881127d69,5,2026-05-06 07:27:35,oke,0,1,positive,,0,False
23dcf621-e3bd-46fd-9171-833a008bc91e,5,2026-05-06 08:38:18,bagus dan cepat,0,3,positive,,0,False
9d2ee21f-6a4d-4598-930f-af3bc6ecff12,3,2026-05-06 09:12:44,"registrasi ulang yang bikin ribet , kalau untuk meningkatkan keamanan oke , tapi ga usah jadi ruwet, saya pribadi pakai apk ini aman aman saja asal jgn di bagikan aja",1,30,neutral,,0,False
6eb7d023-2aa7-4ef7-91c3-c54841041697,5,2026-05-06 10:20:09,anjay bgt sumpah bgus,0,4,positive,,0,False
c5e2e16f-3c03-4b8d-807e-95719e643a6c,5,2026-05-06 10:22:17,ini kenapa saya isi saldo tapi tidak masuk .. sedangkan sudah ada notifikasi sukses... tapi saldo tidak bertambah tetap 0,0,20,positive,,0,False
d2b5c288-9b4c-466d-a08d-da28dd34684c,5,2026-05-06 11:23:05,nice,0,1,positive,,0,False
22b95b85-3e95-4264-807d-02c8889307b9,1,2026-05-06 12:31:39,"ah sering ganggu bikin orang emosi aja, saldo tiba tiba ilang",0,11,negative,unexplained_deduction,1,True
bd19656c-3591-46a7-9eb8-0cb83f703169,5,2026-05-06 12:50:46,"Aplikasinya bagus, sangat membantu, tolong dilengkapi dengan adanya tambahan sandi biometrik jika mau masuk aplikasi agar lebih aman... Terima kasih 🙏🏻",0,21,positive,,0,False
5a687f25-47a5-4de8-94dc-59af956f9741,4,2026-05-06 13:10:54,ok,0,1,positive,,0,False
5715e607-2d2f-4797-85c0-58a417f96e2d,4,2026-05-06 13:19:06,"ini kancab BCA skr kok suka banget ya mempersulit customer nya untuk buka rekening, apa sudah mulai gak butuh customer lagi ya.",0,22,positive,,0,False
9f5b1cab-90a8-465b-adf4-e394a70e2007,5,2026-05-06 13:45:09,simpel keren makin aman gak tau di bobol,0,8,positive,,0,False
68b99329-c55e-4d3a-a09d-9c9852a6910a,1,2026-05-06 14:01:40,INI KENAPA SALDO SAYA KEPOTONG 140 RIBU YA??,0,8,negative,unexplained_deduction,1,True
0e54edd3-9a94-4a12-b8ec-dbdb7d393d77,1,2026-05-06 15:07:48,kenapa ga bisa ngirim SMS buat verivikasi si padahal udah beli pulsa udah nyalahin fitur SMS premium juga tapi tetep ga bisa mohon bantuan nya,0,25,negative,,0,False
09db2999-6c87-448b-a363-ef9418684a17,1,2026-05-06 17:03:00,"Indikator dari merah ke hijau terlalu lama sehingga untuk transfer termasuk QRIS sangat susah, beda dengan aplikasi mobile banking lainnya yang cepat untuk transfer",0,24,negative,indicator_light_stuck,1,True
cfe41e47-c7e1-4b4c-8a6b-a02626ea5366,3,2026-05-06 17:35:25,kenapa saat login mnjadi sering muncul notif sim card tidak sesuai? sehingga HARUS verifikasi ulang? padahal sebelumnya tidak pernah dan tidak berpindah sim card.. melelahkan merepotkan dan menghabiskan pulsa.. mohon dijawab di sini saja terima kasih,1,36,neutral,,0,False
ec6e6d6a-8f4e-4e48-9196-30ec8cf3671d,5,2026-05-06 18:39:06,"sangat baik pelayanannya,terima kasih",0,4,positive,,0,False
421be115-54c7-4c0f-a8df-55defb7449da,1,2026-05-06 19:45:59,"g masuk diakal...masa pengembalian dana sampai 14 hari kerja ..itu pakai otak apa pakai dengkul jawaban nya tu....bukti transaksi ada,dari sistem mereka pun jelas ...tapi pengembalian selama itu....mendingan g usah pakai BCA...",0,32,negative,,0,False
f44939a2-82f8-4573-a847-030b975f1d3e,5,2026-05-06 20:05:35,ko aplikasi mbca nya kaya mental,0,6,positive,,0,False
4e8596dd-69f0-411b-bbf7-9a3db13c9e52,5,2026-05-06 20:34:32,keren,0,1,positive,,0,False
dc52ee03-fe7f-4e6c-bd7b-2005e5cd1063,3,2026-05-06 20:47:53,sering ngebag lampu indikator merah terus,0,6,neutral,indicator_light_stuck,1,True
f3dc3c13-4f69-49cf-b537-89c9199461a0,3,2026-05-06 22:17:08,keren,0,1,neutral,,0,False
0b075362-ae79-40ab-b665-af466175e6aa,5,2026-05-06 22:55:42,sangat menarik dan sangat membantu,0,5,positive,,0,False
e6efca65-93cf-40df-8091-51c9a669a966,1,2026-05-06 23:01:05,TIBA² APK BCA MOBILE HILANG DARI HP SAYA... TRUS BAGAIMANA SAYA MAU MENGGUNAKAN BCA MOBILE UNTUK TRANSAKSI ? SEDANGKAN SETIAP HARI UNTUK AMBIL UANG DAN TRANSAKSI SAYA MENGGUNAKAN BCA MOBILE,0,30,negative,,0,False
d229cf76-1e6b-45d5-8dab-e45441df8697,1,2026-05-07 00:15:32,"i dikator merah teeus pdahal sinyal bagus lerpe, app cacat",0,10,negative,indicator_light_stuck,1,True
b0fa9c26-5a9b-4481-bc13-4edf0bdc3a80,1,2026-05-07 00:21:52,parah indikator merah nya,0,4,negative,indicator_light_stuck,1,True
97287c33-8c24-41a0-a9cd-2ef5a26ea779,5,2026-05-07 00:26:04,sejauh ini BCA masih aman dan baik2 saja. tapi bisa gak untuk transaksi tiap bulannya di aktifkan. biar bisa liat transaksi sebelumnya. terima kasih,0,24,positive,,0,False
ef881478-8520-4bc9-b950-256c76cd05e3,3,2026-05-07 00:31:19,"tolong dong ini kenapa lampu indikator nya merah terus, padahal sinyal bagus",0,12,neutral,indicator_light_stuck,1,True
5a9444ec-2e2a-4b1f-a5e2-b26f0ded7ff1,1,2026-05-07 00:35:13,"Aplikasi busuk, kuota msih bnyk. jaringan full, tpi lampu indikator selalu merah, udah coba di mode pesawat, hidup matiin data. masih sama aja. org mau byr pke qris jdi terhambat gara2 aplikasi sampah. klo gak karena gaji dri perusahaan pke bca ogah gua pke bca. 👎",0,46,negative,indicator_light_stuck,1,True
b5f1733b-f907-4791-9e6f-e91280dbf43f,4,2026-05-07 00:57:22,"Saya mau buka mbangking ko merah terus tombol nya,apa lagi gangguan",0,11,positive,app_performance,1,True
3800c763-997c-47b9-9625-d58425405b4d,1,2026-05-07 06:05:31,"setiap ada transferan kena potongan gede, pernah kena kasus penipuan saldo kekuras tapi penanganan lambat, uang ga bisa kembali update kasus tak pernah di infokan.",0,25,negative,,0,False
0f767964-3d9b-40f3-9c0a-66589642f8fb,5,2026-05-07 07:00:18,Bagus,0,1,positive,,0,False
00a35514-0850-478c-9ecd-fb57d1795795,3,2026-05-07 07:41:07,Tolong di beritahu keluar masuk saldonya di aplikasi dunk...sering lemot jaringan,0,11,neutral,app_performance,1,True
54d6bb74-1a0f-4fa8-960e-b11abfa3e517,1,2026-05-07 08:16:52,appnya gak bisa dipake kirim otp terus tapi gak ada otp masuk buat dikirim. mana kartu ilang.. mo ambil duit gimana..,0,21,negative,login_otp_access,1,True
438473de-6254-4820-bd20-733bb5d2d20b,5,2026-05-07 08:44:45,petugasnya ramah.. pelayanan sangat baik..👍👍👍,0,5,positive,,0,False
7c100c42-2c0e-4667-a118-bbf43e27e82e,1,2026-05-07 08:56:50,"coba ubah login nya kayak mandiri ,,tanpa pulsa2an utk otp doang",0,11,negative,login_otp_access,1,True
6099f840-90d2-4e52-a7ac-38afce6f1aa1,1,2026-05-07 10:08:47,"isi pulsa ngak ke kirim ngak ada bukti transaksi berhasil tapi saldo udah kepotong, udah bikin laporan disuruh nunggu 1 hari udah satu hari ngak ada progres, saya telfon lagi pagi nya ditanya gmna prosesnya malah udah di closed masalah belom selesai tapi udah di tutup saldo ngak balik, pas saya telfon malah disuruh bikin laporan lagi udah dibikin tuh trus gmna dari pihak bca tuh kerja kaga sih apa cuma makan uang buta doang,bikin laporan cuma buat pajangan atau gmana? sekelas BCA bank besar wkwk",0,86,negative,customer_service,1,True
c1ac16bc-656e-44cc-92bd-f2e86b4c0694,1,2026-05-07 12:17:33,jelek,0,1,negative,,0,False
3c25db11-be29-48b7-a106-e7a57eea7332,1,2026-05-07 12:30:52,"eror lampu indikator merah terus ga ijo"", mau tf,qris,cek saldo gabisa",0,11,negative,"indicator_light_stuck,app_performance",2,True
6dd3c263-c82b-4cb8-8d12-7c3b002df4ca,5,2026-05-07 12:43:45,cara login ya gmana ya nmer hp ya sudah tidak aktif.,0,11,positive,,0,False
888fd7f3-f578-4fab-a9b9-e94e1803855c,1,2026-05-07 13:00:24,"mas/mbak nih tolong banget ya ngapa lama banget lampu indikator warna merahnya?? kalo kek gitu tandanya apa?? gua udh berkali2 matiin data, restart hape tetep aja merah?? kalo misalnya urgent gimana???",3,31,negative,"indicator_light_stuck,app_performance",2,True
1cedb602-81bc-4228-ad01-34ffa7802e70,1,2026-05-07 13:09:14,tiap mau pembayar pake qris loading mulu . ya ampunnnnn kesel karna ini sering BANGET.. jaringan koneksi pake data telkomsel bagus . hp udh di restar . apk d update tetep aja.,0,32,negative,,0,False
0bca0d90-2776-4d02-bb1c-2e2a25cf23ff,5,2026-05-07 13:20:45,"Sangat puas,senang,lancar jaya.",0,3,positive,,0,False
b22274d6-3365-48ee-8de6-2dfba9c82b3a,1,2026-05-07 13:37:03,kenapa sekarang selalu warna merah kotak kecil kanan pojok atas,0,10,negative,,0,False
bf7b2b61-1732-4da1-ae2f-4676a818718b,4,2026-05-07 14:39:22,knp buka dr telkomsel melambat ssh untk bertransaksi,0,8,positive,,0,False
93e081b6-6fad-44b7-b5a5-4e178d084ed5,3,2026-05-07 16:01:26,Butuh,0,1,neutral,,0,False
8d201e00-15f9-4394-9de4-1d49769bf569,5,2026-05-07 16:48:26,"terbaik lah pokoknya,,",0,3,positive,,0,False
8d0324e7-f9f5-40c2-b927-15c7f02417fb,5,2026-05-07 17:49:22,ok sangat membantu saya dalam kehidupan sehari-hari,0,7,positive,,0,False
10b5f694-502c-4471-9b22-a6fab339902e,5,2026-05-07 18:58:42,memudahkan dalem transaksi uang,0,4,positive,,0,False
d3677d2b-9dbc-4bfe-9850-69236bc451e2,2,2026-05-07 20:40:53,Ini aplikasi sekarang sering banget bikin malu ya Allah. bayar bensin di pom. Belanja di mini market pakai qris sering terhambat. Indikator warna merah mulu. Padahal signal kenceng. gak bisa di andalkan. Tolong diperbaiki🙏,2,34,negative,indicator_light_stuck,1,True
dbd61c1e-069b-43c6-abf0-f06b7b080fa7,5,2026-05-07 20:53:30,BCA Emang Debesssss,0,3,positive,,0,False
ef231bb9-5598-41b3-88bc-bfcc6a2cf95f,1,2026-05-07 20:58:26,"Semakin hari aplikasi ini bukannya semakin bagus malah tambah lemot, lampu indikator selalu merah pada saat mau transaksi pembayaran. Perlu segera ditingkatkan, masa kalah sama Bank sebelah...",2,27,negative,"indicator_light_stuck,app_performance",2,True
454a8620-7118-46f8-898c-44978516b204,1,2026-05-07 21:28:37,"qris tidak dapat digunakan, kamera untuk scan qrisnya malah gelap. udah sampe download ulang apk bca mobile ini, kudu registrasi lagi di atm, tapi gagal terus. alasannya menunggu sinyal hijau mulu. padahal biaya admin bulanannya cukup mahal.",5,37,negative,indicator_light_stuck,1,True
43df42ab-1279-4c50-9c2c-5003ab065234,1,2026-05-07 22:31:13,"sudah brapa x mau login BCA mobile gak bisa masukin no kartu tetap gak mau login kecewa sih sekelas BCA gini , pulsa pun ada tapi tetap gak mau login",0,30,negative,,0,False
1504d38c-7563-4df5-a23b-7bf642ebc4a8,2,2026-05-07 22:42:08,apa ini sinyal merah terus paket data banyak padahal,0,9,negative,indicator_light_stuck,1,True
239b65b4-acba-4665-9062-439a2626883f,1,2026-05-07 23:13:50,aplikasi gak jelas,0,3,negative,,0,False
428ca8eb-079f-4082-8654-7d9f7bdca965,3,2026-05-07 23:21:21,"Indikator sering bewarna merah, sangat susah sekali untuk transaksi",0,9,neutral,indicator_light_stuck,1,True
3b57ccbb-1428-481d-a0f6-80b75c03fb6e,2,2026-05-07 23:31:24,sering eror aplikasinya,0,3,negative,app_performance,1,True
fd9aae35-efba-4a97-8d4c-07406e908f45,1,2026-05-07 23:45:07,sinyal bagus tapi suka ngebag lemot susah .. tolong diperbaiki lagi jangan nyusahin orglain,0,14,negative,app_performance,1,True
d1bfb138-7fb8-499b-ae9c-b3f91c743b57,1,2026-05-07 23:59:55,transaksi gagal kenapa saldo tetap kepotong,0,6,negative,transaction_failed_balance_deducted,1,True
40d62dbc-547f-4adb-be9a-7dabf0e98563,1,2026-05-08 00:07:18,lampu indikator selalu merah. sinyal & koneksi internet padahal bagus.,0,10,negative,indicator_light_stuck,1,True
7ba8017b-47ff-4708-9314-3a0dac643db5,1,2026-05-08 00:07:37,"bikin susah tanda hijau biru merah ketika transaksi,",0,8,negative,,0,False
4f21d737-d4de-42c4-b0fa-865d3e7c475a,1,2026-05-08 00:08:22,transaksi gagal pakai QRIS tapi saldo kepotong ..gmn ini admin,0,10,negative,transaction_failed_balance_deducted,1,True
2202484b-f85e-4137-a414-12754269430f,1,2026-05-08 00:09:31,tf duitnya ilang tapi gamasuk ke yg di tf tolong dong mana ga sdikit,0,14,negative,,0,False
6313e37a-7f08-44af-ac71-5fa26fc26bcf,2,2026-05-08 00:16:16,"scan qris ke pedagang setelah masuk pin transaksi gagal kode 91, malah saldo saya jadi kepotong",0,16,negative,transaction_failed_balance_deducted,1,True
93b26484-b38e-46bb-916e-ada297e9edc0,1,2026-05-08 00:20:20,"QRIS SERING ERROR PUKI, SADAR GAK SIH?",0,7,negative,app_performance,1,True
0e04350c-3876-4fca-8946-3edeb47d643f,2,2026-05-08 00:21:56,transaksi 2 kali gagal cuman yang kembali cuma 1 kali yang kembali pusing dah kalau begini terus..,0,17,negative,,0,False
06f60dbf-827e-45ef-96ab-6d1f79707bc7,5,2026-05-08 00:22:59,semoga lebih baik BCA,0,4,positive,,0,False
d5aa3804-6beb-45db-beab-68525b75c4b4,1,2026-05-08 00:23:15,balikin saldo nya kalau transaksi qris gagal beberapa kali ini,0,10,negative,transaction_failed_balance_deducted,1,True
79e20212-74b4-4c16-8dbc-af3dbe4815aa,1,2026-05-08 00:31:11,"aplikasi nya suka eror Mulu,,harus nurut lampu indikatornya hadeuh,,mau ke hijau lama amat",0,13,negative,app_performance,1,True
49fb0f74-5052-4ffa-ba43-c62dd7174139,1,2026-05-08 00:31:55,tolong BCA KLO QR gagal saldo di kembalikan dong !!! transaksi saya 4x gagal tp 4x ke debit gmn ceritanya!!!,0,20,negative,,0,False
6f3d1239-a8a7-47b3-9972-e37b5b098042,1,2026-05-08 00:32:18,qris gagal saldo terpotong gimana ini ????,0,7,negative,transaction_failed_balance_deducted,1,True
32c8e3ed-44a8-41b2-86c9-49e6f3f3fc7e,1,2026-05-08 00:32:32,"Sistemnya tolol, bayar QRIS gagal tapi saldo tetap terpotong, bisa komplain ke bank tapi ngurusnya ribet dan butuh waktu lama hampir 1 bulan, seharusnya gagal ya gagal saja jgn saldonya tetap terpotong, masa mau urus uang cuma 50k butuh sebulan, ambil aja lah biar jadi dosa buat BCA",0,48,negative,"transaction_failed_balance_deducted,customer_service",2,True
3ee05a4f-61b6-4932-80f9-a3dda452c231,1,2026-05-08 00:41:38,error trus pembayaran gagal tetap berkurang saldo nya,0,8,negative,"transaction_failed_balance_deducted,app_performance",2,True
fc88e406-02aa-43a5-9e2f-e99dd1a19f9b,1,2026-05-08 00:57:59,"yg bener aja, bayar pake qr gagal tapi saldo kepotong? tolong lah perbaiki, udah nyaman banget pake bca malah kek gini",0,21,negative,transaction_failed_balance_deducted,1,True
a320739d-21b1-4dd3-8c41-96b56c8add55,1,2026-05-08 01:15:06,"29 April 2026 saya qris gagal tapi saldo terpotong, akhirnya saya pengaduan ke halo BCA disuruh tunggu 20 hari kerja. Hari ini 8 Mei 2026 terjadi hal yg sama, 3x gagal qris terpotong saldo 3x juga, lalu disuruh tunggu lagi 1x24 jam karena katanya Qris sedang maintenance, tapi di aplikasi BCA nya tetap bisa digunakan. Ini benar2 curang. Terlebih lagi selalu hilang saldo tapi di mutasi rekening tidak ada. BCA tidak profesional, tolong pertanggung jawabannya!!!!",0,75,negative,"transaction_failed_balance_deducted,maintenance_downtime,customer_service",3,True
c61d6d6a-140a-4378-8d47-a44c452196dd,3,2026-05-08 01:28:16,"Customer servise bca mobile sangat membantu ya. sebaiknya gausah ada customer servise sekalian ya. gaada jalan keluar apapun, respon lambat, SANGAT BAGUS RESPONNYA. saya mau transaksi qris, tulisannya pending, tp saldo saya udah kesedot 100rb. udah 2 kali kejadian, berarti total udah 200rb UANG SAYA HILANG CUMA CUMA DI APLIKASI INI ! komplain juga ga ngebantu apa apa! UANG SAYA GA BALIK.",0,62,neutral,customer_service,1,True
efe49a38-e586-4c2f-884f-ff2e2b9718e7,3,2026-05-08 04:49:51,ini gimana si sering banget gangguan bikin jengkel mau transaksi aja ga bisa,0,13,neutral,app_performance,1,True
7df74d02-9fd6-4ec7-97da-0208111ce3e0,5,2026-05-08 05:03:27,sangat membantu,0,2,positive,,0,False
9f0f6748-95f7-4f27-9788-e3d78762fc19,5,2026-05-08 05:04:32,mempermudah transaksi tanpa ribet ke ATM dan kantor BCA,0,9,positive,,0,False
80b89838-b6fb-422f-a4ad-615f42b4cb8d,5,2026-05-08 09:25:06,good aplication,0,2,positive,,0,False
1d34dbc3-ba36-4f6b-968c-eda7c0acd64f,5,2026-05-08 09:40:18,layanan capat,0,2,positive,,0,False
1ec63e8a-59a5-4299-aa3b-bc66fb34e11d,4,2026-05-08 09:46:29,jos,0,1,positive,,0,False
94360740-5d08-4286-b6f6-2859f8a2cb9c,1,2026-05-08 11:21:20,"lemottttt mau bayar qris aja muter mulu, giliran bisa di scan gagal sampe antrian panjang.. pindah ke mandiri aja dah",0,20,negative,transaction_failed_balance_deducted,1,True
263224f4-f270-42a3-8922-1776f0e0fea4,2,2026-05-08 12:10:42,punya saya kok belum ada informasi nih udah lama nungguin belum ada notif² masih nunggu proses mau sampai kapan nih nunggunya cuman di masalah vcnya aja gak di respon² sampai sekarang,0,31,negative,,0,False
c6d99bab-ca52-4049-b013-ba5730028bce,2,2026-05-08 12:12:45,"kenapa ya tiba2 aplikasi saya ada notif insert sim card,padahal hp saya baik2 saja, ga pernah copot2 simcard atau ganti2 hp.",0,21,negative,,0,False
2f3ee26f-7f2d-4794-86a3-41eea11f3be1,5,2026-05-08 14:38:35,good BCA selalu di hati,0,5,positive,,0,False
28ebff0a-2f58-40fe-b159-97b5e205012a,1,2026-05-08 18:45:14,"sangat susah untuk dihubungi, pelayanan sangat kurang bagus, pulsa sampai habis banyak masih belum bisa terhubung",0,16,negative,,0,False
bffbc460-db05-4193-9772-8083187ee6c5,1,2026-05-08 19:03:03,merah terus sinyal bagus juga,0,5,negative,indicator_light_stuck,1,True
6ec4087a-917d-446b-8324-36a22d443a20,1,2026-05-08 19:59:17,"setelah pembikinan BCA MOBILE selesai dan tinggal masukan kode OTP, Namun kode OTP tidak nongol² dan tidak muncul notifnya. engga seperti sebelumnya langsung muncul notifikasi KODE OTP. TOLONG PIHAK BCA ATENSI NYA UNTUK PERMASALAHAN KODE OTP",0,36,negative,login_otp_access,1,True
43b91b43-334b-4716-8acd-8c5f50617784,4,2026-05-08 21:41:47,Saya bingung dengan mesin ATM versi baru.kalo pake card ATM tabunganku sudah versi chip selalu tidak bisa di proses bla bla bla.tapi pake mesin ATM versi lama bisa langsung di proses 🗿🗿 aneh seolah olah tidak menerima kartu JENIS ATM tabunganku hanya menerima kartu lain 🗿🗿 soal saya punya satu lagi card ATM gpn biru bisa di proses oleh mesin ATM versi baru 🗿🗿🗿 sedikit aneh,0,66,positive,,0,False
f04ce8e1-40f2-421d-97cc-d99fd5bf8b7d,4,2026-05-08 21:51:24,mohon jelas kan mengapa card ATM jenis TABUNGANKU selalu tidak bisa di proses oleh mesin ATM versi baru sedang kan mesin ATM versi lama bisa di proses? apakah mesin ATM versi baru tidak menerima JENIS CARD ATM TABUNGANKU? mohon penjelasan nya ?,0,42,positive,,0,False
f71514c4-e65b-42fc-b5fb-0093632ad7e0,5,2026-05-08 21:59:09,pelayanan yg bagus,0,3,positive,,0,False
c29dc0eb-0349-4540-bab5-a4d7767b7ebc,5,2026-05-09 00:42:15,aplikasi jet super no ribet no belit2,0,7,positive,,0,False
b5de1ce6-1c79-4404-973e-3a4a003144b3,2,2026-05-09 02:08:38,kebiasaan error mulu hadeh,0,4,negative,app_performance,1,True
a006b23d-7b31-4889-902e-ee07900e9f4a,1,2026-05-09 03:39:58,"sering stuk, sinyal kuat, pas mau dipake merah mulu. PAYAH.",0,10,negative,indicator_light_stuck,1,True
e4b4ed27-b57e-45de-9098-7e96f0077c2b,1,2026-05-09 04:43:15,Kok ngga bs di aktifkan ya....,0,6,negative,,0,False
f7b5a6b3-dc91-4690-beff-77d58e828798,5,2026-05-09 06:50:53,aplikasi yg sangat membantu dlm transaksi keseharian,0,7,positive,,0,False
cddbce2c-b0c8-4b9c-8c53-741a8d435e26,1,2026-05-09 09:27:17,Sering ga bisa masuk,0,4,negative,login_otp_access,1,True
3e424ebb-59e1-411c-9bd0-be1a51a6c70a,5,2026-05-09 10:38:37,bagus aplnya,0,2,positive,,0,False
2871bc46-b3af-474b-9fd8-0e46c2621dce,1,2026-05-09 12:34:23,bca suka ada potongan ghaib. kenapa bertransaksi atau tidak bertransaksi di BCA terkadang ada potongan ghaib. kalo emang ada potongan selain potongan bulanan mohon dirincikan. saat cek mutasi rekening tidak ada rincian potongan ghaib tersebut. saya harap BCA selalu jujur dan transparan terhadap nasabah.,0,44,negative,,0,False
ab5a004b-8676-4d7a-9477-76808138de9c,1,2026-05-09 12:51:29,Kenapa customer nya susah dihubungi untuk menelpon video cal.aplikasi kadang keluar sendiri.,0,12,negative,"app_performance,customer_service",2,True
5076f86b-cacd-427f-a950-a63acc6c2faa,1,2026-05-09 13:26:55,dengan ada nya nominal transfer 1 bukan membantu malah banyak terjadi penipuan,0,12,negative,,0,False
98552f6d-e022-4575-ac8c-8ce1e9a40d99,5,2026-05-09 15:04:29,ok makasih,0,2,positive,,0,False
0d04d17f-feb4-4446-821c-03e272e51830,1,2026-05-09 19:48:25,"lemot ,aplikasi beta ,ribet mau kirim sms udh pake pulsa gede lelet pula sampah bgt , makin parah , mau tf harus ijo apa bgt ,mana susah bgt dapet ijo",0,30,negative,app_performance,1,True
5e73beed-b104-43f9-8ecc-c4c0d1883033,5,2026-05-09 19:55:32,"sering banget aktivasi ulang, padahal nggak ganti kartu atau pake kartu 2. ngabisin pulsa aja, setiap ada yg tf harus aktivasi ulang mulu. minta tolong diperbaiki lagi dong",0,28,positive,,0,False
2ac293e6-090b-4733-8f30-e58286bfe808,5,2026-05-10 01:21:12,sangat bagus,0,2,positive,,0,False
95c10992-daf3-4920-be4c-046685618ef6,5,2026-05-10 03:55:28,terbaik,0,1,positive,,0,False
477b502a-3798-4978-a686-b53545602ad2,1,2026-05-10 03:57:05,ini apk makin lama makin aneh.... jaringan 5g ketika qris atau transaksi yg tadinya warna sinyal hijau tbtb jadi biru! padahal jaringan saya 5g... bayar pake banking mobile yg lain saya aman2 aja ini sudah kesekian kali nya,3,38,negative,indicator_light_stuck,1,True
4f7ea6db-9007-4f96-b938-91def1964e14,5,2026-05-10 05:45:34,layananya bagus. mesin ATM ada diberbagai tempat,0,7,positive,,0,False
95d58b9b-a5f2-48da-b831-b6311fa4bcef,5,2026-05-10 06:39:38,mempermudah transaksi,0,2,positive,,0,False
27ced7d4-baab-4224-beb0-3693467dc2ea,1,2026-05-10 08:01:11,transfer berhasil tp saldo tidak masuk ke penerima gmn nih solusinya?,0,11,negative,,0,False
f6d057e3-0b8d-4da4-8631-0170285a48ae,3,2026-05-10 08:57:02,min kok saya buat rekening BCA malah kirim verikasi SMSnya gk bisa?,0,12,neutral,,0,False
f0d6eee6-14b1-4aa7-9f34-57e9136d0081,5,2026-05-10 09:32:45,tiba tiba saja kartu tidak terbaca. jadii gak bisa login.,0,10,positive,login_otp_access,1,True
bad32e09-50e8-40a6-9a6e-7402e6b0357c,5,2026-05-10 09:36:44,mantap,0,1,positive,,0,False
293a1bb8-121f-4008-bab8-69862aca9a1b,1,2026-05-10 09:58:31,"Sering banget jelek di di respon jaringan aplikasi ini. Jaringan HP udah 5G, sinyal OK. Bahkan buka YouTube dll lancar, cuma aplikasi ini doang merah pas mau tarik tunai pake cardless. Sering banget",0,33,negative,,0,False
8ea6858e-f253-4402-8000-780c6c37b48e,5,2026-05-10 11:15:19,sangat simpel dan mudah diakses,0,5,positive,,0,False
4f8c0814-e710-4f5d-b326-a83ca65b54c9,2,2026-05-10 12:42:35,makin kesini makin gak jelas,0,5,negative,,0,False
e6e933fa-527b-42ce-80c2-c4cdd10f2509,5,2026-05-10 13:12:24,gak pernah macet jaringan bca,0,5,positive,,0,False
cf3c898b-4c74-4d88-9c50-d0bea4889823,1,2026-05-10 13:44:38,"m*yet lagi mau bayar malah indikator merah padahal internat aman semua, jam pagi bisa transaksi siang ini gak bisa. malu asli gak mikir apa hah antrian lagi panjang hah?",0,29,negative,indicator_light_stuck,1,True
f172bef6-7090-4785-a15a-24562403674d,5,2026-05-10 14:46:26,mantabsssss,0,1,positive,,0,False
2d55b335-84c6-4c17-bd56-84b4b3c91b41,4,2026-05-10 15:27:59,ada kendala di transfer QRIS (loading lama) mohon segera di perbaiki. terimakasih,0,12,positive,,0,False
b46ccbe1-e313-4b97-822f-5bda57533a44,1,2026-05-10 17:33:14,login di HP baru.. skrng mesti scan wajah.. ribet.. mending kalo langsung terdeteksi.. 1 jam utak atik scan gk kebaca terus.. setelah saya cukur kumis dan jenggot baru lah terdeteksi.. APK Rasis..,0,32,negative,,0,False
b1d04d14-c56a-430a-87f3-f57ec26d5cd9,1,2026-05-10 17:39:27,"woi jaringan merah terussssssss padahal pake wifi mana lagi buru2 lagi, payahhhhhhhhhhhhhh",0,12,negative,,0,False
fc6dd5ac-de58-4df8-b769-8ea82ca1c347,1,2026-05-10 17:49:00,keluarkan kartu hp sebentar saja dah susah betul login,0,9,negative,,0,False
3b6efdd0-51bf-471d-b81b-8699a0ca7cb8,1,2026-05-10 20:48:12,kenap pas login lampu merahnya lama Menyala tolong di perbaiki,0,10,negative,indicator_light_stuck,1,True
4c97f5ef-4214-4c6b-aef1-582003704efb,1,2026-05-11 06:33:45,"Setor tunai gagal,duit sudah masuk mesin ATM, duitnya gak di balikin parah banget ini BCA",0,15,negative,,0,False
9a27d762-4ee5-4eb2-88ff-f2e3657b8414,5,2026-05-11 08:45:23,bagus,0,1,positive,,0,False
4c9d1e0f-c0b8-4378-afd3-146ca89c85c2,5,2026-05-11 10:09:49,sangat memuaskan,0,2,positive,,0,False
9dbbe01f-764b-43f0-a546-7df98405b61f,5,2026-05-11 11:00:21,baik,0,1,positive,,0,False
90219ae9-145e-4d1e-9209-9b18347705e9,1,2026-05-11 11:24:45,"makin kesini makin makin.. indikator merah mulu tiap login hadehh, di update udah.. aneh, kaya ganiat. gaya gayaan doang.",0,19,negative,indicator_light_stuck,1,True
c8d4228b-2cfd-4d72-bc73-c6fe22ff65de,5,2026-05-11 11:30:54,mantaaap,0,1,positive,,0,False
210a7ca6-1efb-454f-bb36-b50ceaebc0cd,1,2026-05-11 12:37:35,kenapa bca saya di blokir padahal uang saya masih ada di situ saya tidak Terima,0,15,negative,,0,False
2e0971ca-5984-4680-ac75-b56afc737e2a,1,2026-05-11 12:40:47,"ini aplikasinya kenapa tidak bisa di buka, hari ini senin tanggal 11 mei 2026, pukul 12.30 wib? sudah berung kali tapi ga bisa di buka",0,25,negative,app_performance,1,True
6cbe5389-f75b-45bd-b0ee-0c7001f58b9c,5,2026-05-11 12:57:00,saldo rdn tidak sinkron dengan ipot,0,6,positive,,0,False
f88af1a4-07ab-4b4f-95ff-53f72d1eddf3,2,2026-05-11 13:09:59,mbankingku ke bobolan ilang 200k tolong BCA diperbaiki lagi,0,9,negative,,0,False
967a180a-1e16-4f53-bac7-b236bda9b5ca,5,2026-05-11 13:58:18,good besttt,0,2,positive,,0,False
072384c2-cd8e-43a9-8f0b-aac9f960e9d1,5,2026-05-11 14:55:33,Super mudah dan cepat By. BCA sih,2,7,positive,,0,False
4704da9a-71d4-4a5b-8088-52b48181f302,5,2026-05-11 16:27:09,jossss,0,1,positive,,0,False
ef50ce49-2366-405d-91e8-6c69b55cb639,3,2026-05-11 17:40:56,"bagus nyaman, tapi buka aplikasi harus lewat play store dulu untuk update yg sekarang. lewat beranda hp gabisa.. jadi gabisa cepet :) tolong diperbaiki ya! padahal versi hp saya sudah paling terbaru",1,32,neutral,device_compatibility,1,True
5c039a56-61a1-4a5c-aae3-5af53180b733,1,2026-05-11 18:24:42,nggak bisa di pakai .,0,5,negative,,0,False
9e41f23e-9103-4d54-be38-a1d9ecc0a261,1,2026-05-11 18:54:29,Mau instal pas konfirmasi balas SMS serasa ribet dan pulsaku dari 5000 tinggal 400an perak. Dasar si aku,0,18,negative,,0,False
19123566-9318-4d8b-849b-f78dc63ab618,1,2026-05-11 19:15:35,Akhir² ini BCA Mobile sering trouble padahal data ada malah pakai Wi-Fi IndiHome. Mengecewakan sekali...masih mending BRImo.,0,17,negative,app_performance,1,True
982978c0-88a6-4755-b84d-74973aac894c,5,2026-05-11 19:30:05,sapi 👍,0,2,positive,,0,False
f65357eb-97e8-4cf5-945b-5dbdb7921cdf,3,2026-05-11 19:37:13,bagus,0,1,neutral,,0,False
4299e9b2-d122-47e5-aa37-e26656eca08d,5,2026-05-11 20:17:20,cara mengaktifkan notifikasi gimana ya,0,5,positive,,0,False
450867b0-b0a1-46bb-973b-4026b75b7287,5,2026-05-11 20:23:54,Personill Bank BCA bgus Skali playananya ramah2 ....Smga sukses slalu dan maju....Hanupis ...trimakasih....🌟🌟🌟🌟🌟🤝,0,13,positive,,0,False
8d1f2464-1e4b-4c14-81f0-202e04484efb,5,2026-05-11 21:19:32,Good,0,1,positive,,0,False
bc6b9a35-1af0-4391-b19d-0181ff0bdcb3,5,2026-05-11 21:22:24,gmn lah ribet,0,3,positive,,0,False
4d433dcd-6a26-4c82-8db2-9b729361c0f3,5,2026-05-11 23:24:15,bagus,0,1,positive,,0,False
90b344ec-a942-4313-b4e3-2a9ae127b81c,5,2026-05-11 23:24:50,good job,0,2,positive,,0,False
ee95bd50-05e3-46d9-a3e3-ecfaa8a20d39,5,2026-05-12 02:28:34,sejauh ini bagus,0,3,positive,,0,False
4f79288a-2ed5-4ba9-a737-2d513ee27cd3,1,2026-05-12 04:07:55,"Cabang kcu kota bekasi, cs nya pada suka meremehkan dan kenapa maps tidak bisa di beri ulasan? Apakah ini suatu kemunduran bank bca? Tidak mau menerima kritik?",0,27,negative,customer_service,1,True
fbe96a34-0286-4ce1-a9ea-93db9b355085,5,2026-05-12 07:00:23,dengan ada nya m-banking BCA sangat membantu,0,7,positive,,0,False
eed24093-5cc6-4c7f-a58f-842a453b0d3c,5,2026-05-12 07:40:16,tidak bisa dibuka di HP xioami 6x,0,7,positive,app_performance,1,True
32e4559f-8d31-4278-b092-56befbe14f74,1,2026-05-12 09:25:12,ngelag,0,1,negative,,0,False
b4b0eaff-4355-43b7-907e-2361b95bfc03,1,2026-05-12 09:36:41,"transaksi qris gagal terus tapi saldo kepotong, gaada info kalo lagi gangguan. ini serius harus hubungi cs terus? berbayar lagi",0,20,negative,"transaction_failed_balance_deducted,customer_service",2,True
6f3f0b76-46a4-4bb9-ab89-3ff88ba4837a,1,2026-05-12 09:38:11,pembayaran qris transaksi gagal tapi saldo kepotong,0,7,negative,transaction_failed_balance_deducted,1,True
386caa69-f5f8-47f0-a2dd-fee6c098a073,5,2026-05-12 09:44:53,"transaksi via qris saya gagal , tapi saldo kepotong ini gmna ya , sampe 3x lagi .",0,17,positive,transaction_failed_balance_deducted,1,True
6518a5ea-852d-45ab-832e-8ab636058358,1,2026-05-12 09:47:07,maaf saya kasih bintang 1 di karenakan banyak eror nya. sampai2 dana saya hilang. karena lampu indikator cepet merah. tidak seperti dulu bca. semenjak versi baru bobrok.,0,27,negative,"indicator_light_stuck,app_performance",2,True
37541809-18bc-4cb2-a211-f3888db1f1b8,5,2026-05-12 09:48:39,"aplikasi keuangan Ter aman,terpercaya.",0,4,positive,,0,False
25bc9831-00f4-418e-9024-e5291cef1772,1,2026-05-12 09:51:13,"sudah kesekian kali saldo Qris terpotong tp gagal transaksi, tolong dong BCA saldo saya sebelum nya sudah laporan ke bagian cust service halo BCA saja blom terproses ini sudah bermasalah lagi",0,31,negative,"transaction_failed_balance_deducted,customer_service",2,True
0e397a0b-57ce-4dc6-b9f8-9b1abdd35639,1,2026-05-12 10:05:52,"tolong di perbaiki lagi apk nya , kalo buat TF suka sending .",0,13,negative,,0,False
5f965090-0837-4782-8741-3303ef2888b5,1,2026-05-12 10:13:22,"setiap transaksi qris gagal tetapi saldo tetap terpotong,tolong perbaiki ini karna ini sangat merugikan bagi pengguna",0,16,negative,transaction_failed_balance_deducted,1,True
62404e18-2e0e-42ff-8dcc-d5ebc6a68d0c,1,2026-05-12 11:07:48,transaksi qris sering eror dana terpotong. pembayaran gagal klaim dana ribet.,0,11,negative,transaction_failed_balance_deducted,1,True
2a5c710b-0e5c-49b1-9af5-a118df8bde65,2,2026-05-12 11:20:43,"tolong proses loginnya jangan terlalu di peribet, dan harus menggunakan pulsa, intiny si ribet di pulsa karna klo ke pepet gimana mau beli pulsa jika sedang dijalan dan mesti login bca, mana buat nerima kode otp juga mesti pake pulsa lagi. hadehh",0,42,negative,login_otp_access,1,True
031258ff-2a56-48e5-91e9-1176567a021d,1,2026-05-12 11:57:35,Mbangking sering kok sering trouble QRIS bbrapa kali bermasalah mulu gk cuma sekali loh bikin saya rugi kalo kek gini terus kapok pake bca mobile gk bermutu,0,27,negative,app_performance,1,True
f5b3792b-1ccc-4c27-b7b3-81eeb5a52f39,1,2026-05-12 12:06:41,tolong dong masalah login nya di benerin lagi,0,8,negative,,0,False
1b1dfe12-08d4-4a32-ab0e-d42d71a01630,5,2026-05-12 14:19:40,"serinf force close , kenapa ? giliran Qris selalu gagal , ada aja gebrakan nya",0,15,positive,"transaction_failed_balance_deducted,app_performance",2,True
c89e6b68-7905-4008-bad1-8b67ef7a54ab,5,2026-05-12 14:32:04,nice,0,1,positive,,0,False
d3bae526-8d2c-47ea-ae91-c0fedb7353e6,5,2026-05-12 15:53:11,sangat mudah,0,2,positive,,0,False
a66a53d8-429d-4a4b-af7d-b33a86ef62d9,5,2026-05-12 16:14:59,merah biru terus lampunya nggak hijau2... parah bca..,0,8,positive,,0,False
cf6873fb-2295-47f1-a025-043689b838b9,1,2026-05-12 17:41:52,lemot banget parahhhhhh m-banking paling banyak gangguan,0,7,negative,app_performance,1,True
ce4357ae-6c5b-458a-90ff-dfb601ca6dd0,5,2026-05-12 20:27:28,mantap bang BCA pelayanannya,0,4,positive,,0,False
6a930eb2-e38a-4c88-9f60-0cd039e57203,1,2026-05-12 20:53:38,"saldo hilang tiba tiba tanpa pemberitahuan,mohon kbalikan saldo saya",1,9,negative,unexplained_deduction,1,True
cff9654e-8d56-4c1c-8d46-03deb5e5f12f,1,2026-05-12 21:11:21,"kenapa gak bisa transaksi, silahkan ulangi lg nanti",0,8,negative,,0,False
eb3d4f9c-3d5d-40b7-8ee8-d541a7454545,5,2026-05-13 00:31:26,kok eror terus kalau malam,0,5,positive,app_performance,1,True
b71447e9-4579-4c04-91d9-7a25b7a3fb0d,1,2026-05-13 00:33:50,"indikator sering merah, padahal jaringan bagus, scroll sosmed juga lancar!",0,10,negative,indicator_light_stuck,1,True
b5769d0e-a016-4090-b6a4-133a549727b3,5,2026-05-13 01:24:37,"sangat membantu,the best",0,3,positive,,0,False
c8091cd9-0c31-4fe6-ad01-bcc7e5c94c7c,5,2026-05-13 01:27:18,"hp yg lama tolong agar bisa di buka kembali, soalnya stiap update hp lama versi nya gk bisa",0,18,positive,,0,False
d33076b8-d14d-40f0-9194-0c484dbcb5de,5,2026-05-13 01:45:26,mantap,0,1,positive,,0,False
fbc0bcac-43d9-4813-8006-a9a73b1b5bc6,5,2026-05-13 01:45:37,ok,0,1,positive,,0,False
b565ffe1-d728-43b5-9965-6113316b52b0,1,2026-05-13 01:47:07,sinyal untuk membuka aplikasi BCA mobile sangat sulit lampu indikator merah terus jika buka apk lain koneksi lancar ada apa dengan bca,0,22,negative,indicator_light_stuck,1,True
475d12f5-f613-4e77-a9b7-ae1f91cafb4a,1,2026-05-13 01:50:47,"Eror mulu setelah update, merah trs padahal jaringan bagus, jaringan bagus tpi gak bisa transaksi..udh coba di reststar ulang tetep aja gak bisa aplikasi sampah",4,25,negative,app_performance,1,True
a3d1015a-1470-4161-81a9-cb7fd370c822,1,2026-05-13 01:53:36,Akhir2 ini sering susah diakses,0,5,negative,app_performance,1,True
576de901-62a9-4cbe-a80a-a9cc48ba0dfa,1,2026-05-13 02:05:59,"WOOYY TOLONG DONG APLIKASI DI PERBAIKIN LAGI KESERINGAN LAMPU NYA MERAH MULU LAMA BANGET BUAT KE WARNA HIJAU , JADI KALO MAU BAYAR APA² JADI SUSAH DAN TERHAMBAT , GIMANA SI APLIKASI SERING BANGET BEGINI",0,35,negative,indicator_light_stuck,1,True
a061c8c3-a3cb-47fc-9969-da4fbaaac532,2,2026-05-13 02:11:57,minta tolong dong buat indikator perbaiki masa harus join wifi dulu selalu baru hijau giliran pake data merah terus,0,19,negative,indicator_light_stuck,1,True
9929a1d8-770a-4172-9d58-9b613c4c4f0b,1,2026-05-13 02:17:42,"terlalu sering merah, kacau, pdhl sinyal bagus, hdehh",0,8,negative,indicator_light_stuck,1,True
0f67f67a-5ff7-4ee2-b72d-f160abe61fbb,2,2026-05-13 02:30:41,"sumpah nih mbaking BCA makin kesini makin gak jelas !!! indikator lampu slalu merah Mulu ,,,padahal jaringan bagus GK ngerti lgi Ama ni apk",0,24,negative,indicator_light_stuck,1,True
c9b5d102-b980-423c-bc89-b7b22481226f,5,2026-05-13 03:17:17,oke,0,1,positive,,0,False
5aa48a0a-e5e6-486f-a599-52513b249b12,1,2026-05-13 03:19:36,ga bisa di downlod,0,4,negative,device_compatibility,1,True
762962cc-2c52-4dbc-ad5c-fc115587ed9e,5,2026-05-13 03:32:38,sangat bagus,0,2,positive,,0,False
7352cd4f-2f61-44fc-8b1a-2f8e1625aa0a,4,2026-05-13 03:40:48,sangat bermanfaat sekali,0,3,positive,,0,False
0bcc672a-dedc-46a5-b410-e5bfc8b804e0,5,2026-05-13 03:50:04,mantap,0,1,positive,,0,False
a64c0a74-5798-4c17-b533-a68aca993ba0,5,2026-05-13 03:52:22,ok,0,1,positive,,0,False
b42b2133-77df-4214-a09b-4fa85eb5fd97,5,2026-05-13 04:00:50,good job,0,2,positive,,0,False
be45fe0b-f27c-4e3c-a35f-78aa5adf387d,1,2026-05-13 04:01:16,Update terus &bkn untuk lbh baik,0,6,negative,,0,False
a16215ab-ca66-46ef-a790-1f6a7995f66e,1,2026-05-13 04:02:40,"""akun ini tidak kompatobel lagi dengan ponsel anda"" itu maksudnya gmn? minta update tp di playstore nongol notifikasi ini.",0,19,negative,,0,False
65f1dbc6-1363-44dd-a9f9-01ca5c847e08,5,2026-05-13 04:10:13,pelayanan bgus,0,2,positive,,0,False
94dae0e3-192d-4e7d-94c4-602e46ebcd33,1,2026-05-13 04:13:46,tidak bisa donwload apa karena email dan aplikasi masih nyangkut di mobile phone yg lama,0,15,negative,,0,False
8c92f4b4-4fee-45a0-8094-b67d4d94d870,5,2026-05-13 04:23:22,sangat membantu,0,2,positive,,0,False
199b581f-9905-460a-ae88-79505acec7f0,1,2026-05-13 04:28:18,Disuruh update tapi Aplikasi tidak kompatibel dengan hp anda.. selama ini ga pernah menyusahkan BCA teh sekarang meuni ribet. Ada apa dengan Kamu BCA... What's wrong with you.. jadi ga bisa dipake BCA Mobile nya. Masa kudu ganti HP ? Ga jelas ah.. kesel.. 😔🙄,0,45,negative,device_compatibility,1,True
077fba7d-5a63-4993-8138-1062cb160e7a,4,2026-05-13 04:43:34,"kenapa pas update hp saya jadi tidak kompatibel,, padahal hp saya versi 11, tolong di bantu min",0,17,positive,device_compatibility,1,True
e58505c0-5fd2-4636-a052-9c820a410142,4,2026-05-13 04:44:02,puas banget,0,2,positive,,0,False
b86cc6c2-ffa2-4c70-b6ba-37f6fce22264,5,2026-05-13 05:10:54,Selama ini bagus semua tidak ada kendala apapun,0,8,positive,,0,False
9541b1b8-a81d-48e6-b680-98fa9aaff197,5,2026-05-13 05:12:47,baik,0,1,positive,,0,False
62da405e-7bd5-4bdf-9b44-44780d1012a6,1,2026-05-13 05:14:36,"sdh 2 x mau TF gagal, tapi sld nya kepotong, gimana nih bang, pdhl biasanya lancar jaya",0,17,negative,,0,False
b933affc-f2e3-4578-a9e0-ceee7ce0ec25,5,2026-05-13 05:14:53,bagus. dah itu aja,0,4,positive,,0,False
c41dc8ce-ade7-4e91-b27a-4a79cabb57f4,1,2026-05-13 05:16:22,"Sebelumnya lancar saja. Terus suruh update. Saya update, tapi tidak bisa ada komentar ""aplikasi ini tidak kompatibel dengan perangkat anda"". Apaan ini? Tiba-tiba saya tiba bisa transaksi lagi?",0,28,negative,device_compatibility,1,True
df16800d-3464-4e78-98a2-6e9990c697f1,1,2026-05-13 05:16:41,bca dikit dikit update,0,4,negative,,0,False
51d7d032-06a1-4b78-9306-a5396f7328e2,5,2026-05-13 05:19:26,"Bagus sangat membantu dalam bertransaksi, terima kasih",0,7,positive,,0,False
8020d73f-780e-4a31-b4d9-9aeed70722fa,1,2026-05-13 05:21:08,koq ga bs dipergunakan m-bca dg alasan TDK di support padahal kemarin masih bisa,0,14,negative,,0,False
b01f49f8-f3ef-40dc-ac20-639c9b341051,5,2026-05-13 05:36:16,sangat baik dan praktis,0,4,positive,,0,False
aa54d982-231b-4634-bcd9-7c0cca550e07,5,2026-05-13 05:37:25,sangat cepat untuk meng afdet,0,5,positive,,0,False
2018f7ae-6aff-4fdb-b903-70be142e18bc,1,2026-05-13 05:42:36,"update terbaru,,tpi hp sudah tidak kompatible gimana min",4,8,negative,device_compatibility,1,True
a35bc0a8-0629-476d-b77a-d759237229d4,1,2026-05-13 05:42:44,"BCA Mobile nya minta Update tapi masa hp nya gak kompetible,saya udh update Android 11",0,15,negative,device_compatibility,1,True
3f3cc023-4ffe-49fc-93b9-b62f811e9644,5,2026-05-13 05:43:21,"HR ini tiba2 sya TDK bisa buka m banking,apakah sedang ad kendala?aplikasi TDK kompatable dgn perangkat,mkst ny gmn ya?",0,19,positive,,0,False
a72753ae-58db-4ea3-8dbe-a82a0140dc2c,1,2026-05-13 05:45:30,"gak jelas suruh update aplikasi, tapi gabisa si android parah bgttttt aku jadi gabisa pakai mbanking, biasa dehari hari transaksi pake mbanking, yaAllah gmna ini, pdhl ram 8 ini",0,29,negative,,0,False
acf1dba5-6331-445b-ad5f-0e75c7713d9c,1,2026-05-13 05:45:35,tiba2 bca mobile tidak bs diakses.. kek mana ini di play store pun gak ada gak bs didownload lagi.aduh kek mana. bca ini ya. perangkat anda tidak kompatibel dengan versi ini katanya. jadi mau gmn lagi versi nya di update pun gak bs gak ada lagi apk nya. gak ada penjelasan,0,51,negative,device_compatibility,1,True
aa8c90d2-be63-4083-97f9-9ef312d4eaf9,5,2026-05-13 05:47:35,ok utk transaksi apapun,0,4,positive,,0,False
1b3d15e2-0373-47cf-9d20-37bd83d29326,5,2026-05-13 05:48:47,lancas bngt transaksi nya,0,4,positive,,0,False
0216be7e-8916-4171-9c02-fa1c63d53210,5,2026-05-13 05:50:33,bagus,0,1,positive,,0,False
e2645be3-2651-41ed-a961-bc132af8e9ef,5,2026-05-13 05:54:34,sangat memudahkan transaksi nasabah. BCA kerrreeen....bravo BCA ❤️❤️,0,8,positive,,0,False
95166deb-adfe-4c16-96da-b8f1770886c3,5,2026-05-13 05:57:51,lebih mudah,0,2,positive,,0,False
8392b7cf-6306-492f-af8a-99486a3509de,5,2026-05-13 05:59:31,ok,0,1,positive,,0,False
b30d473b-c3e3-4103-9a19-1180beeec242,5,2026-05-13 06:00:07,sangat membantu sekali,0,3,positive,,0,False
6d184ed5-987c-4a05-85e4-8fc8a15da92b,1,2026-05-13 06:01:48,"tidak bisa dipaakai di hp saya, karena update sistem terbaru",0,10,negative,,0,False
979d5636-1286-4586-90e1-f1c0b7bd1404,5,2026-05-13 06:02:15,sangat lah memuas kn trimakasih bayak,0,6,positive,,0,False
7cb49e9d-1e60-420b-9686-d8addce2e0fe,5,2026-05-13 06:02:50,sangat baik,0,2,positive,,0,False
eabe044a-6c39-43a8-8c6d-dd13c771a281,5,2026-05-13 06:04:21,kenapa di perangkat Android saya tidak bisa di update,0,9,positive,device_compatibility,1,True
b016d40c-16f0-4790-afa8-cea4f710f889,5,2026-05-13 06:05:48,mantap,0,1,positive,,0,False
92845b51-8cae-4640-844c-cb189dd73aa9,5,2026-05-13 06:08:39,mantap is the best,0,4,positive,,0,False
7125e738-451c-413b-bc63-1655cc809562,5,2026-05-13 06:09:54,mntappl,0,1,positive,,0,False
a51bf065-8f8e-45c7-9478-240a453a7fee,5,2026-05-13 06:11:16,Bca,0,1,positive,,0,False
e227ad4d-3f12-4722-9a0d-1a0cc164fabc,5,2026-05-13 06:13:10,cara upgrade dimana kak,0,4,positive,,0,False
d4bc9464-0fe8-47dd-93e3-51e8f9ee3133,5,2026-05-13 06:14:41,sangat membantu sekali terima kasih atas pelayanan yg selalu updade sesuai dengan kebituhan cuatomer,0,14,positive,,0,False
411e996f-7e32-44f9-885b-2a59d63306e0,5,2026-05-13 06:15:55,baik,0,1,positive,,0,False
be549c57-d85c-4591-805f-abe2ae432454,5,2026-05-13 06:19:40,bagus dan cepat,0,3,positive,,0,False
ca6b2a9b-59f5-486b-b84f-fbaae4633bc4,5,2026-05-13 06:20:01,Good,0,1,positive,,0,False
5d76c6a6-0bce-4120-acf1-51c177e7f8d5,4,2026-05-13 06:27:53,mudah cepat aman ga ribet,0,5,positive,,0,False
aa53c9f5-a147-44ef-b4a1-61af3c23efb8,5,2026-05-13 06:29:30,oke,0,1,positive,,0,False
f3095c3b-e033-4846-accf-d7e6b6277218,4,2026-05-13 06:30:27,"bca mobile tidak bisa di buka ada catatan tidak kompatibel dgn perangkat anda ini gimana maksudnya, mohon petunjuk dan sarannya",0,20,positive,"app_performance,device_compatibility",2,True
281fcaa1-782a-448d-b5ec-02fc8cee2365,5,2026-05-13 06:33:09,tingkatan layanan yang baik dan profesional,0,6,positive,,0,False
c8cd4eb6-0c08-4e76-aa9e-dc90b7207086,5,2026-05-13 06:37:48,puas,0,1,positive,,0,False
28de5490-0326-4314-82fe-76e931bd2016,1,2026-05-13 06:38:08,mbangking saya tidak bisa di gunakan tlong di bantu kk,0,10,negative,,0,False
538edea9-a04c-4786-af04-9041c4d74325,2,2026-05-13 06:41:55,"tolong min dibantu agar aplikasi nya dapat digunakan dalam semua tipe android dibawah pembaruan tipe android 8.0 🙏🏻 karena untuk pemilik hp dengan rentang usia 40th keatas sangat jarang yang memiliki android tipe terbaru contohnya salah satu kenalan saya yg mengeluh begitupun dengan hp kerja yang saya gunakan saat ini, mohon solusinya, terimakasih",0,53,negative,,0,False
11c95fb3-4fff-4f7c-8bf8-a26e4621f58a,5,2026-05-13 06:43:41,Sangat Bagus,0,2,positive,,0,False
dd66872d-3fe6-445a-8820-bc3341ab8fa4,5,2026-05-13 06:45:33,transaksi mudah dan cepat,0,4,positive,,0,False
13ac171f-a40d-45db-93b6-006f4cf9bada,3,2026-05-13 06:46:13,kenapa di download tidak bisa ya? keterangannya perangkat saya tidak kompatibel dengan versi ini,0,14,neutral,device_compatibility,1,True
a2c79194-4c43-4cda-ac13-cd6ffbe5659f,5,2026-05-13 06:50:27,bagus,1,1,positive,,0,False
db3316bf-8fb8-4ba0-a361-d656982d0ce5,3,2026-05-13 06:51:02,"aplikasi tidak kompatibel dengan perangkat , saya penggunan bca mobile sudah 9 tahun kog sekarang begini jadi ga bisa update",0,20,neutral,device_compatibility,1,True
c4b2297d-9d97-4907-9f5e-4bcbfb76972c,5,2026-05-13 06:51:20,knp m banking sy dak bisa loging,0,7,positive,,0,False
c91ba066-63ce-457e-829b-7db5df48e7e4,5,2026-05-13 06:52:17,sangat baik,0,2,positive,,0,False
500ae7c3-6172-49b6-a4d7-3b7fdf9f9e40,5,2026-05-13 06:53:10,jos,0,1,positive,,0,False
c4bee56f-3113-48f5-af50-03dd38a18d47,5,2026-05-13 06:55:00,pelayanan bagus,0,2,positive,,0,False
f80bc21a-4bd2-43bc-93a3-f1f2069951ad,1,2026-05-13 06:55:21,Tidak bisa di up date aplikasi BCA Mobile,0,8,negative,,0,False
659690cf-c39e-46cf-8b8e-350cf844d4a5,5,2026-05-13 06:57:38,membantu dn melancarkan aktivitas sehari-hari,0,5,positive,,0,False
0be48238-4f5d-4dfc-88da-f2b71a044188,5,2026-05-13 06:59:01,perangkat sudah tidak konpatibel dengan versi terbaru. ada solusi lain kah selain ganti hp ?,0,15,positive,,0,False
8e7cb606-b006-4394-bb48-b7d830bd4fda,5,2026-05-13 07:04:39,"alhamdulilah sy merasa terbantu dgn baik,",0,6,positive,,0,False
51b9ecf6-be45-419e-929f-31e28a3c344e,5,2026-05-13 07:06:00,minim berapa versi android untuk bisa update BCA mobile Sekang.. punya saya Android versi 11 kok sudah tidak bisa di update.,0,21,positive,device_compatibility,1,True
7536401c-aac8-4524-bc1b-81056ccd1b67,4,2026-05-13 07:06:11,harus update terus,0,3,positive,,0,False
8735ee18-d659-47a9-b9c7-be8b3ac5d231,5,2026-05-13 07:07:24,SANGAT MEMBANTU TIDAK ADA MASALAH,0,5,positive,,0,False
1753822e-8cdb-4f87-b234-77c730812c64,1,2026-05-13 07:07:41,ini ko aplikasi gabisaa di install si di h,0,9,negative,,0,False
05712a87-29c1-4e39-b0e5-f752a7418d4b,5,2026-05-13 07:09:00,"pelayanan terbaik, dan aplikasinya cepat dan tidak pernah trobel",0,9,positive,,0,False
83cc6d6b-5b90-4ffa-bc96-029ed8036595,4,2026-05-13 07:10:34,versi terbaru Tidak kompatibel dgn perangkat saya.. mohon agar versi yg tdk kompatibel bisa menggunakan versi lama..,0,17,positive,device_compatibility,1,True
955d032b-c93b-473f-9841-382f86497dd6,5,2026-05-13 07:10:49,aman n lancar,0,3,positive,,0,False
17fe1ec1-1fd3-40de-b52f-93e39e8b4474,4,2026-05-13 07:12:07,cara meng updatenya gi mana?,0,5,positive,,0,False
8c51112b-a165-4570-9194-128209685676,1,2026-05-13 07:14:28,aplikasi ilang gmn ya,0,4,negative,,0,False
59f53331-c3a3-4bed-bcd0-5973fcd44e95,5,2026-05-13 07:19:08,Bagus,0,1,positive,,0,False
2b9d9161-0514-4b67-a26e-79ba0971d2d3,3,2026-05-13 07:21:14,"buka apk ga bisa, minta di update, pas di update ga bisa karna tidak kompatibel dengan hp, dipindah ke hp yang lain pun ga bisa harus ke cabang terdekat, sedangkan ke cabang terdekat butuh waktu 3jam karna jauh. ini gimana?",1,40,neutral,"customer_service,device_compatibility",2,True
a2406585-17ff-41b7-83e6-65bc5b181db7,5,2026-05-13 07:22:03,baik,0,1,positive,,0,False
305f8712-29e8-4aca-bedd-a9adc5739697,5,2026-05-13 07:27:00,sangat membatu dan efisien,0,4,positive,,0,False
83f54038-ae2f-49e8-8a16-dd9ff711eca6,2,2026-05-13 07:27:09,hp murah tidak bisa download persi terbaru bca,0,8,negative,device_compatibility,1,True
1e86e836-930c-4fd6-8d41-fa736a354a75,5,2026-05-13 07:27:18,sangat baik,0,2,positive,,0,False
012844cd-a1a2-490c-b176-a86f617d8338,3,2026-05-13 07:27:25,"hmm, diminta untuk update tapi malah jadi tidak kompatibel dengan perangkat, dan sekarang malah gak bisa dipake jadinya, gimana ini ya?",0,21,neutral,device_compatibility,1,True
08508a06-ddcb-4273-96bf-23c68aebc56d,2,2026-05-13 07:28:32,"aplikasi lemot, padahal sinyal bagus buka apk lain aman saja, pas login indikator merah, berubah hijau nya lama banget, padah mau buru2 bayar, masa iya tiap mau bayar d syruh restart hp ny???",4,33,negative,"indicator_light_stuck,app_performance",2,True
41ead6fb-7b82-4773-9861-9a76f4cc0b61,2,2026-05-13 07:29:29,"kiranya dapat perhatian, dua Bulan terakhir Mobile Banking nya SANGAT BURUK, LELET transaksi mau QRIS aja menunggu sangat lama dari merah ke biru, dan anehnya mobile banking bank lain ga ada kendala sinyal, begitu terus dsh dua bulan ini. dari Buka Aplikasi langsung Sinyal Merah menjadi Hijau lebih dari 30 Detik. ini di Jakarta di area Terbuka yg sinyal internet bagus, Ga ngaruh sama aja.",4,65,negative,indicator_light_stuck,1,True
e62aa636-4c6e-488e-9b9a-aa962d5336e0,5,2026-05-13 07:30:07,baik,0,1,positive,,0,False
d26b1d69-0382-48a4-ac23-2ca2bba464e3,5,2026-05-13 07:31:39,good,0,1,positive,,0,False
6f6cec90-d2d8-48cc-a6df-a107f2254eb4,5,2026-05-13 07:35:46,ok,0,1,positive,,0,False
3c4bd0e2-41d3-4a96-a5e9-efe80714d660,5,2026-05-13 07:37:11,"App Banking tercepat, tersimple, the best 👍👍",0,7,positive,,0,False
20624fea-f1e4-4736-903f-c289f841019c,4,2026-05-13 07:40:16,"kenapa di hp tecno spark go 2, tidak bisa melakukan update terbaru, dan akhirnya tidak bisa bertransaksi, mohon developer",0,19,positive,,0,False
c934f35d-f674-4371-ac73-d9d87d843a03,5,2026-05-13 07:41:22,pulihkan bca,0,2,positive,,0,False
b1cef00b-40a0-4ede-92ba-fc217957af24,5,2026-05-13 07:41:51,lebih mudah bertransaksi,0,3,positive,,0,False
e7ee5809-2ebc-429d-821a-2af0eefef615,5,2026-05-13 07:42:14,is the best,0,3,positive,,0,False
5872a5ca-bb34-4397-9818-46ad370005d4,5,2026-05-13 07:43:01,ok,0,1,positive,,0,False
178390b1-dcbf-4a1b-a8d8-2ee6e50905f4,1,2026-05-13 07:43:33,lah tidak bisa di update,0,5,negative,device_compatibility,1,True
9c5fc2f3-b07e-4b48-afbd-1c22a08f5da9,5,2026-05-13 07:44:05,BCA is the best,0,4,positive,,0,False
3ef8010e-9af0-46f6-b665-f8fa1859ad0b,2,2026-05-13 07:46:10,tidak bisa bertransaksi diminta update tapi di play store tidak tersedia update nya,0,13,negative,,0,False
d4402885-e61c-4971-91e7-f5b928e5c6fd,2,2026-05-13 07:47:06,"aplikasi tidak kompatible dengan perangkat anda, aplikasi sudah tidak bisa dipakai, solusi nya bagaimana ? masa harus ganti hp",0,19,negative,device_compatibility,1,True
1a7629dc-f8a9-4bae-bd1a-8464fcd683a8,1,2026-05-13 07:47:23,"up date tidak konpitable dengan hp saya infinix hot 10s,gimana nih solusinya",0,12,negative,,0,False
97846a0e-e9d9-4ba0-b337-b9faa0838b76,5,2026-05-13 07:48:44,beravo,0,1,positive,,0,False
cb85ee98-6942-4411-b18d-eb83f6b24097,5,2026-05-13 07:49:36,good,0,1,positive,,0,False
50bb12fd-3a80-4393-b6ca-75e44f454ce5,5,2026-05-13 07:52:45,good,0,1,positive,,0,False
1aa3f532-faa2-48af-9732-8830c12c6ff8,5,2026-05-13 07:54:23,bagus,0,1,positive,,0,False
ba210e26-38d3-49bb-a491-9366169fc67a,3,2026-05-13 07:55:44,kenapa tidak bisa di install,0,5,neutral,,0,False
e50fb753-8e71-4668-86b2-5c208085793e,5,2026-05-13 07:56:56,top,0,1,positive,,0,False
5cc8e6d2-e41b-4d0b-b647-422fb626dd23,5,2026-05-13 07:58:57,Sangat bagus,0,2,positive,,0,False
dbfd7ac8-8c32-4c6c-be42-bc5bf7f0cc5d,5,2026-05-13 08:02:29,mantap,0,1,positive,,0,False
00f1c28c-f3f4-4950-b670-a302b540bde7,1,2026-05-13 08:02:58,kenapa suruh perbarui tapi susah prosesnya,0,6,negative,,0,False
3f1f2401-a113-49e9-8edc-10b3c5163824,5,2026-05-13 08:03:05,sangat mudah dalam berteransaksi,0,4,positive,,0,False
1b0aa215-b7f8-4c5d-8252-5590ed4fd9c4,5,2026-05-13 08:09:21,kenapa aplikasi ini tidak mendukung di prangkat saya uang saya masih ada di aplikadi ini🙏🙏,0,15,positive,,0,False
7b6e4629-4bf0-47b7-9442-dc454cb16497,5,2026-05-13 08:10:07,selama ini ok,0,3,positive,,0,False
d2ba22d2-103c-4212-9958-5c8758e6caae,5,2026-05-13 08:10:20,Top Markotop👍,0,2,positive,,0,False
3ae2f976-e9b0-4f93-b842-22b4c690f367,5,2026-05-13 08:11:08,"sering loadingnya lamaa, setelah saya hapus login ulang sekarang lancar. terimakasih",0,11,positive,,0,False
dfccbb87-880c-4b09-9d21-341fcf399294,5,2026-05-13 08:15:32,mqntap,0,1,positive,,0,False
26b421ea-8609-45a5-bbed-0d906b66e7ea,5,2026-05-13 08:15:32,sangat bagus,0,2,positive,,0,False
be92f088-0ba7-407c-96e2-60ff9bd36f06,3,2026-05-13 08:17:54,ada notif update .di update malah GK bisa cari di play store GK muncul mohon arahannya gimana supaya instal lagi..,0,20,neutral,,0,False
2dc044b3-a28c-4da1-a507-c7ce3282e160,1,2026-05-13 08:18:25,"biasa fine2 aja, tiba2 minta diupdate tp gak support perangkathp nya.. kemarin transaksi aman2 aja gk masalah !!!",0,18,negative,,0,False
6b9ad27a-dd3c-4444-8b00-a3faee90c801,5,2026-05-13 08:25:48,sangat membantu,0,2,positive,,0,False
2b149835-7d9d-4c03-9af3-560ee73d86cf,5,2026-05-13 08:27:25,"ini saya mau aupdate BCA mobil tidak bisa yach kenapa ket perangkat ini tidak pontable lagi padahal versi android saya 15,, gimana mengatasi nya !!!",0,25,positive,,0,False
7d869d54-4035-4878-a054-2ac311bb9edc,5,2026-05-13 08:28:24,tidak ribet,0,2,positive,,0,False
0bffc4d3-1a44-4130-bdea-97e245fdcc4a,5,2026-05-13 08:28:37,sangat membantu,0,2,positive,,0,False
31d73df1-a5c6-4bed-b862-92f416a1b3bf,4,2026-05-13 08:31:53,sejauh ini masih aman,0,4,positive,,0,False
b610f3de-7ae0-4ef3-9057-bf09f6100260,5,2026-05-13 08:32:53,BCA suka banyak gangguanya saya sudah verifikasi ulang tapi kenapa tetap aja m bangking nya gak bisa di buka?tolong bantu,0,20,positive,app_performance,1,True
e9c7d4c6-be5c-41dc-bbd6-8733ac590278,5,2026-05-13 08:35:16,"mengapa di perangkat hp saya tidak dapat lagi mengupdate bca mobile ini, ada tulisan ( apk ini tidak kompatibel lagi di perangkat anda, harap hubungi developer untuk info lebih lanjut )",0,31,positive,device_compatibility,1,True
c5440cf7-04c3-486b-869b-1baa53bdba09,3,2026-05-13 08:39:53,sagat bagus,0,2,neutral,,0,False
cf0d05e7-9df9-41ea-b0f6-3c71ee1502d8,3,2026-05-13 08:43:06,"setalah ada pembaharuan,kenapa jadi tidak mendukung perangkat tertentu ?",0,9,neutral,,0,False
4e03adcb-25bb-48c9-997b-50e274368794,5,2026-05-13 08:43:40,pelayanan sangat baik,0,3,positive,,0,False
2ec5e7e9-8e64-4071-b007-4498e33263ce,1,2026-05-13 08:45:00,kenapa tidak kompatibel padahal hp yg aku pake baru🥴,0,9,negative,device_compatibility,1,True
997f305a-e072-4b53-b9d4-7560d005a4f4,1,2026-05-13 08:46:44,bintang satu aja tiba tiba perangkat tidak kompatibel..padahal kemaren baik baik saja..mohon bantuannya,0,13,negative,device_compatibility,1,True
355ca7b5-3603-4510-912a-5efcbba3ba52,1,2026-05-13 08:48:00,bca mobile tidak bisa di update dengan alasan perangkat tidak kompatibel. sampek ganti hp sama aja. mohon di perbaiki lagi,0,20,negative,device_compatibility,1,True
269f66ba-3b6d-43b6-8786-aa7b5e29f843,5,2026-05-13 08:49:09,sangat baik memudahkan utk bertransaksi apa saja,0,7,positive,,0,False
1dd27ab9-f60b-4da6-8377-48e7f7be1c9c,5,2026-05-13 08:49:32,Sangat membantu dan mempermudah transaksi keuangan apapun kebutuhan kita sehari2 dalam pembayaran semoga BCA tetap AMANAH tetap menjadi BANK yg dapat dipercaya didalam dan luar negeri. SUKSES selalu buat BANK BCA 😎😎😎👍👍👍,0,32,positive,,0,False
f4dc2257-184e-4ab3-8bc2-debb3b8630de,5,2026-05-13 08:50:08,tidak bisa masuk ke mbking. padahal sudah di upgrade,0,9,positive,login_otp_access,1,True
5b1932c8-be12-4100-bc34-983dd2d6dc9d,5,2026-05-13 08:50:10,mudah nyaman cepat,0,3,positive,,0,False
f58aa6f7-f14c-4d9f-88d6-6ac818045ae0,1,2026-05-13 08:50:20,"masak iya versi android hp saya 14 ,tidak kompatibel saat di-update.",0,11,negative,device_compatibility,1,True
dbd394ba-4457-48b2-9a05-34382c7214f1,4,2026-05-13 08:52:05,data yg ada sering hilang jadi harus isi ulang,0,9,positive,,0,False
54e77664-d3b0-4705-bbea-244a4297c979,3,2026-05-13 08:52:12,android saya dah ketinggalan gak bisa update apk bagaimana solusinya sementara android tidak ada update nya,0,16,neutral,device_compatibility,1,True
47c598e6-98cd-4c44-af1f-6844f1f6ffca,5,2026-05-13 08:53:46,mempermudah transaksi,0,2,positive,,0,False
66570926-8583-4600-a18c-57e0dbaacc49,2,2026-05-13 08:54:20,aplikasi minta update padahal tdak bisa updatenya malah g bisa di aplikasiny,0,12,negative,,0,False
1c9391ce-440f-40f2-a331-07923bad0ce6,4,2026-05-13 08:54:48,saya ga bisa buka m banking di suruh update tp ga bisa update juga,0,14,positive,"app_performance,device_compatibility",2,True
be768e35-80ef-450c-bbe6-51b16522a9da,5,2026-05-13 08:55:56,kita kurang ngerti,0,3,positive,,0,False
720b6b57-60d8-4bde-adee-104549d985a6,1,2026-05-13 08:56:18,padahal versi hp 12 kenapa jadi ga kompetebel aneh,0,9,negative,device_compatibility,1,True
7b80c864-5b86-4f3b-8c98-16d922ce0a04,5,2026-05-13 08:56:31,sangat membantu l,0,3,positive,,0,False
dfc159ef-0bc7-4d45-8371-353fb793b032,3,2026-05-13 08:58:01,Di hp knapa sering tidak muncul knapa ya sistemnya,0,9,neutral,,0,False
30b4e1b8-dc6a-4f3e-b918-cd00b4d1f371,1,2026-05-13 08:58:35,"Disaat mau digunakan error, minta di suruh update tetapi tidak ada updatean pada PlayStore. debitur jadi dirugikan",0,17,negative,app_performance,1,True
e40245ef-fce9-4d00-9d68-ce9d68778ccd,1,2026-05-13 08:58:51,Ga bisa Di DOWNLOAD hadeh (prangkat anda tidak kompatibel dengan Versi ini)..? Android 16 terbaru ga bisa Di Download?,0,19,negative,device_compatibility,1,True
861e2dd1-f4c9-4178-a117-681bd551d41d,1,2026-05-13 08:59:34,tiba tiba gk bisa update dn aneh bngt di live chat minimal android 8 sedngkn hp sy android 13tpi gk bisa updaate dn hnya stuck gk bisa di gunakan sma skali ...mkin gk jlas BCA skrng bkin ribet,0,38,negative,,0,False
53651fde-36d9-44f8-b080-61b1ac2d1dac,5,2026-05-13 09:01:29,cepat mudah,0,2,positive,,0,False
2ec1ee87-1ecc-49a3-a6a7-7009eea49cc8,5,2026-05-13 09:02:57,Baik,0,1,positive,,0,False
c7b28b50-1a9e-48ec-89ed-9cf7dabe3df5,5,2026-05-13 09:04:00,"sangat memuaskan dan membantu,",0,4,positive,,0,False
b30d33de-b4a2-4335-a2de-a3497b9ca4cc,3,2026-05-13 09:06:16,kok saya ga bisa updateya karna tiba tiba ga bisa kepake BCA Mobile Saya pas mau dipake kenapa BCA Mobile tidak Kompatibel dengan hp saya,0,25,neutral,device_compatibility,1,True
bf70ff0e-b0a4-4160-9021-f832c044eab4,4,2026-05-13 09:06:58,kenapa sya tidak bisa login di apk ini lagi?,0,9,positive,login_otp_access,1,True
4fd183cb-b2a6-452d-a1a2-9f9e22dd424e,5,2026-05-13 09:07:25,sangat berguna dn bermanfaat,0,4,positive,,0,False
5855cfd6-2bf2-4ae5-a3bd-35de4fb6a9ec,5,2026-05-13 09:07:36,saya tidak bisa melihat saldo mesti sudah masuk .harus insatal ulang tapi tetap tak bisa tolong bantu,0,17,positive,,0,False
ce510b65-70cb-46ba-8811-46f85cc974ef,3,2026-05-13 09:10:50,"dipaksa apdate, tapi sekarang gk support di hp samsung J4, sangat mengecewakan",0,12,neutral,,0,False
faf048bf-4b0d-4022-a62c-f816bf5de8fe,2,2026-05-13 09:11:47,knp begini,0,2,negative,,0,False
cd8600f2-e79b-4f5b-8387-c4900902902a,5,2026-05-13 09:13:58,bagus,0,1,positive,,0,False
88dec536-57ce-4824-a044-c55cec24414e,5,2026-05-13 09:14:02,bagus memuaskan,0,2,positive,,0,False
8c9a30e4-add5-416d-9135-4e0c23e5c358,1,2026-05-13 09:14:22,"ga bisa di pake, ktanya ga mendukung di hp redmi",0,10,negative,,0,False
fb572dc2-d15b-4dcd-8360-234914502ac1,1,2026-05-13 09:14:35,gk bisa d update gk bisa dbuka,0,7,negative,,0,False
fedb3998-5cb3-47b2-964c-6c0526460fdc,1,2026-05-13 09:14:57,"Kenapa sih harus update2 jadi lila sangat kecewa sekali, tidak semua pengguna mbca menggunakan hp yang bagus..",0,17,negative,,0,False
15bb2b84-0293-4f3d-b8b6-d0559ccc1a5b,5,2026-05-13 09:16:24,ok,0,1,positive,,0,False
15a69b55-51e7-48db-a1d7-720c93cdd270,5,2026-05-13 09:17:03,kenapa ya. saya dowload pke hp infinix hot60 pro gak bisa katanya hp gak kompatible,0,15,positive,device_compatibility,1,True
ab9dc037-882b-4d7b-b8ed-909df69cdcfb,5,2026-05-13 09:20:00,ini kenapa ya kok aplikasi ga bisa di update di perangkat handphone aq ya.di playstore ada tulisan perangkat anda tidak kompetable buat update apliksi.,0,24,positive,device_compatibility,1,True
c265cad7-6f4a-46bb-bd1a-d9f120c8fd6c,5,2026-05-13 09:20:11,susah di intal knp ya,0,5,positive,,0,False
1285c9a8-29a8-422f-b6ef-534b8abe7ab4,5,2026-05-13 09:21:33,ok,0,1,positive,,0,False
65cf8bfd-6849-4f72-b8fc-9b360a7275ce,5,2026-05-13 09:23:01,bagus,0,1,positive,,0,False
ddeff708-1e3f-440e-8045-d570cc9c47ff,5,2026-05-13 09:23:10,mantap setelah update saldo saya bertambah...,0,6,positive,,0,False
66f63984-6dcb-408c-bda0-99b0b583ca98,4,2026-05-13 09:26:14,"saya baru reset hape, ketika mau install aplikasi ini, ternyata sudah tidak kompatibel... bisa bantu solusinya",0,16,positive,device_compatibility,1,True
7d4c9a6c-6867-4124-b498-b4f94370c990,1,2026-05-13 09:26:16,kenapa setelah update malah tidak kompatible dgn perangkat saya.. ini solusinya gimana,0,12,negative,device_compatibility,1,True
de56b520-094a-487c-85de-7daeaf26fcbc,5,2026-05-13 09:27:09,bagus sekali,0,2,positive,,0,False
f32425ba-5179-4314-8048-7c88cc3e74ec,1,2026-05-13 09:27:11,"kenapa tbtb hp sy tdk kompatible dgn apk ini? pdhl secara spek harusnya bisa, bahkan juga sudah android 15",0,19,negative,device_compatibility,1,True
4b82159c-9d09-4162-82f0-eb6feaebc588,5,2026-05-13 09:28:45,lumayan bagus,0,2,positive,,0,False
adf55d10-74bc-4d92-91c7-fb56e319bfba,2,2026-05-13 09:32:56,Kenapa tiba² aplikasi tidak bisa di update ya katanya aplikasi tidak kompetable dengan hp,0,14,negative,device_compatibility,1,True
7cca1619-ce1b-4e58-9c87-ba7dc1bcdc90,5,2026-05-13 09:33:05,baik dan benar,0,3,positive,,0,False
db48b8ec-27ac-4e47-a987-e7dce61b3d99,5,2026-05-13 09:34:34,mudah aman,0,2,positive,,0,False
a9ce43ff-2ca7-4e15-a69c-24efa8f1b832,2,2026-05-13 09:36:06,"disuruh update pas buka bca, tp malah gabisa update pas di sini",0,12,negative,,0,False
71e53588-5fee-46de-952b-9c65ada0e4f5,1,2026-05-13 09:36:38,knp prngkat ini tdk bisa di instal di hp ini min tolong jelaskan,0,13,negative,,0,False
a4c3cfcf-dc2a-4d19-82d8-4653604273f4,5,2026-05-13 09:36:53,"Aplikasi kog tiba"" kek gini",0,5,positive,,0,False
384f6987-9bcf-4053-8419-e13001615af9,5,2026-05-13 09:37:12,bank yg terbaik menurut saya di indonesia . transfaransinya dan IT nya the best ..,1,15,positive,,0,False
65a622a2-c685-4054-9841-8be8195022ed,1,2026-05-13 09:39:01,kok ga bisa di hape samsumg A12 kemarin masih bisa. update udah gabisa,0,13,negative,,0,False
a4e4836d-d4f6-4d8e-aede-8e8945639dd1,1,2026-05-13 09:40:36,ANEH BGT SIH BUKA BCA MOBILE DPT NOTIF DISURUH UPDATE OS TAPI PAS DI GOOGLE PLAY STORE GADA APPSNYA. TRUS GMN UPDATENYA??? MAU TRANSAKSI JD GA BISA GEGARA LOGOUT TERUS. BIKIN RIBET,0,32,negative,,0,False
61075128-60d0-4470-88d5-454c0045dabc,5,2026-05-13 09:41:33,sangat membantu,0,2,positive,,0,False
3a090aff-dd7d-443f-a614-ee50f932e299,5,2026-05-13 09:42:50,Sangat baik tapi saya memakai hp yg lama jadi nd bisa Upgret ke fitur baru....jadi gimana cara pindain ke hp yg 1nya ya????,0,23,positive,,0,False
a69d7d52-29ac-450a-bbda-8b40f7dc4103,1,2026-05-13 09:42:51,minta di update tp ga ada pilihan update nya tp apk nya tidak bisa di buka..apa saya harus ganti hp lagi gtu... nyusahin aja,0,24,negative,"app_performance,device_compatibility",2,True
e58d4374-c3c0-4983-b6a6-633a1243f26e,5,2026-05-13 09:44:46,bagus bnget,0,2,positive,,0,False
904eeca2-e866-4a32-8de7-21b4789bd597,5,2026-05-13 09:46:51,kenapa saya tidak bisa membuka mobile banking bca sy?,0,9,positive,,0,False
75cb523e-3712-43c6-b3f3-44af7ee2b187,1,2026-05-13 09:48:55,kenapa aplikasi ini sudah tidak kompatibel (tak bisa lagi digunakan) di hp android 10 saya...????,0,15,negative,device_compatibility,1,True
50b31e22-2b4b-48a7-969a-bc9a7ce62359,1,2026-05-13 09:50:08,aplikasi jelek kode otp nya gak bisa muncul udah berapa kali 20 kali ada kirim ulang tapi gak muncul muncul,1,20,negative,login_otp_access,1,True
e95697f3-d76d-4868-bbe7-877da7961892,5,2026-05-13 09:51:56,baik,0,1,positive,,0,False
f32fad85-3fb5-4db0-b6c9-c5704df89443,5,2026-05-13 09:52:37,"sebenernya bgus bgt ,tapi ngk tau tiba - tiba aplikasi ngk bisa",0,12,positive,,0,False
14fe4209-410a-4eaf-8283-bb61a84f5f20,1,2026-05-13 09:52:45,kenapa tiba2 tidak kompatibel lagi diperangkat saya.padahal hp saya adroid versi 12..apakah sudah tidak support lagi,0,16,negative,device_compatibility,1,True
32f2ad96-2b75-43db-a294-1bc01c393ab2,5,2026-05-13 09:53:39,keren,0,1,positive,,0,False
e7725629-3fa0-4342-b5c4-2cef16df1272,4,2026-05-13 09:53:53,sangat bagus dan sll cepat buat transaksi apapun,0,8,positive,,0,False
fd6d531a-b7be-4d76-b8bb-8ac3371aea05,1,2026-05-13 09:56:31,"Vivo y21 saya tidak bisa pakai mbanking bca, gakompatiblel lagi katanya, masa saya harus ganti dan beli hp baru hanya untuk pakai mbanking bca",0,24,negative,device_compatibility,1,True
90cffaca-3814-46da-8f41-a97a9fcaebc1,5,2026-05-13 09:57:07,Alhamdulillah memudahkan transaksi dan urusan keuangan sehari-hari,0,7,positive,,0,False
3e182938-d412-4238-9f87-5407098a22ef,2,2026-05-13 09:57:49,ada apa dgn bca mobile...... ga bs d update dan mbengking pun ga bs d buka,0,16,negative,,0,False
f0651cbf-1c72-436c-88cf-7bc357b94695,1,2026-05-13 09:58:37,untuk masuk ulng ribet bngt astaghfirulloh harusnya cukup update gk usah hrs ganti apk njir,0,15,negative,,0,False
8120fe7c-8c17-4a28-9ec8-8584e6e9662b,1,2026-05-13 10:03:05,"aplikasi tidak bisa di akses karna minta update, tapi saat mau update tidak bisa. keterangan nya tidak kompatibel lagi. ada apalagi ini dengan BCA mobile...",0,25,negative,device_compatibility,1,True
63fe4171-10f1-4ceb-8402-43aeec9a6ca1,5,2026-05-13 10:03:28,BCA mobile sangat membantu,0,4,positive,,0,False
85154f4d-11db-463d-b93a-7a0ee8c81426,2,2026-05-13 10:03:42,"Saya tidak bisa mengakses BCA mobile lagi, bagaimana ?",0,9,negative,,0,False
e61be726-bd96-492e-a0e5-dbf0a7bcd2cc,5,2026-05-13 10:04:47,layanan paling praktis & cepat,0,5,positive,,0,False
7c1619b9-cfea-4c58-913a-0c8ff1624cca,5,2026-05-13 10:07:09,memuaskan,0,1,positive,,0,False
574b6b77-9464-4a35-a5ff-6c7219cf2ff8,3,2026-05-13 10:07:29,ini gimana disuruh update aplikasi. tpi pas di klik hanya ada unistal dan buka. pas di buka balik lagi dsuruh update. solusinya kaka.,0,23,neutral,,0,False
45310f2f-fa8c-42ec-ba70-c5d63bb418d5,5,2026-05-13 10:08:38,sangat baik,0,2,positive,,0,False
28b72fec-a0d8-4009-ad39-cd8591cfcbb5,5,2026-05-13 10:09:29,bagus,0,1,positive,,0,False
14e7bb90-d6ba-4c79-9f38-2ea019d29b6b,5,2026-05-13 10:12:16,baik,0,1,positive,,0,False
0ffcef26-8b24-400b-8fb6-eec6dc2c7342,1,2026-05-13 10:15:35,kenapa saya tidak dapan menggunakanny LG sdngkan saya butuh bngt 😭 knpa di hp saya GK bisa di gunakan?,0,19,negative,,0,False
eede10c1-0216-4163-bbce-20ed6cda822d,3,2026-05-13 10:20:00,"mungkin aplikasi ini gak sengaja kehapus. dan saya coba mau unduh lagi, kenapa tiba² hp saya tidak bisa unduh aplikasi ini. kenapa ya kira².",0,24,neutral,,0,False
91432212-9192-420e-a807-d1f158d6b0c8,5,2026-05-13 10:24:59,sangat baik,1,2,positive,,0,False
ecaf438b-09de-4579-875e-9bc260937b74,2,2026-05-13 10:27:56,ga bisa update ke perangkat,0,5,negative,device_compatibility,1,True
f9c9c4b8-8a20-416e-bb6b-3ed7532e0535,5,2026-05-13 10:30:24,bagus sangat membantu,0,3,positive,,0,False
19b3b0c6-821b-4a1d-ac88-32f42b0653e5,1,2026-05-13 10:31:24,"aneh,, kok bisa tidak kompatibel di perangkat saya .. padahal saya nasabah BCA loh",0,14,negative,device_compatibility,1,True
2b185c18-96f8-4c47-819f-3edb73eaeadb,5,2026-05-13 10:34:25,semakin jaya...,0,2,positive,,0,False
4e8a4096-ebc4-4464-bd09-0601c9b3ffdb,1,2026-05-13 10:48:07,bener² parah ini app kirain karena hp Uda jadul g bisa buat download ternyata diganti hp keluaran terbaru juga g bisa download selalu ada pemberitahuan pengakat tidak kompatibel dapet balasan email pastikan jaringan bagus padahal sudah diganti pake Wi-Fi lalu provider tetep g bisa,1,44,negative,device_compatibility,1,True
ad104fa7-6735-4dfe-a243-e77a3e991d90,3,2026-05-13 10:55:57,"sdh tdk compotible di hp oppo a3x padahal versi androidnya sdh 14 sementara minimalnya versi android 8,",1,17,neutral,,0,False
872b92c7-3ee7-41b5-a132-b5b281feb4b9,1,2026-05-13 11:15:37,semanjak diupdate kek cacat mbanking gak semua hp bisa dapet app nya -5 bintang,1,14,negative,,0,False
5837d3a4-95e1-4110-94d5-e8371aaffeae,5,2026-05-13 11:39:06,kenapa ga bisa di instal lg ya.?,0,7,positive,,0,False
c9bcfbef-8ee2-4386-bebe-5cddae37c6db,1,2026-05-13 11:46:48,abis doload masa gua udh menyetujui ceklis biru yg atas trs lanjut ke 2 yg bawahnya eh yg atasnya malah apus tolong d perbaiki,0,24,negative,,0,False
bb44bb0d-3645-47ee-806a-48e3867dc600,1,2026-05-13 11:54:09,"mau tanya ke server BCA / developer untuk perangkat samsung GALAXY A05S dan GALAXY A06, di pembaruan yang 12.05.2026 (versi sistem terbaru) kenapa 2 hp tersebut malah sudah tidak kompatible / tidak dukung lagi ? padahal sistem hp itu android 15 😏... ada yang salah dimana itu update sistem teknis bca mobile ?? masa kita harus ganti hp lagi ke spek 4 juta ?🫣 ulasan ini Rabu 13.05.2026",0,68,negative,device_compatibility,1,True
40d76608-f7a4-4473-87bd-672157846bd8,5,2026-05-13 12:55:37,good ojb,0,2,positive,,0,False
ed2a5c8e-7bec-4aad-9735-ea903eb5b6fe,4,2026-05-13 12:56:46,ga jelas ribet update terus,0,5,positive,,0,False
5f9821dd-0f3f-48b5-9b43-70244c2c7483,1,2026-05-13 13:08:44,"aku sih kesal...niat kita tuh nabung..buat uang aman...kok malah buntung uang kita disedot tanpa ada transaksi...trus gunanya uang endapan untuk apa..klu uang kita tiap 18 hari kok di sedot tanpa ada transaksi, nyedot nya jg banyak lagi...bank BCA fitur jadul udah gitu uang gmpang ilang disedot pihak GK jelas..",0,49,negative,unexplained_deduction,1,True
0b4d436d-5fac-4040-8ce4-e971d5c6190c,5,2026-05-13 13:09:35,👍👍👍👍👍jempol 5,0,2,positive,,0,False
73824387-9a40-4982-aa80-51c51d7555e0,5,2026-05-13 13:21:18,alhamdulilah udah lancar lg ga pake lemot sekarang sat set transaksi pakai BCA mobile👍,2,14,positive,,0,False
4e57fdb6-045e-4982-966c-0b784273da62,5,2026-05-13 13:40:28,ok,0,1,positive,,0,False
7f13dad1-01d0-43c8-8e49-af164a299f8f,5,2026-05-13 14:07:17,ok,0,1,positive,,0,False
c9228f5e-b939-47eb-a39b-80d9f14d0b84,3,2026-05-13 14:36:40,Sudah Pulih Kembali Terima Kasih,0,5,neutral,,0,False
60f7fe83-7d95-4ee9-ae7e-37daf7ab03d0,5,2026-05-13 14:47:48,akun ke blok sering masukan pasword salah terus,0,8,positive,,0,False
86a934ec-6a01-47dd-bbac-2b60265d4746,5,2026-05-13 15:08:24,BB LM bisa kebuka Buuk,0,5,positive,,0,False
b154c8e6-0468-408f-84b0-4da8de177270,1,2026-05-13 15:10:58,"coba aktifkan mbca lagi setelah sekian lama, sudah ikuti semua langkah ny sampai ke tahap membuat kode akses lalu k bagian kirim verifikasi, tapi mentok sampai situ, karna setiap klik tombol send selalu muncul tunggu lampu indikator hijau terus, coba berkali-kali berhari hari pun seperti itu sampai habis pulsa banyak, sudah coba chat halo BCA saran ny cuma restart hp atau ubah jaringan aj, hmmmm",2,65,negative,"indicator_light_stuck,login_otp_access,app_performance,customer_service",4,True
e96badf5-4a10-4393-8f6f-1e20dbdfd84d,1,2026-05-13 15:21:39,"saya penguna lama, traffic pakai mbangking bca cukup aktif, tapi ini hampi 6bulan, banyak gangguan signal merah setiap mau transaksi apapun hingga buat jengkel, padahal signal penuh, dan aplikasi bank lain saat detik iti tidak ada kendala, hanya BCA aja yg bikin jengkel 👎👎👎",1,44,negative,app_performance,1,True
93624074-3a1c-482c-851e-0fe77e9a358e,5,2026-05-13 15:30:41,super,0,1,positive,,0,False
b80766de-ad55-4b1f-9298-e5bc11e93249,5,2026-05-13 15:49:05,keren pokok nya,0,3,positive,,0,False
a19167f3-0e10-479a-8598-82edbb4725bb,2,2026-05-13 16:12:52,"saya pindah akun ke hp lain karna hp yg utama matot, pas hp udh bener dan pengen pindah lagi ke hp yg lama baru masuk pake foto muka gk kedetect², tlong perbaiki. dulu gk kaya gini",0,36,negative,,0,False
ef3b1245-5815-437e-976d-91a19001d5f3,5,2026-05-13 16:16:22,sangat memuaskan,0,2,positive,,0,False
fa8e6e79-0590-4153-aace-8379c7e30b72,4,2026-05-13 16:45:47,login d hp baru terlalu ribet harus no kartu lah harus otp lah apa lah mana lama lagi bank sebelah MH asal inget email sama sandi buat login beres makin males oke bca,0,33,positive,login_otp_access,1,True
9c8920b5-34a2-434b-a8f3-33b1b02ced0b,5,2026-05-13 17:19:26,BCA the Best,0,3,positive,,0,False
66948da9-b33c-45fd-9e33-01d392f19537,5,2026-05-13 18:40:00,dri 2011 saya pakai sampai sekarang masih nyaman,0,8,positive,,0,False
bcfba1d9-1954-4d57-a7dd-e72a274c453e,5,2026-05-13 19:24:22,mantapp perthankn,0,2,positive,,0,False
46c20c50-29f0-4564-b89a-a8f41d962cc5,5,2026-05-13 20:26:59,efektif bagus,0,2,positive,,0,False
c61afcd2-724a-4a92-8312-e5b9ca6644d6,1,2026-05-13 20:31:55,jelekkk,0,1,negative,,0,False
a83f1731-7f1e-4bf5-9655-6ad3fd3050b0,5,2026-05-13 20:36:59,ini tim IT BCA gak mau buat tampilan baru biar lebih fresh kah?,0,13,positive,,0,False
196d0662-8c7f-4765-8dfa-afde48669fef,3,2026-05-13 20:37:10,Saya bayar melewati qris dengan tulisan gagal jadi saya mencoba sampai 4 kali namun masih gagal tetapi saldo saya terpotong sebanyak 4kali percobaan juga,0,24,neutral,transaction_failed_balance_deducted,1,True
c954087c-216b-472d-b461-808c07603133,4,2026-05-13 20:38:53,habis update bayar qris batal 3x. tapi saldo kepotong juga 3x tolong dong di update lagi.. mana harus nunggu dana 1x24 jam lagi ..hadehhhh,0,24,positive,transaction_failed_balance_deducted,1,True
732a11a7-1d33-4ec4-b8ca-48358f36eb40,1,2026-05-13 20:40:46,"kebiasaan banget ini BCA suka QRIS gagal tapi saldo kepotong, harus nunggu lama",0,13,negative,transaction_failed_balance_deducted,1,True
917596ef-0c9d-4dfc-bbe6-4c43dadabaa1,2,2026-05-13 20:43:25,Apk jelek Qris sering gagal tapi saldo hilang,0,8,negative,transaction_failed_balance_deducted,1,True
1c6bea87-247e-461f-a176-30280e26cf7c,1,2026-05-13 20:46:52,"Makin parah aja bca ni, bayar via Qris udah 2 kali gagal, tapi saldo malah kepotong. balikin duit aku tu oi",0,21,negative,transaction_failed_balance_deducted,1,True
80f535f5-7333-429f-bd43-e1e914cc123f,1,2026-05-13 20:48:18,pembayaran QR gagal tapi saldo berkurang kan tll ini aplikasi batas pembayaran QR itu ada waktunya kaya di my im3 saya gagal pembayaran beli paket gagara aplikasi tolol ini alhasil saldo saya berkurang,0,33,negative,transaction_failed_balance_deducted,1,True
173da6a4-177e-42bf-be1a-0e3a63dac084,1,2026-05-13 20:48:42,"ni error, duit gua ilang, balikin gk mau tau gua, klo dah balik gua kasih bintang 5",0,17,negative,app_performance,1,True
746ef46a-0d3f-4b9e-9a94-40ff5a770ee7,1,2026-05-13 20:49:14,pake QRIS gagal Mulu tapi dana kepotong gimana inii,0,9,negative,transaction_failed_balance_deducted,1,True
2e5812c7-c8c4-434e-a632-a5b68bdb8a73,1,2026-05-13 20:50:02,"aplikasinya lemot, penggunaa Qris sering gagal namun saldo kepotong. bikin pengguna banyak kecewa. lampu indikatornya gak jelas, jaringan bagus tapi indikatornya merah/biru.",1,22,negative,transaction_failed_balance_deducted,1,True
a5301e80-b237-472d-9984-820e427ee5b8,1,2026-05-13 20:50:42,"paraaaaahhh, transaksi Qris beberapa kali gagal tapi dana ke potong, gimana nih min?",0,13,negative,transaction_failed_balance_deducted,1,True
76998007-b152-467d-b8ca-d7cb6a54de1d,1,2026-05-13 20:51:38,jangan sampe semua masyarakat kasih reting 1 kalo pelayanan kaya gini terus saya ajak semua kasih reting 1 biar perusahan bangkrut saham anjlok ini keslahan dari menejem kalian saya tarnsaksi gagal saldo saya ke potong,0,35,negative,transaction_failed_balance_deducted,1,True
8e8f48cd-ee26-4bc4-8d28-f334f43f7cdf,1,2026-05-13 20:52:29,saldo saya kepotong pembayaran qris..TPI di proses gagal..ko saldo ga dibalikin..gimn ini..balikin saldo saya..,0,14,negative,transaction_failed_balance_deducted,1,True
c035b0d0-716d-45f4-adff-43bd619f142b,2,2026-05-13 20:53:47,kenapa saldo saya tidak ada masuk sedangkan transfer dari bang E-wallet sudah masuk,0,13,negative,,0,False
8649fbc7-b813-45a7-a6bb-8df1e469d5ea,1,2026-05-13 20:53:47,ini kenapa ini tiba² saldo ilang gaa da pemberitahuan gitu aja. mao QR tiba² saldo ilang tolong dijelasin dong. gila,5,20,negative,,0,False
35380a1d-03e2-45b9-8d18-4c33238dff06,2,2026-05-13 20:54:13,tolong diperbaiki sistem pembayaran Qris kalau gagal saldo jangan dipotong.biarpun dipotong.kalau bisa langsung dikembalikan saldonya.terima kasih,1,16,negative,transaction_failed_balance_deducted,1,True
6510d73b-1239-4fed-a16b-1264de5d5c6c,5,2026-05-13 20:54:29,bagus,0,1,positive,,0,False
0a09afc0-5d5c-4d31-9a3b-6fef40356452,1,2026-05-13 20:54:57,bca makin lama makin parah sitem nya pembayan pake q ris gagal tapi saldo tetep kepotong sampi tiga kali sy ngulang gagal ters dan tetep tiga kali juga kepotong saldo sy sangat mngecewakan sekali ini bca sy tunggu tnggung jwb kalian,0,41,negative,transaction_failed_balance_deducted,1,True
3726cf2b-4a99-4b44-88cc-2c6047fd7d39,1,2026-05-13 20:55:04,"tolong min ini bisa refund ga si duitnya? Saya transaksi di qris tapi kok gagal terus ya 3x malah kena saldo saya turun lagi, ini caranya gimana refundnya? Masalah qris saya hanya 5 menit doang tapi gagal karna yh itu jadinya turun saldo saya kaena gagal qris",1,47,negative,transaction_failed_balance_deducted,1,True
bbc8cae3-bde2-4e67-8638-d06f73226dac,1,2026-05-13 20:56:13,"ini maksdnya gimna woi gua qris tpi gagal mulu 3x, ttep aja saldo gua kepotong, bukti transaksi ngak ada, bukti kirim pake diqris ada kocak. saldo gak masuk keqris yg ditujuh, malah saldo gua kepotong. gak jls BCA mobile..",0,39,negative,transaction_failed_balance_deducted,1,True
9207b6fa-1f1a-4c2b-8bd1-3589b4be490c,3,2026-05-13 20:56:16,woe BCA saya 4x. melakukan transaksi via QRIS semuanya gagal. dan saldo saya kepotong. bagaimana penjelasan kalian salso saya sampai 0.rupiah gara2 hal itu. kemana saldo saya? dan kapan balik saldo saya?,3,32,neutral,transaction_failed_balance_deducted,1,True
de8569c6-748c-4320-bf73-e2745eb82b1b,1,2026-05-13 20:58:30,ini qris tulisannya gagal invalid tapi saldo saya kok udah kepotong ya? gimana ini? ada pengembalian dana ga? apa saya harus ke kantor cabang? tolong dong mana lumayan lagi nominalnya,0,30,negative,"transaction_failed_balance_deducted,customer_service",2,True
89795af7-6d44-4fc9-9269-fa11f6e12731,3,2026-05-13 20:58:30,"transaksi qris gagal, tapi saldo kepotong, ini gimna min,.? udah 2x jdi bgini,.",0,13,neutral,transaction_failed_balance_deducted,1,True
eaea0e4b-6fd3-4c62-849e-32c7b7076949,1,2026-05-13 20:59:24,udh kesekian kalinya qris gagal tapi saldo tetap kepotong apakah pihak BCA bisa mengembalikan dana yang kepotong itu,0,18,negative,transaction_failed_balance_deducted,1,True
da37588d-bda8-4ea7-b1a9-2ed1c8d53121,1,2026-05-13 21:02:15,ini transaksi dengan qris berkali2 gagal terus tapi uangnya gak balik.gimana ini?,0,12,negative,transaction_failed_balance_deducted,1,True
89c074b4-5218-43dc-90a8-afcde915bfac,1,2026-05-13 21:02:18,barusan transaksi pake QRIS transaksi gagal tapi saldo kepotong,0,9,negative,transaction_failed_balance_deducted,1,True
9ce719e4-dd5f-4e89-851a-7a011631b385,1,2026-05-13 21:02:47,sy melakukan transaksi qris di warung . mau belanja makanan . setalah melakukan transaksi qris saldo sy terpotong 3 kali . tapi pembelian gagal . bagaimana itu ?,0,28,negative,transaction_failed_balance_deducted,1,True
6410ac25-7f18-4551-b354-5387dbb592ec,1,2026-05-13 21:02:50,"ngirim duit pake qris 200k malah ilang pas qris pembayaran gagal, tapi saldo kesedot gmna nih apk balikin duit gue",0,20,negative,transaction_failed_balance_deducted,1,True
603cef25-edd5-465a-b0eb-f9eddcf169a1,1,2026-05-13 21:03:45,kenapa sih customer service nya di wa tuh lambat bangettt ga tw ya orang lagi urgent,0,16,negative,,0,False
67aeae8a-bab8-4401-bb18-a98990906ed2,1,2026-05-13 21:04:40,maaf BCA kenapa yaa barusan aku qris kok ga masuk tapi saldo kepotong tolong dong BCA,0,16,negative,transaction_failed_balance_deducted,1,True
5a67817b-9b93-40b1-97b0-fa4b95d13be8,1,2026-05-13 21:04:48,aplikasi tolol qris gagal tapi saldo kepotong,0,7,negative,transaction_failed_balance_deducted,1,True
e22ce35b-43db-414e-a662-721f015fd181,1,2026-05-13 21:05:50,kalo eror Qris eror kenapa saldo kepotong pea bener,0,9,negative,transaction_failed_balance_deducted,1,True
762eafb0-1786-4a5e-8611-3935a0cf4804,1,2026-05-13 21:06:22,setelah pembaruan kok error qris nya duhh gmn nihh mending ga usah d perbarui tlg d betulin,0,17,negative,app_performance,1,True
225c4105-e472-44c0-b785-31b9d47ffe91,1,2026-05-13 21:06:30,qris error mulu,0,3,negative,app_performance,1,True
c115ae0d-964f-47d8-ac49-dbf2f83dafad,1,2026-05-13 21:06:35,makin ga jelas kenapa bayar qris gagal terus tapi saldo kepotong tolong di perbaiki dan tolong saldo saya di kembalikan 🙏,0,21,negative,transaction_failed_balance_deducted,1,True
1c5e8655-8428-4163-84ca-d3ac58f6eb26,1,2026-05-13 21:06:47,"tolong bantu kembalikan saldo sya yang kepotong,sya melakukan transaksi lewat Qris gagal tapi tetap saldonya kepotong",0,16,negative,transaction_failed_balance_deducted,1,True
7934b2c1-fed0-4051-b824-02196f69028e,1,2026-05-13 21:07:45,Keluhan sama seperti yg lain kendalanya di pembayaran menggunakan QRIS saldo kita sudah terpotong tapi di tujuan transfer nya tidak masuk.. Dan juga untuk transaksi menggunakan QRIS nya terlalu lemot.. Tidak cocok untuk digunakan saat keadaan urgent👎,0,37,negative,transaction_failed_balance_deducted,1,True
bd01cf31-91b9-49e0-ae59-c67928861eb3,1,2026-05-13 21:08:29,"knp saldo saya di potong,, padahal keterangan transaksi gagal",0,9,negative,,0,False
b877a3ef-cece-4151-8209-2a87dfc0de03,1,2026-05-13 21:10:32,pake qris gagal sampai 2x Tapi saldo hilang terus gimna saldonya,0,11,negative,transaction_failed_balance_deducted,1,True
02c78b5f-86df-48e8-87b6-a684ef7fb368,1,2026-05-13 21:10:44,"wowwww, sempat panik gr2 beli paket quota internet pake qris di keterangan gagal karena gangguan akhir nya aq coba lagi jd total melakukan pembayaran pake qris sebanyak 2x tapi tetap di keterangan tulisan nya gagal dan abis itu iseng cek saldo whattt uang gw berkurang sebanyak nominal yg mau aq isi tadi mana 2x aq melakukan transaksi qris nya aduhhh. tolong donk bca jgn buat shick shock. gw milih bca krena payroll gw dsini sampe rekening bank gw yg laen gw tutup tp malah gw dbuat kecewa",1,87,negative,"transaction_failed_balance_deducted,app_performance",2,True
b5a27552-7cb4-49f6-8949-4adc25cfeb29,1,2026-05-13 21:10:59,"kalo qris gangguan saldo jangan di potong dong, atau jangan bisa di akses, ini gangguan tetap bisa di akses dan parahnya saldo ke potong, bagaimana sih?",0,26,negative,transaction_failed_balance_deducted,1,True
4903da12-a6e9-4828-a302-b0646d968b0d,1,2026-05-13 21:12:00,qris 4 kali gagal tpi saldo ksedot gmna ni bca,0,10,negative,transaction_failed_balance_deducted,1,True
c60f9761-7d3b-4e37-8639-4c7b122c79ee,1,2026-05-13 21:12:20,transaksi pake qris gagal saldo kepotong,0,6,negative,transaction_failed_balance_deducted,1,True
594c4165-ffe8-4cd4-8502-daec85a18611,2,2026-05-13 21:12:59,"ini sudah kesekian kali nya,pembayaran via qris gagal tapi saldo terpotong, tanpa ada pemberitahuan ada gangguan atau maintenance,.dan yg lebih parah nya sudah 30 menit saldo ku gak balik tetapi di mutasi data nya sudah ilang,,..",4,36,negative,"transaction_failed_balance_deducted,maintenance_downtime",2,True
ceecf832-8f8d-4b96-bbf0-a0ac1f683511,2,2026-05-13 21:13:21,"hari ini transaksi pembelian kouta Telkomsel melalu QRIS, saldo sudah ter debit, tapi transaksi nya gagal. uang hilang kuota tidak masuk",0,21,negative,transaction_failed_balance_deducted,1,True
7abf0415-2c2e-4260-8e2d-316fd1010e90,1,2026-05-13 21:13:40,"kenapa chat whatsapp BCA tidak ada respon/selow respo,saya melakukan transaksi tapi gagal, namun saldo saya terpotong",0,16,negative,transaction_failed_balance_deducted,1,True
36f0a065-6773-4fdf-97f4-fbdb3ff2a206,3,2026-05-13 21:13:48,pembayaran QRIS keterangan silahkan coba beberapa saat lagi tapi saldo nya berkurang tiga kali,0,14,neutral,,0,False
25427490-705e-4a50-a4ef-b15c942b250d,1,2026-05-13 21:14:23,"tolong bantu sy ,,trf pakai qris gagal tapi saldo berkurang",0,10,negative,transaction_failed_balance_deducted,1,True
ee2d1752-522c-424c-9bd0-c945378cf1a3,1,2026-05-13 21:16:09,"qris gagal saldo kepotong, sering kali begitu.. KLO kirim uang jumlah besar gimna terlalu beresiko",0,15,negative,transaction_failed_balance_deducted,1,True
e1b597d0-6bf3-48bc-8689-cd84912bc888,1,2026-05-13 21:16:37,ini gimana aplikasi ini..saya melakukan pembayara qrish pada pukul 21.14 wib melalui BCA mobil @50k sebanyak 2 X..pada informasi pembayaran nya gagal namun saldo saya tetpotong 2 X.. gima bisa pengembalian dana nya,0,33,negative,transaction_failed_balance_deducted,1,True
69575ae6-f7f5-42f2-90b5-23554dc4d44a,1,2026-05-13 21:17:16,"transaksi Qris gagal tetapi saldo terdebet aneh, segera perbaiki. uang saya blm kembali nih gantung",0,15,negative,transaction_failed_balance_deducted,1,True
7609b560-c089-405d-a623-a381b28374fa,1,2026-05-13 21:18:17,masalah pengiriman saldo gagal pake qris terus dari dulu ini BCA tanpa ada pemberitahuan yg jelas tapi saldo di rekening berkurang.....gituu ajah terusss maslaahnyaaaaaa ini aplikasi.....,0,26,negative,transaction_failed_balance_deducted,1,True
138f2032-61bd-4a82-991f-9a97d273203e,1,2026-05-13 21:19:44,"berkali kali transaksi gagal tapi saldo ke potong, masih gak ada perbaikan!",0,12,negative,transaction_failed_balance_deducted,1,True
2777af1b-b15a-4e14-99c9-9fb82f245846,1,2026-05-13 21:20:23,parah quiris ga msuk setelah duit blik hpus total,0,9,negative,,0,False
60208029-8f8e-4bf1-955e-1484b0f340c5,1,2026-05-13 21:21:10,parah sih makin sini hari ini 2kali transaksi qris gagal tapi saldo terpotong,0,13,negative,transaction_failed_balance_deducted,1,True
4ccaa11d-a164-4091-baa7-ac7314a64f82,5,2026-05-13 21:21:19,update baru kok malah makin parah ya..qris gagal trus tp saldo hilang semua,0,13,positive,transaction_failed_balance_deducted,1,True
6bb6eb21-90bb-411f-bf8f-803c0865c315,1,2026-05-13 21:21:53,"parah Makin kesini makin ga beres transaksi 3 kali gagal tiga tiga nya kepotong saldo ga ada balik saldo coba lah perbaiki, masih saya tunggu ini",0,26,negative,,0,False
5b034619-efcf-492f-9841-342b639b73f8,1,2026-05-13 21:23:50,"aplikasi dari dlu gk ada perbaikan. transaksi qr saldo g msuk, tpi udh motong di saldo utama. apliksi cacat",0,19,negative,,0,False
4c76b5a2-05ea-48e7-97b9-28381971d29a,4,2026-05-13 21:24:47,"selamat malam , saya barusan melakukan transaksi qris lewat mesin edc mandiri, transaksi gagal tapi saldo saya kepotong , tolong dibantu untuk kelanjutan ny",0,24,positive,transaction_failed_balance_deducted,1,True
5b7c6247-1e87-41fb-a47d-7e2117e23707,1,2026-05-13 21:25:13,woy ini BCA Napa qris dari BCA udah ketarik tapi kaga masuk,0,12,negative,,0,False
27a83ff9-3b44-4c5e-b66f-1c39cf42ad63,1,2026-05-13 21:26:43,"ini gimana ceritanya transaksi gagal tapi saldo rekening berkurang,",0,9,negative,transaction_failed_balance_deducted,1,True
bdcb0994-7a30-40a2-861f-114263071d75,1,2026-05-13 21:27:30,gimna ini saya transaksi pake QR transaksi gagal. tapi saldo ke potong,0,12,negative,transaction_failed_balance_deducted,1,True
bc00147c-8ba2-4ca0-b008-d2f7ef661f55,1,2026-05-13 21:27:39,setelah update saya transfer keterangan gagal krna koneksi internet sudah coba sampe 4x ttp begitu.. tapi knpa saldo saya terpotong juga.. gimana sih ini,0,24,negative,transaction_failed_balance_deducted,1,True
583843e6-0b6f-43c6-8f8d-4c2d526ba4da,1,2026-05-13 21:27:49,"dasar maling 2x transaksi qris gagal saldo kepotong gak di balikin, sekarang 3x transaksi qris gagal juga kepotong,gak tau gimana nasibnya",0,21,negative,transaction_failed_balance_deducted,1,True
91b85723-7df0-47ba-be37-029ad2369398,1,2026-05-13 21:28:02,"transaksi Qris gangguan tidak ada info di mbanking mobile , transaksi Qris gagal saldo kepotong tapi tidak ada inbox transaksi , kembalikan saldo saya... CS juga tidak bisa dihubungi.....",0,29,negative,"transaction_failed_balance_deducted,customer_service",2,True
188464ce-bd53-48e0-8e42-0611deea136e,5,2026-05-13 21:28:19,"bos gmn caranya saldo tiba"" hilang sendri",0,7,positive,unexplained_deduction,1,True
1684f2c2-7463-4af5-84e8-e32eab5ee9d6,1,2026-05-13 21:28:25,parah ini bca mkin kesini makin lemot?? udh transaksi gagal saldo hilang. costomer servis gangguan mulu.,0,16,negative,"transaction_failed_balance_deducted,app_performance",2,True
887e39b2-97db-494f-8be5-1226f7c8cef0,1,2026-05-13 21:29:08,"transaksi gagal tapi saldo tetep kepotong, gimana nih?",0,8,negative,transaction_failed_balance_deducted,1,True
c41a398b-3899-4458-a5e0-9bca2323547b,1,2026-05-13 21:29:11,"Parah si BCA, Jelas² ket Transaksi nya gagal tap saldo tetep ke pootong. jadi gini crita nya gaes, gue beli Quota di my XL parlyment nya gw pake QRIS, Sampe 4x gw QRIS traksaksi nya gagal dan QUOTA pun ga terbayar dong, Tapi tiba-tiba ada notif dari BCA ada pengeluaran Pembayaran 4x melalui QRIS, nah saldo nya ke mana, di my XL gak ada quota juga gak terbayar dan si saldo BCA juga ilang duit nya.MASA BEGITU? BCA PARAH NIHH...gue minta balikin.bukan soal nominalnya tapi dimana kredibilitas BCA?",0,88,negative,transaction_failed_balance_deducted,1,True
061a0c4f-7227-4888-bdc5-56594387b2d6,1,2026-05-13 21:29:13,"BCA llg kenapa sihh ,,pembayaran qris gagal ,,tapi kepotong ya 🙏,,bukan sekali /2 kali ini seperti ini .. emang sihh nominal kecill tapi itu uang .. konfirmasi lewat wa gga ada respon ,,lewat halo BCA selalu terjadi kesalahan mullu !!",1,40,negative,"transaction_failed_balance_deducted,customer_service",2,True
0eb2fe2b-5825-4b01-8a01-f250b8521573,1,2026-05-13 21:29:20,"ni bca knpa ya pembayaran qris gagal tapi saldo kepotong, aneh2 aja ni aplikasi",0,14,negative,transaction_failed_balance_deducted,1,True
9d5e9757-c809-429f-9a36-e5f3b535605a,1,2026-05-13 21:29:29,"apa apaan transaksi QRis gagal tapi saldo tetap terpotong,yang benar saja...call center dihubungi juga gak bisa",0,16,negative,"transaction_failed_balance_deducted,customer_service",2,True
5cc0b857-28fb-4907-a70f-987417dbc9bc,1,2026-05-13 21:30:30,bang tolong bang balikin duit saya masa qris gagal berkali2 saldo tgl 300k tdinya saldo saya ada 1jt100 ini pas di cek cuma ada 300k😭😭😭😭 saya buat berangkat kerja malam ini ya Allah😭😭,0,33,negative,transaction_failed_balance_deducted,1,True
678bc435-0339-4e0b-bf3f-fd0eb1736217,4,2026-05-13 21:30:40,"saya tf lewat qris , notifikasi gagal , tp kok saldo berkurang , masih belum kembali saldonya min , apakah sudah hangus ?",0,23,positive,transaction_failed_balance_deducted,1,True
60c38b91-4ccb-49c5-a037-697024df4925,5,2026-05-13 21:30:46,maaf saya melakukan pembayaran qrs gagal tapi saldo terpotong mohon bantuannya,0,11,positive,transaction_failed_balance_deducted,1,True
532d876e-74d2-4ec0-b878-8717ee63c7dd,1,2026-05-13 21:31:37,"Mohon di bantu saya telah melakukan pembayaran qris tetapi gagal,dan saldo saya terpotong.tolong kembalikan saldo saya.Bikin malu saja Nih BCA!saya lagi transaksi belanja loh tiba tiba bayar pakai qris gagal dan saldo kepotong",0,33,negative,transaction_failed_balance_deducted,1,True
3e46029a-0ce7-487e-ae59-b146ca14069a,1,2026-05-13 21:31:55,transaksi Qris gagal tapi saldo tetap kepotong,0,7,negative,transaction_failed_balance_deducted,1,True
daf09915-fc1c-44bd-8684-bccea7bacf08,1,2026-05-13 21:32:26,min kenapa ini pembayaran QRIS gagal tapi saldo hilang .. tidak ada laporan juga .. masak saldo tidak bisa kembali gimana min .,0,23,negative,"transaction_failed_balance_deducted,customer_service",2,True
e1c18453-ac1a-45ab-90ac-f77b169ce511,5,2026-05-13 21:32:48,respon cepat,0,2,positive,,0,False
1f8f651e-89fe-489d-8267-4fb0c150e500,4,2026-05-13 21:34:24,"saya brusan transaksi pake qris, qris ga masuk tpi saldo berkurang ini gmn saldo saya?",0,15,positive,,0,False
481aa054-19d2-4aef-86fd-ec6cf4888e88,1,2026-05-13 21:35:58,kejadian lagi qris uang kepotong tapi gagal,0,7,negative,transaction_failed_balance_deducted,1,True
cc9921d2-81fc-4973-b9cd-925ba09a82af,1,2026-05-13 21:36:04,"tolong lahhh pihak BCA di perbaiki aplikasinya,, aku transfer lewat QR gagal terus, 11x transaksi gagal tapi saldo tetap kepotong, kalo memang BCA nya lagi gangguan tolong di kasi tulisan yg besar dan jelas di dalam aplikasi, saldo berkurang tapi gak nyampai tujuan, ini saldonya ke mana larinya",0,48,negative,transaction_failed_balance_deducted,1,True
62e06e48-413a-4a52-8686-27f117b68e90,1,2026-05-13 21:37:41,sudah berapa kali qris gagal tapi saldo sudah terpotong...mdkin sini makin busuk ni aplikasi...pantesan b ratinh rendah,0,17,negative,transaction_failed_balance_deducted,1,True
51d791b0-10be-4650-a8aa-2ad6a6d60b75,5,2026-05-13 21:38:18,transaksi qiris gagal 3x tpi saldo juga berkurang apa2an ini?,0,10,positive,,0,False
4c16a26b-ac9b-49ca-ae5d-d11ed1494762,1,2026-05-13 21:40:12,baru pertama kali Qris gagal sampai 3 kali dan tau tau saldo tidak mencukupi ini sistemnya gimna sih udah lama pake baru pertama kali,0,24,negative,transaction_failed_balance_deducted,1,True
027213c0-2e63-4b9c-9405-3441dcdc8891,3,2026-05-13 21:40:34,aku qris pending hadehhhh,0,4,neutral,,0,False
568e2b22-043b-4231-9168-6fea0c872641,1,2026-05-13 21:40:58,transaksi Qris keterangan gagal terus pas lihat saldo ternyata setiap transaksi gagal saldo tetep kepotong,0,15,negative,transaction_failed_balance_deducted,1,True
ae7e216e-763f-4d27-b353-6db9b94ec111,2,2026-05-13 21:42:08,woyy 5 kali QRIS saldo ilang. tpi ggl proses. lenyap 500 rb benerin woy ilang duit gua,0,17,negative,,0,False
d1ca7850-1944-4a3b-83aa-49582dda7922,1,2026-05-13 21:42:32,mobile bca gak beress. transaksi qris gagal tapi saldo sudah terkuras . tolong tingkatka kembali!!!¡,0,15,negative,transaction_failed_balance_deducted,1,True
d8af62cc-bff2-4ff9-9dee-a4ed13e11f70,1,2026-05-13 21:43:31,"Hari ini 2x transaksi qris gagal tapi saldo tetap kepotong ini bagaimana ya solusinya? admin tolong dong di perbaiki, jangan sampe semua user BCA mobile mengalami hal serupa😵‍💫😵‍💫😵‍💫",0,28,negative,transaction_failed_balance_deducted,1,True
cadffd39-8827-4edd-ae60-fc088e388043,1,2026-05-13 21:44:06,hallo ka ... saya ada transaksi via QR BCA untuk status di sana gagal pembayaran saya coba 10x malah saldo nya kepotong ?? ini untuk pencerahan nya gimana ya,1,29,negative,transaction_failed_balance_deducted,1,True
f7d8381d-ef4c-447b-8d56-e042ba45a892,1,2026-05-13 21:45:05,qris gagal tapi saldo ke potong mana 300rbu bca makin kesini makin aneh,0,13,negative,transaction_failed_balance_deducted,1,True
c6d9b7f0-3a82-4b51-b935-75b6553b3048,1,2026-05-13 21:46:17,"ini knapa dah bca Qris gagal tapi saldo kepotong trus anehh bngt, kecewa sii",0,14,negative,transaction_failed_balance_deducted,1,True
0e3a75c8-a845-4bcb-8852-0074e477fb97,5,2026-05-13 21:46:30,good,0,1,positive,,0,False
628cdbcb-7436-44e3-973b-e9ede9462cab,1,2026-05-13 21:46:45,menggunakan Qris transaksi gagal tapi saldo kepotong apa saldo bisa dikembalikan lagi. tolong diperbaiki,1,14,negative,transaction_failed_balance_deducted,1,True
8d35a7e3-93ba-4f41-b739-c6da999bb19a,1,2026-05-13 21:46:48,"hub sana - sini tetap aja lamban.... transaksi Qris 2x status gagal tapi saldo berkurang.... sampai saat ini tidak di kembalikan, nge email, Wa, sampai tlpn Cs jawabannya lamban semua tidak ada solusi.... sekalas BCA sampai buruk seperti ini. masa uang nasabah ga di balikin",0,45,negative,"transaction_failed_balance_deducted,customer_service",2,True
2cee427b-c921-434b-957e-c214543cbfe3,1,2026-05-13 21:47:02,"semakin di update semakin jelek,sering eror,transfer nyangkut,lemot,dll inbox maks 5,semakin payah transfer gagal tapi saldo kepotong,gimana ini perbaikannya",0,18,negative,transaction_failed_balance_deducted,1,True
f3da4167-ed85-453c-8285-ecf6658d71ce,1,2026-05-13 21:47:05,"ini kenapa qris tidak berhasil tapi saldo teropong ? sangat mengngu kalau stiap transaksi seperti ini, keterangan gagal tapi saldo terpotong aneh",0,22,negative,transaction_failed_balance_deducted,1,True
34d97445-ac6b-488a-8211-e092ec36ba0f,1,2026-05-13 21:47:10,ih pembayaran gagal dananya lama kembalinya.....,0,6,negative,transaction_failed_balance_deducted,1,True
fc0762cb-f5e0-455f-b4ec-b2bb0790ad36,3,2026-05-13 21:47:34,"saya melakukan pembayaran dengan qris 2x gagal TPI saldo saya terpotong,tolong kembalikan uang saya",0,14,neutral,transaction_failed_balance_deducted,1,True
20363b5b-5a51-4c8c-9e19-2593ed66a52f,1,2026-05-13 21:47:47,tolong perbaiki dong masa transaksi nya gagal terus saldonya ilang,0,10,negative,,0,False
866df8f1-ab5d-4677-a4bb-05bab82f4fdf,1,2026-05-13 21:48:41,buat belanja qris 4x keterangan gagal tapi saldo kepotong nggak balik balik. bank paling aneh se indonesia!!!!,0,17,negative,transaction_failed_balance_deducted,1,True
df1b63e5-120b-49f7-9469-06821556c06a,1,2026-05-13 21:48:50,kalo QR gagal terus auto pada pindah Bank,0,8,negative,,0,False
8c2588d0-b1c5-455e-9311-665d16044459,1,2026-05-13 21:49:50,"pembayaran qris transaksi gagal tapi saldo kepotong, coba lapor ke WhatsApp halo BCA tapi ga ada respon sama sekali, PAYAH LAH !!!",0,22,negative,"transaction_failed_balance_deducted,customer_service",2,True
d9638edb-c607-4a15-a7cf-81658d4bc819,2,2026-05-13 21:50:08,BCA ko aneh dah . bayar menggunakan qris. saldo sudah tersedot tapi qris belum terbayarkan . sedangkan saldo sudah berkurang . ko makain aneh. kemana tuh larinya duit,3,28,negative,,0,False
fab80149-ff47-4189-9142-0950c313e68d,1,2026-05-13 21:50:25,transaksi gagal tapi saldo ke potong gimana ini min,0,9,negative,transaction_failed_balance_deducted,1,True
17350e3e-54a2-437f-b3b1-ba4ffe9d0545,2,2026-05-13 21:50:52,klo lgi eror tuh info sebelumnya saya payment qris ke org jdi dua kali bayar pdahal setelah masukin pin saya transaksi gagal tapi di cek di mutasi uangnya keluar jdi dua jali saya bayar malah nombok,0,36,negative,app_performance,1,True
c908a844-70d8-44e9-8e39-68d640dcbd1f,1,2026-05-13 21:53:23,udh ke4x nya. pembayaran qris.saldo udh kepotong.tapi pembayaran ga masuk.jadi saldo ilang begitu saja.jelek baget sangat kecewa.bca gmn sih.bener kecewa baget,3,21,negative,transaction_failed_balance_deducted,1,True
33fc83dc-e292-458d-bd29-535535c626a0,1,2026-05-13 21:54:00,"selama memakai m banking sejauh ini aman aman aja. tp td update versi terbaru menggunakan Qris , transaksi gagal terus ,saldo terpotong tp tidak ada keterangan jelas kenapa? memang kembali. tp diulang tetap gagal gagal gagal terus",2,37,negative,transaction_failed_balance_deducted,1,True
6a058000-ad9c-4e2d-a4d8-154b9a26c342,1,2026-05-13 21:54:20,tolong dong perbaiki sistem qris gagal mulu tapi saldonya kepotong,0,10,negative,transaction_failed_balance_deducted,1,True
33a4b005-11a6-4e1c-a656-4b7dab5039c4,4,2026-05-13 21:54:45,"mohon di bantu , saya melakukan pembayaran qris tapi gagal , tetapi saldo saya terpotong , mohon di bantu untuk mengembalikan saldo saya .. 🙏🏻",0,25,positive,transaction_failed_balance_deducted,1,True
ca4fc671-ea88-4e06-a6ff-57523f313e24,1,2026-05-13 21:55:10,"ga jelas amat ini bca sering error kalo QR , saldo kepotong tapi ga sampai udah beberapa kali kaya gini lebih dari 5x. tolonglah dibenerin bos rugi orang kalo begini boncos banget",0,32,negative,,0,False
8123cc9a-70ae-4c09-ac96-16a4ead21095,3,2026-05-13 21:56:34,"sekarang bosok 3x transaksi qris gagal tapi saldo kepotong mau komplain prosesnya lambat bertele"" ..",0,15,neutral,"transaction_failed_balance_deducted,customer_service",2,True
6394fb74-fce5-4b2a-a8d7-c39ee2ba8da4,1,2026-05-13 21:57:00,udah kesekian kalinya Qris gagal tapi tetep saldo ke potong. layanan macam apa inih. bukan nya d perbaiki malah tambah bobrok,0,21,negative,transaction_failed_balance_deducted,1,True
ed3dbdc6-c76a-4957-a6cd-b27139b584b9,1,2026-05-13 21:57:19,TOLONG BALIAKAN SALDO SAYA SENILAI RP. 300000. NOTIF TRANSAKSI PUN TIDAK ADA TERCANTUM. TETAPI SALDO SAYA BERKURANG. MOHON BANTUANNYA ADMIN BCA SEKIAN DAN TERIMAKASIH,0,24,negative,unexplained_deduction,1,True
068f9732-5473-49d0-af1e-c9fb3e1724d7,1,2026-05-13 21:57:26,klakoan bca skrg qrish gagal smpk 4x berturut2... konsepe yeopo... kalo gagal jangan d potong saldoe... iya kalo gak penting kalo penting bayar qrish gagal trus g bisa bayar lagi kalo saldo nipis...,0,33,negative,,0,False
da72cc0a-3597-4793-9a7a-bfe04806c653,1,2026-05-13 21:57:53,kenapa saya tranfer masuk ke orang lain,0,7,negative,,0,False
24133a9a-5709-4b69-87a0-c9b0bcfa02f4,1,2026-05-13 21:58:20,apk m bangking bca pencuri uang nasabah. qris notifikasi gagal tapi saldo kepotong dan juga tidak ada riwayat transaksi secara detail kayak BNI. apk paling RIBET!!! 10000 persen lebih bagus dana,0,31,negative,transaction_failed_balance_deducted,1,True
b3b8ea36-857f-44eb-83de-5ae0c4d5fc78,5,2026-05-13 21:58:24,saya melakukan pembayaran dengan qris gagal 2x tapi saldo sy terpotong 199.998 tolong bantu saya,0,15,positive,transaction_failed_balance_deducted,1,True
302831ee-13bf-46f9-a3bc-b68160346f22,2,2026-05-13 21:58:39,WOI GUA TRANSAKSI QRIS GAGAL 7× DENGAN TANDA (TRANSAKSI GAGAL❌) DAN SALDO GUA BERKURANG INI KENAPA GAK BALIK-BALIK ORANG BUTUH WOI,0,21,negative,transaction_failed_balance_deducted,1,True
71c8571c-aaa3-4787-9586-0d270fcf5ec0,1,2026-05-13 22:00:57,Qris Gagal tapi saldo kepotong. hadehhh makin kesini makin gak jelas nih bank.,0,13,negative,transaction_failed_balance_deducted,1,True
df986b5b-d8f4-4f0f-851d-9a48f761ba2f,2,2026-05-13 22:01:48,kenapa saldo nya kepotong tapi detailnya transfer GK timbul dan lagi qris saldonya ke potong TPI transaksi gagal kek mana nihh,0,21,negative,transaction_failed_balance_deducted,1,True
4d62ee81-dc42-4998-ba16-c257a4020e6d,4,2026-05-13 22:01:50,burukkkk aku melakukan pembelian item melalui fitur scan qiris namun uang aku kepotong semuanya,0,14,positive,,0,False
5c959301-38cd-4c5e-a36d-2044d98c5fbb,2,2026-05-13 22:02:56,kembalikan uang syaaa ooooiiiiii gagal mulu trasaksi pake Qris,0,9,negative,transaction_failed_balance_deducted,1,True
1e6ab707-0e3b-4424-88ba-d3a41bed01e6,1,2026-05-13 22:03:06,transaksi gagal tp saldo terpotong....ada apa ini BCA ... ???,0,10,negative,transaction_failed_balance_deducted,1,True
0c51a04b-e62a-4bfb-8a43-0c67cf810d41,1,2026-05-13 22:03:17,tolong dong saya bayar qris 3x percobaan gagal tp saldo terpotong,0,11,negative,transaction_failed_balance_deducted,1,True
c44dc2f9-d782-46d3-9aba-f7b42a34a2ce,5,2026-05-13 22:03:22,bantuan nya ka... pembayaran qris gagal TPI saldo terpotong...di bantu agar bisa di kembalikan.. makasih,1,15,positive,transaction_failed_balance_deducted,1,True
9401059a-2700-45f6-8c82-83be97ef5455,1,2026-05-13 22:04:36,tiba² saya transfer ke orang random setelah di update dan istri saya jadi bayar berkali kali lipat,0,17,negative,,0,False
49b767f7-4e6a-4a3d-943f-957573e78a44,1,2026-05-13 22:05:08,tolong donk gimana ini transaksi qris gagal tapi saldo kepotong,0,10,negative,transaction_failed_balance_deducted,1,True
e34039b2-9db4-40a1-8ac1-2033a9bdbad5,1,2026-05-13 22:05:13,"qris ga masuk, tapi saldo terpotong",0,6,negative,transaction_failed_balance_deducted,1,True
74f60300-81db-40a9-a963-033d0d5ea0e2,1,2026-05-13 22:05:58,"Ayolah,sekelas BANK BCA gitu,masa sering gangguan,bayar Qris selalu error,saldo tetap ke potong tapi di mutasi gak ada, ayolah ini sudah kesekian kali nya loh komplain masa gak ada perbaikan sama sekali,jangan sampai para nasabah pindah BANK",1,36,negative,"transaction_failed_balance_deducted,customer_service",2,True
5894f429-56f3-4498-8ed9-db4973112694,1,2026-05-13 22:06:08,"bca ga jelas transaksi qris gagal,,tapi saldo terpotong dan tidak masuk ke merchant,, bukti inbox aja gada,,cuma ada di mutasi rekening. udah 2x kejadian kaya gini dan saldo ga pernah kembali ,,dasar aneh",0,33,negative,transaction_failed_balance_deducted,1,True
e7f12882-e71b-4129-a901-aa34f1c21580,1,2026-05-13 22:06:23,13-06-2026 jam 21.00 QRis eror transaksi gagal tpi saldo berkurang,0,10,negative,"transaction_failed_balance_deducted,app_performance",2,True
1c012c3e-b573-4862-966c-bd2cb37f11f1,5,2026-05-13 22:07:50,hallo bca saya mau menginfokan transaksi Qris saya gagal namun saldo terpotong dan sampai sekarang saldonya belom kembali sudah 3 kali transaksi tolong di bantu ....terima kasih,0,27,positive,transaction_failed_balance_deducted,1,True
48c8051b-1410-452a-86ed-af3ef7837c4c,2,2026-05-13 22:08:09,"2 kali bayar pake qris,gagal terus tapi saldo tetep d potong....balikin duit gua",0,13,negative,transaction_failed_balance_deducted,1,True
c9343ce3-f683-46d2-9a5e-f3f69dd049e2,1,2026-05-13 22:08:20,"saya baru saja melakukan pembayaran dengan kode qris, setelah saya melakukan pembayaran muncul keterangan gagal, tetapi saldo dana yang berkurang. bagaimana cara untuk mengatasinya.",1,24,negative,transaction_failed_balance_deducted,1,True
d80b7737-e5b3-4626-8a6f-892749e34663,1,2026-05-13 22:10:06,"Hari ini, di menit ini semua customer yg menggunakan qris BCA Mobile mengalami gagal transaksi tpi saldo kepotong! Nih admin mau nya gimana? sekelas BCA begini, apa coba?",0,28,negative,transaction_failed_balance_deducted,1,True
8a8dbcec-dc80-486f-a448-34ea9bdd30e8,1,2026-05-13 22:11:17,SALDO TERPOTONG PEMBAYARAN QRISH NAMUN TRANSAKDI BERHASIL tidak ADA INI KENAPA???,0,11,negative,transaction_failed_balance_deducted,1,True
480d7b69-cad4-455a-914d-33dc7c3991de,1,2026-05-13 22:12:20,qris gagal tapi saldo terpotong gak pernah kembali,0,8,negative,transaction_failed_balance_deducted,1,True
464bbfe1-a02b-4e66-93cc-8249d9600d07,1,2026-05-13 22:12:20,saya transaksi melalui QRIS tapi gagal namun saldo terpotong sampai dua kali transaksi gagal lagi dan saldo terpotong lagi... saya coba lewat email tidak di bales dan sampai sekarang saldo tidak masuk... gimana pelayanan inii,1,35,negative,transaction_failed_balance_deducted,1,True
ef8d1dc9-1150-43e4-96d7-e98ca9b59492,5,2026-05-13 22:12:36,makin mudah dan makin nyaman jdi konsumen bca,0,8,positive,,0,False
7be356b8-1acc-4701-824d-8d52999d643a,1,2026-05-13 22:13:16,scan qris laporan transaksi gagal kok saldonya berkurang,0,8,negative,"transaction_failed_balance_deducted,customer_service",2,True
e2000889-4122-4830-a656-3765aa6ada5a,1,2026-05-13 22:16:45,ini gimana BCA saya bayar lewat qris gagal tapi saldo tetap kepotong,0,12,negative,transaction_failed_balance_deducted,1,True
b9646c68-1aa4-407d-8fb1-8f9ee22d2ebe,1,2026-05-13 22:17:28,berapa kali saya bayar pake Qris padahal pas masukin pin disitu ada notif transaksi gagal tpi di cek di mutasi nya ada uang keluar gimna nih solusinya klo udah kek gini malah jadi kepotong saldonnya anehh,0,36,negative,,0,False
60a7e9f6-98e7-4840-8dd7-c7c78f01ac00,1,2026-05-13 22:18:28,"makin lama kecanggihan teknologi makin rada eror m-bca sekarang, Gilak sistem nya nggak ada kemajuan kah , pembayaran QRIS gagal tapi saldo kepotong, masa harus menghubungi sistem trus, pengguna BCA bosan anjay, coba sistem nya sadar diri, kalo ada masalah ke pengguna langsung di perbaiki jangan tunggu di hubungi oleh pengguna 😏😏",0,52,negative,transaction_failed_balance_deducted,1,True
e3a1680c-a675-4a96-a442-bcc159f04bf1,3,2026-05-13 22:19:21,saldo terpotong tapi tulisan qr gagal,0,6,neutral,transaction_failed_balance_deducted,1,True
fef49bb3-ac6f-4ef9-b2e5-098569b7ec0b,4,2026-05-13 22:21:20,saya transfer kenapa saldo saya belum masuk sedang kan saldo sudah kepotong,0,12,positive,,0,False
64094a23-26f4-4f3d-822c-7d7af0d505e6,3,2026-05-13 22:21:58,"Transaksi qris gagal dan tidak masuk ke pembayaran,saya ulang2 terus eh saldonya kepotong padahal gaada uang yang ke transfer,gimana ini bcaaaaa",0,21,neutral,transaction_failed_balance_deducted,1,True
a0401456-3aeb-4780-934c-2eaeea451b34,1,2026-05-13 22:22:08,"PEMBAYARAN QRIS SELALU GAGAL, APLIKASI BERATTTTT",0,6,negative,transaction_failed_balance_deducted,1,True
1e12dce0-ec4d-459b-b5bd-25e419106110,5,2026-05-13 22:22:23,saya melakukan pembayaran pakai qris tiga kali gagal tapi saldo saya terpotong mohon bantuannya BCA,0,15,positive,transaction_failed_balance_deducted,1,True
822c487e-81c8-4e2b-897a-7615757105a5,1,2026-05-13 22:22:23,woii ini gimana si transaksi qris gagal tapi saldo saya tetap kepotong . tolong balikin saldo saya😡😡😡😡,0,17,negative,transaction_failed_balance_deducted,1,True
ded883dd-0a08-44c6-834f-117545bdd7ba,1,2026-05-13 22:24:53,"saldo udah kepotong kenapa gak masuk ya transaksi qris udah 4 kali transaksi blm balik juga saldo nya, padahal transaksi gagal kenapa kepotong saldo nya",0,25,negative,transaction_failed_balance_deducted,1,True
ced46852-037e-4205-8ef9-2d2604eb8e02,3,2026-05-13 22:24:56,"tolong la, saya tdi melakukan transaksi qris gagal tapi saldo sya kok terpotong, klau kayak gini sy yg rugi",0,19,neutral,transaction_failed_balance_deducted,1,True
9d6ba8ed-f18b-4a2a-af69-db798f66bdf0,1,2026-05-13 22:25:06,"gampang eror, sulit tranafer",0,4,negative,app_performance,1,True
6a16ae23-7771-48e6-a624-df0a4cea918a,4,2026-05-13 22:26:00,bagus,0,1,positive,,0,False
f1364633-b59b-4480-945a-5988dabb802e,1,2026-05-13 22:26:20,qr kepotong uang ilang,0,4,negative,,0,False
caa10647-caf7-459d-bd5e-4af682fa03be,1,2026-05-13 22:28:57,QRIS MOBILE NYA JELEK SUKA GAGAL TP SALDO KEPOTONG ... GILIRANCS DI HUBUNGI GADA YG BISA ... SOSMED LIVE NYA JG ISI NYA TUKANG POSTING ...J ELEK PARAHHH,0,28,negative,transaction_failed_balance_deducted,1,True
1dcff479-3157-4e0a-9af5-6d6e25fe6eb7,1,2026-05-13 22:31:34,bca gmna ni masa duit saya hilang tba tba 100rb,0,10,negative,,0,False
5c311a9a-2b33-4448-ae09-91889656c508,1,2026-05-13 22:31:34,barusan saya transper 4 kali pake qris gagal tapi ko saldonya terpotong apakah bisa kembali otomatis saldonya? apa bila harus lapor aja berarti BCA ini kalah canggih dengan aplikasi dana yang ibaratnya aplikasi masih baru,0,35,negative,"transaction_failed_balance_deducted,customer_service",2,True
aee7d84e-f314-4e7a-b39c-7b8f6da35e05,1,2026-05-13 22:32:31,"224- sementara transaksi tidak dapat diproses,silahkan coba beberapa saat lagi ternyata biar kuras salda aja ini qris bca gak jelas",0,20,negative,,0,False
3312f816-216c-44dc-a722-64e3f2adc506,1,2026-05-13 22:33:25,ternyata saya juga mengalami juga hbs belanja terpotong tapi gak masuk bagaimana ini Saldo apakah bisa balik lg jadi takut pake kenapa makin kesini bikin kita takut tolong perbaiki jangan sampe orang pada takut ini bahaya bgt,0,37,negative,unexplained_deduction,1,True
053232f2-fec9-4b44-8b4d-0d314ecd8660,1,2026-05-13 22:33:44,pembayaran qris gagal tapi saldo hilang ? donwload hallo bca juga gak bisa masuk . ada apa dengan mbanking bca ???,0,21,negative,"transaction_failed_balance_deducted,login_otp_access",2,True
6c6ce2b3-d2b9-4ffb-8d3a-0885e79f4dfa,1,2026-05-13 22:35:37,layananya buruk tidak ada respon,0,5,negative,,0,False
63950659-f37f-4f93-94a2-3cfcf5dfc5d7,5,2026-05-13 22:38:27,"ga beres nih bca, barusan QRIS keterangan gagal terus, dicoba lagi gagal lagi sampe 7 x masih gagal, giliran cek saldo, saldonya abis,giliran cek mutasi ada uang keluar (qris) sebanyak 7 x, kacau bca yg becus lah sistemnya",0,38,positive,transaction_failed_balance_deducted,1,True
5d30f56f-6f04-49b9-b2f0-b32c885299dc,3,2026-05-13 22:38:35,"min trns qris gagal ,saldo berkurang ,admin BCA WhatsApp dihubungi tidak ada konfirmasi , seolah pihak BCA menghindar dr hilangnya saldo nasabah...tanggung jawab anda itu mana ??",0,27,neutral,transaction_failed_balance_deducted,1,True
37faca3b-3a4f-45c0-97aa-a31af8a1f8ab,1,2026-05-13 22:39:43,sering eror Di qris saldo tidaj.kembali dan terpotong,0,8,negative,transaction_failed_balance_deducted,1,True
54051dab-f15e-44bf-8c65-1710f3ca6cb2,1,2026-05-13 22:40:45,"transfer qris gagal tapi saldo udah kepotong, hubungi cs nya susah nya minta mati... yang gangguan pihak bank yang di rugikan nasabah",0,22,negative,"transaction_failed_balance_deducted,customer_service",2,True
3d19e0f4-1a59-4242-a8bc-d0769948377a,5,2026-05-13 22:41:30,"Luar biasa tingkatkan pelayanannya selalu bintang 5, Thanks A Lot BCA mobile 🔥💯👍😁🙏🙏",0,13,positive,,0,False
9b51948d-60df-4bdc-96f5-1d10b979d660,1,2026-05-13 22:42:03,"kembalikan saldo yang udah terpotong.. kirim pembayaran lewat QRIS, gagal. saldo saya kepotong.. gimana tanggung jawabnya..mau di sebut penipu.. tanggapi bca",0,21,negative,transaction_failed_balance_deducted,1,True
c3a2b202-5023-452f-8574-95b668cff20b,2,2026-05-13 22:43:31,"baru kali ini kecewa sama bca, Qr sering gangguan bacaannya transaksi gagal tapi saldonya ke potong tolong ini pihak bca bagaimana?",0,21,negative,transaction_failed_balance_deducted,1,True
9b909d06-a2ee-4f4b-b963-16975a684c45,1,2026-05-13 22:43:57,ini kenapa saya melakukan pembayaran melalui qris satatus gagal tapi saldo saya kepotong kembalikan saldo saya,0,16,negative,transaction_failed_balance_deducted,1,True
866f9f78-0697-4c00-bfdb-eb1e915a7f57,5,2026-05-13 22:45:32,transaksi qris gagal 2x..tapi saldo terpotong apakah bisa kembali seperti semula saldonya?,0,12,positive,transaction_failed_balance_deducted,1,True
cb4f7de1-8462-4c91-9aeb-f2920e52f273,1,2026-05-13 22:46:14,woi transaksi pakai qris pertama gagal..dan kedua berhasil saldo mala jadi kepotong 2x..dasar layanan gak becus..duit orang di buat hilang..system bobrok..,0,21,negative,transaction_failed_balance_deducted,1,True
65f4e563-e429-4236-b34b-95220212b7e9,1,2026-05-13 22:50:42,"ini gmna sih transfer qris gagal saldo kepotong tapi GK balik"" lgi saldonya di hubungi customer service berkali-kali tapi alasan sedang sedang melayani costumer yng lain di tunggu lama ttep aja GK nyambung"" telvonny.. koperatif knapa GK logis dalam satu waktu melayani Costumer terus menerus sedangkan karyawan ribuan",0,48,negative,transaction_failed_balance_deducted,1,True
547557cf-313c-4ba0-a81e-3e5eb651e05d,1,2026-05-13 22:53:23,"tolong dong system nya di perbaiki lagi.. sudah 3x transaksi qrs warung gagal tapi saldo sudah ke potong, minta tolong banget ini mah adminn...",0,24,negative,transaction_failed_balance_deducted,1,True
d25ca0d0-4933-46b8-8167-cc63dd5ad3ba,1,2026-05-13 22:56:16,"coba untuk pihak bca tolong jelaskan, gua transaksi pake qris status ""TRANSAKSI GAGAL"" tapi saldo ilang dan kepotong, kalo kya gini terus makin lama makin amcur bca udah banyak komplain dan sampe sekarang hasilnya nihil.",0,35,negative,"transaction_failed_balance_deducted,customer_service",2,True
c43ee71f-5734-4024-be1e-d9c8a98df900,1,2026-05-13 23:00:48,tadi saya 4x transaksi gagal tapi saldo kepotong ini gimana???,0,10,negative,transaction_failed_balance_deducted,1,True
8bfe12c1-3c84-4321-a99e-623f7c701390,1,2026-05-13 23:03:33,saya bayar QR di mutasi terpotong saldo tp gagal di transaksi...,0,11,negative,,0,False
b8c8deed-7882-4680-9316-2742ab8eca88,1,2026-05-13 23:04:14,baru kali ini pengalaman pake bca qris gagal tapi komplain ke gmail alamat ini katanya ga bisa dipastikan saldo kembali parah banget bca,0,23,negative,"transaction_failed_balance_deducted,customer_service",2,True
4ee9f8ee-e6f9-46ae-b445-11aace6cbb12,1,2026-05-13 23:13:04,"lama lama jadi buruk , pembayaran lewat qris gagal saldo kepotong , gimana nih",0,14,negative,transaction_failed_balance_deducted,1,True
9de2ba6c-31e6-420e-9685-032a490dee51,1,2026-05-13 23:15:12,bca makin sekarang makin jelek teransfer pia qris ada bacan gagal tapi saldo berkurang gimna ini tanggung jawab bang bca,0,20,negative,transaction_failed_balance_deducted,1,True
7aa9ae7d-a439-4f05-9d9a-3c4955917732,1,2026-05-13 23:23:09,"sumpah najis banget nih sumpah, masa transaksi gagal tetep ke sedot saldonya kocaaaak kocaaakk, perbaiki lagi lah",0,17,negative,transaction_failed_balance_deducted,1,True
a9fc06cc-58ff-4215-8aec-9b15fed8c365,1,2026-05-13 23:23:54,"ini kenapa dah qris nya, saya udah transaksi status gagal sampe 3x tapi saldo ikutan kepotong",0,16,negative,transaction_failed_balance_deducted,1,True
dcd677b8-a206-4afb-9864-ca8b195702f9,1,2026-05-13 23:26:40,aplikasi tolol,0,2,negative,,0,False
298e8380-2e59-44d6-abe5-5104c7540364,2,2026-05-13 23:48:58,transaksi qris tidak berhasil sedangkan saldo sudah terpotong dan di mutasi ada bukti transaksi.bagaimana ini dengan saldo saya.bukan hanya sekali ini.tolonglah jangan kaya begitu..,0,24,negative,transaction_failed_balance_deducted,1,True
eb185460-3ea3-4079-9fed-82eb36f638b5,2,2026-05-13 23:53:57,ko transaksi qr gagal tapi saldo ko ke potong aih,0,10,negative,transaction_failed_balance_deducted,1,True
9796a2fe-04e5-4308-99f1-363ee50938c3,1,2026-05-13 23:54:59,melakukan transaksi dengan qris tp gagal trus.... dan anehnya saldo ke potong..... gmana ini..... apa saldo akan kembali ....saldo malah hilang.............ada tuyul nya jg.,0,24,negative,transaction_failed_balance_deducted,1,True
689c82dc-d4b9-4318-aef8-8ae0d8bcb414,1,2026-05-13 23:57:10,"Tolong dong Qrisnya Error Mulu, Transaksi Gagal tapi Saldo kepotong Anehhhh",0,11,negative,"transaction_failed_balance_deducted,app_performance",2,True
18f1d53a-0c02-41e5-9014-d3ef9f89d48c,1,2026-05-13 23:58:36,transaksi qris gagal tapi kepotong. bukti di inbox gak ada. pembeli minta bukti yang di inbox. kecewa sekali. uang hilang,0,20,negative,transaction_failed_balance_deducted,1,True
59eccd6e-6e44-4be1-a3d1-73148aa31610,1,2026-05-14 00:00:33,saldo tiba tiba hilang kenapa dah bca bca gimana nih solusi,0,11,negative,unexplained_deduction,1,True
b82205de-969e-4b70-9ee5-d59cab29caa0,1,2026-05-14 00:12:22,"beberapa kali bayar qris gagal tp saldo kepotong,beli token listrik juga astaghfirulloh",0,12,negative,transaction_failed_balance_deducted,1,True
d98cd926-9408-4f90-b443-b918cf089fbe,1,2026-05-14 00:18:19,uang saya lenyap 300.000 gara gara qris eror gak ada solusinya,0,11,negative,app_performance,1,True
1b685b58-a8c7-4d47-bc3b-f651d131d466,1,2026-05-14 00:21:57,"pembayaran qris gagal saldo sudah terpotong dan tidak kembali sudah beberapa kali seperti ini tetapi ga ada respon sama sekali, suruh hubungi ini itu sama aja ga ada respon sampai sekarang",1,31,negative,transaction_failed_balance_deducted,1,True
52b5b197-cce7-4f63-99be-a305d90da2c6,3,2026-05-14 00:35:14,"transaksi menggunakan qris gagal 3x tapi tiba tiba saldo kepotong masing masing dengan nominal 900rb total nya 2,7 jt. cs nya gk ada respon",0,24,neutral,"transaction_failed_balance_deducted,customer_service",2,True
6e23d3a2-512d-4cb5-8d21-b91a892fb5f3,1,2026-05-14 00:41:00,"gagal transaksi pakai metode QRIS tapi saldo malah tetep kepotong, dan saldo saya sampe kepotong 4 kali, udah jelas2 di notifikasinya ada tulisan gagal/error, tapi kenapa saldonya malah kepotong??? dan uang yang terpotong itu bukan jumlah yg kecil loh. sumpah kali ini saya sangat kecewa dengan pelayanan BCA",1,48,negative,transaction_failed_balance_deducted,1,True
ba6210f6-39b8-4b8f-b689-75c8c5927916,1,2026-05-14 00:50:10,"aplikasi rusak, saya belanja ke warung jadi debat dulu gara2 pembayaran qris nya gagal terus saldo udah kepotong tapi gk masuk ke rekening yg punya warung nya",0,27,negative,transaction_failed_balance_deducted,1,True
c1b05da7-02a8-4cde-b9a3-f87cbe73f608,1,2026-05-14 00:50:36,min ini gimna yah transaksi qris gagal dari jm 9 sampe sekarang saldo belom balik juga saldo nya mohon di cek min,0,22,negative,transaction_failed_balance_deducted,1,True
7f34d302-2eaf-47ee-ad0d-7cb3ac7acf5c,1,2026-05-14 01:03:35,"pembayaran Qris saya 2x gagal, saldo kepotong, giliran hubungin halo BCA, udah nunggu antrian lama"" giliran udah di jelasin malah bilang gak ada respon, gak jelas bngt lama"" ni bca, udah saldo yang kepotong gak balik""",0,36,negative,"transaction_failed_balance_deducted,customer_service",2,True
cdfa71ec-604f-4b5b-91e4-60402bced2ad,1,2026-05-14 01:04:19,"transaksi Qiris gagal terus, tapi saldo terpotong",0,7,negative,transaction_failed_balance_deducted,1,True
a2db4117-bbb7-491f-a6b5-3b2a632eadab,1,2026-05-14 01:19:07,qris BCA bahaya ini sering error udah gitu dana ngak balik ngaco parah jadi was was pake QR BCA sering errornya,0,21,negative,app_performance,1,True
8ae48054-ab46-40d3-bd44-930b6177a029,1,2026-05-14 01:29:54,woy bca balikin duit nasabah yang gagal pembayaran qris tapi saldonya ilang. tanggung jawab dong . halllahhh bca rusakkkk harus pindah bank,0,22,negative,transaction_failed_balance_deducted,1,True
2de73aa3-7bfa-4d59-9ed7-8932cd4564fd,1,2026-05-14 01:31:16,ini kenapa kok tranksaksi sedang gangguan tp saldo kepotong. gimana sih! kembalikan saldo sy woy,0,15,negative,app_performance,1,True
29c28d5b-842c-4e36-a787-2a8d53c020f5,5,2026-05-14 01:32:31,udah hampir 2 hari bca mobile error terus gak bisa masuk aplikasi,0,12,positive,"login_otp_access,app_performance",2,True
92ec66f6-c42f-4653-ae1d-00e67c266091,1,2026-05-14 01:46:59,"parah saya tf 50 gagal tapi saldo saya berkurang sampe 4 kali tf gagal uang keluar hilang sampe 200 ribu ,sangat tidak bertanggung jawab bca tidak di rekomendasikan",0,28,negative,,0,False
e36adef0-ab47-4817-bb29-90aa0863d710,1,2026-05-14 01:50:34,transaksi qris gagal tapi saldonya tetap kepotong gimana sih ini. sampai beberapa kali loh kepotongnya ini.,0,16,negative,transaction_failed_balance_deducted,1,True
35135347-c7a5-4a9f-b636-16a70b6d97cb,1,2026-05-14 02:09:57,"sialan qris gagal saldo kepotong ,gimana sihh bank besar masa gitu kan kesal ,kejelasan juga kurang banget deh hubungi cal canter nga ada respon",0,24,negative,transaction_failed_balance_deducted,1,True
566fe96e-963f-41ec-9091-c0ff6643122d,1,2026-05-14 02:21:32,"SALDO KEPOTONG , SISTIM TOLOL",0,5,negative,unexplained_deduction,1,True
90b008b0-5132-4a90-8b10-de3e0e90ad9e,1,2026-05-14 02:21:43,"tolong di bantu kembalikan saldo yang hilang, transaksi pake QRIS gagal tapi saldo kepotong dan tidak ada penjelasan dan tanggung jawab dari pihak BCA .",0,25,negative,transaction_failed_balance_deducted,1,True
a31fafa1-2f1e-4fc3-ac12-acc92396d180,3,2026-05-14 02:27:03,transaksi Qris gagal di terima tapi saldo terpotong tolong penjelsannya dan apakah saldo saya kembali tidak?,0,16,neutral,transaction_failed_balance_deducted,1,True
350ada97-7d71-452c-95ae-43acefe3a7d8,1,2026-05-14 02:34:37,balikin duit saya. scan qris transaksi gagal tp uang kesedot. sekelas bca begini kelakuannya,0,14,negative,transaction_failed_balance_deducted,1,True
ca98a15d-3980-40d9-9e1d-9dc992920f95,1,2026-05-14 02:43:59,aplikasi berat.. pakai qris saldo terpotong walaupun notifikasinya gagal.. sekelas bca kok kyk pakai aplikasi abal2 ya?,0,17,negative,transaction_failed_balance_deducted,1,True
96090b75-eb65-4a99-ba7a-67b626bbfb36,1,2026-05-14 03:12:13,WOY BCA KENAPA SIH TRANSAKSI GAGAL TAPI SALDO MALAH KEPOTONG DAN GA BALIK BALIK LAGI,0,15,negative,transaction_failed_balance_deducted,1,True
9f80d19c-3308-4d30-b853-225a2e4ed455,5,2026-05-14 03:21:47,sudah bisa di update lagi. trimakasih,0,6,positive,,0,False
ad46cbc6-9fea-4fba-b6ae-9fbde68ad851,3,2026-05-14 04:00:37,"ini gimana saldo kepotong payment pake qris tapi ga masuk saldo nya ke tujuan, dan bukti TF nya di mutasi gabisa kebuka !",0,23,neutral,transaction_failed_balance_deducted,1,True
5a3887d3-eb78-4dbf-a72d-efce52c0129b,4,2026-05-14 04:05:04,jaringan udah bagus warna lampu nya udah hijau giliran mau transfer malah transaksi gagal 🙄🙄,0,15,positive,"transaction_failed_balance_deducted,indicator_light_stuck",2,True
5c58cd58-ae4d-4767-a579-f740de198b83,1,2026-05-14 04:19:47,"saya transaksi pake qrs gagal 2 kali pas di cek saldo kepotong,itu saldo saya bakal kembali lagi ngga kalo ngga bakal saya hapus mbanking BCA saya",0,26,negative,transaction_failed_balance_deducted,1,True
3b3d6823-2c59-4a7b-94a3-816fa07cba70,1,2026-05-14 05:01:59,tolong di tindak lanjuti saya semalem pada tanggal 13mei 2026 melakukan transaksi qris yang pertama gagal saya kira ga kepotong. saya coba sampe 5x gagal semua sedangkan saldo kena potong 5x.tp transaksi gagal. ini gimana urusan nya. apakah akan kembali apa hangus,0,42,negative,transaction_failed_balance_deducted,1,True
ea762a0a-4c22-4b32-b009-c4990d856576,5,2026-05-14 05:12:25,"Mudah di gunakan, simple, dan terbaik",0,6,positive,,0,False
d16b575f-85a7-48ad-95bd-801c6cad6c58,1,2026-05-14 05:34:27,"saya melaku pembayaran sampai 3 kali total 150rb lebih di laporan tulisanya gagal tapi saldo saya berkurang, dan tidak ada pengembalian dana sama sekali.. dan q uris untuk pembayaran sering kali muter muter gak jelas ujung-ujungnya gagal dan harus secen lgi! ! ! apk No good !!!",4,47,negative,"transaction_failed_balance_deducted,customer_service",2,True
88e9aa73-9e8d-42a4-9ba9-0c75c2ff2739,1,2026-05-14 05:48:06,"untuk kesekian kalinya teransaksi qris gagal tapi saldo ke potong kalo gini kan rugi,terus tidak ada info sistem qrisnya eror atau rusak,tolong lah d perbaiki",0,25,negative,transaction_failed_balance_deducted,1,True
97752eba-d13e-4249-95b6-01f634bb2318,1,2026-05-14 05:53:10,Qris bca parah .,1,4,negative,,0,False
634312bc-2da3-4a26-8623-cbcea0f15be1,4,2026-05-14 06:06:25,tolong di bantu saya melakukan pembayarn qriis gagal tapi saldo saya terpotong tolong kembalikan saldo sya terima kasih,0,18,positive,transaction_failed_balance_deducted,1,True
26f6c11c-5d20-4e65-86bd-def7e8b7f82f,1,2026-05-14 06:06:32,"nyusahin nasabah aj ini pembayaran qris gagal tapi saldonya kepotong, hedeh",0,11,negative,transaction_failed_balance_deducted,1,True
7edaad0f-fb2a-4c17-846f-0f7d77eb2e24,2,2026-05-14 06:12:44,"Bayar qris 2x gagal saldo kepotong,,,,, tolong kembalikan uangnya ya tlp call susah banget udah tlp janji d kembalikan sampai hari ini masih blm ...... Gimana bca",0,27,negative,transaction_failed_balance_deducted,1,True
6f941543-6390-45c8-8af9-ad34b36ba380,1,2026-05-14 06:17:41,"KENAPA SERING BANGET SIH, QR GAGAL SALDO KEPOTONG TERUS SALDO GUA ILANG. TOLONG LAH PERBAIKIIIIIIIIII !!!! SAMA SINYAL SUKA GA STABIL !!!",0,22,negative,transaction_failed_balance_deducted,1,True
52b54f03-7b47-45cb-a859-61e933f8be60,2,2026-05-14 06:21:54,Qris Gagal 7x saldo kepotong bagaimana ini pihak BCA,0,9,negative,transaction_failed_balance_deducted,1,True
8e6289f2-44bb-4097-bb97-edceb68c9d27,1,2026-05-14 06:42:04,"bagaimana ini aplikasi, dimana tanggung jawab, saya melakukan transaksi Qris 2 kali gagal dan saldo terpotong. sampai sekarang saldo belum kembali.",0,21,negative,transaction_failed_balance_deducted,1,True
df1bbb81-ee2b-41ae-8b61-2d34fd322c63,2,2026-05-14 06:48:49,boikot bca sumpah 3x transaksi pakek qris status gagal tapi saldo kepotong Sampek sekarang uang belum balik nih parah banget sumpah!!!!,0,21,negative,transaction_failed_balance_deducted,1,True
beeb2da5-f23b-45ee-9b42-883c45829a71,1,2026-05-14 06:48:59,bca korupsi saldo qris gak di balikin,0,7,negative,,0,False
ea129a89-97ab-4541-ac79-b5b7d2eb0f74,1,2026-05-14 06:49:21,sudah sering transaksi Qris gagal tapi saldo terpotong tolong dong di kembalikan tanggung jawabnya kurang nih myBca,0,17,negative,transaction_failed_balance_deducted,1,True
6f6f2c4d-4580-49ab-b6d3-147590cbf520,1,2026-05-14 06:52:50,"bayar qris gagal saldo kepotong 2x ,katanya uang d kembalikan ini blm jg,tlp cast bca susah minta ampun",0,18,negative,transaction_failed_balance_deducted,1,True
f1a41661-49fd-44d0-8468-40846e900569,1,2026-05-14 07:22:41,"terlalu cape buat maklumin, cape banget transaksi gagal tapi saldo ke potong, tidak ada keterangan, tidak ada info bahkan tidak ada fitur tf otomatis ketika gagal, mana WA bcanya ga di bales"" , heran padahal WA resmi",1,37,negative,transaction_failed_balance_deducted,1,True
84d4cd9f-67e0-4b08-ae6b-16d13e987502,1,2026-05-14 07:24:30,"sangat kecewa, aplikasi error tapi masih bisa login, tanpa pemberitahuan. kronologi saat melakukan pembayaran Qris gagal sampai 2 kali di salah satu toko tidak sadar saldo tetap kepotong. saya sudah tunggu hampir 24jam tapi belum balik saldo saya. kasihan orang yang kejadian sama seperti saya alami tapi mereka yang tidak sadar kalau saldo mereka terpotong.",14,55,negative,transaction_failed_balance_deducted,1,True
e12dab62-7334-4d65-b95b-903a787804d2,1,2026-05-14 07:28:35,saya sudah mengalami 3x ini transaksi menggunakan qris gagal tapi saldo tetap berkurang. respons adminnya lambat sekali,2,17,negative,transaction_failed_balance_deducted,1,True
5007f627-da72-4e83-b588-be23c7f6c98a,5,2026-05-14 07:33:45,sy SDH melakukan pembayaran pake qris tp gagal tp saldo terpotong gimna itu,0,13,positive,transaction_failed_balance_deducted,1,True
29ff320f-57c2-4b4c-a784-013959ef5aaf,1,2026-05-14 07:34:34,"tolong case hari ini diperbaikin lagi, transaksi qris udh smle 6kali gagal tp saldo kepotong! tapi ga masuk ke penerima! smpe pagi cs gabisa dihubungin juga. udh banyak komplen di ig sampe twiter juga blm ditindak lanjutin untuk masalah qris .",2,41,negative,"transaction_failed_balance_deducted,customer_service",2,True
5718ad03-e5ea-492e-b4fe-6c0adb883a89,1,2026-05-14 07:40:53,"bayar Qris keterangan gagal. saldo kepotong. uang 200 gede bagi saya. udah telpon halo BCA jawaban berbelit2. pake dari 2020 hari ini, THN 2026 kecewa. mana lampu indikator lama banget. sinyal full kartu simpati. ampun ampun. sumpah kalo kaya gini caranya saya gak mau pake BCA lagi. orangnya baik sopan ramah baik pegawai n satpam. tapi kalo aplikasi merugikan buat apa di pertahankan.",0,63,negative,"transaction_failed_balance_deducted,indicator_light_stuck,customer_service",3,True
e879c8f8-ec53-4813-bd20-dff64b7500f8,1,2026-05-14 07:57:22,BCA gimana si saya tgl 13 saya make qris gagal dan ngga masuk ke penjual tapi saldo saya kepotong mana saya 11 kali nyoba gimana ini tanggung jawabnya,0,28,negative,transaction_failed_balance_deducted,1,True
7f6c6d86-70d1-413d-8233-75cfd9495443,1,2026-05-14 08:05:32,"sy transfer saldo sdh kepotong tp saldo tdk ada di penerimanya,ini BCA lg eror apa gmn tolong tuk di perbaiki supaya konsumen nya ngga ragu",0,25,negative,transaction_failed_balance_deducted,1,True
5a9be726-8ecf-4a83-8357-983554c44533,5,2026-05-14 08:06:12,saya melakukan pembayaran qris tapi gagal saldo ttp dipotong mohon kembalikan saldo saya,0,13,positive,transaction_failed_balance_deducted,1,True
6c317b36-363f-46af-b220-9073dc64f17c,2,2026-05-14 08:15:22,"bca gak jelas gimana sii padahal seluruh indonesia pake sistemnya gini,saya melakukan pembayaran lewat qris pending mulu mana saldo berkurang lagi",0,21,negative,,0,False
ff405ddc-0416-4d82-b808-9d10beecb401,1,2026-05-14 08:18:03,"BCA ini ga ada info apa apa? pembayaran qris kalo eror, saya sudah bayar qris 2x gagal terus dihalaman nya, tapi pas cek saldo Mala kepotong, sudah WhatsApp BCA,email BCA,sampai telpon kantor, gak ada respon semuanya, uang saya nyangkut kemana coba? di penjual gak masuk, disaya kepotong bego bener, gak ada penjelasan apa apa lagi,",3,55,negative,transaction_failed_balance_deducted,1,True
72e51d12-a988-42d0-a2f1-8985928a6117,3,2026-05-14 08:23:41,admin mahal,0,2,neutral,,0,False
03eb9eeb-8b35-45bd-8833-659fbf49d450,5,2026-05-14 08:35:15,mohon dibantu saya bayar Qris tp gagal tp saldo sy berkurang setelah sy cek mutasi keluar mohon dibantu,0,18,positive,transaction_failed_balance_deducted,1,True
4075b3f9-bfd9-4263-ab10-fd84a778f779,1,2026-05-14 08:40:10,"transakasi gagal tapi saldo kepotong, bangke",0,6,negative,transaction_failed_balance_deducted,1,True
aa5738a8-3ed8-445b-9269-e93ace0b01c8,1,2026-05-14 08:45:42,masalah dan gangguan trs qris gagal tapi saldo berkurang,0,9,negative,"transaction_failed_balance_deducted,app_performance",2,True
d8f5e6a9-4c84-43e5-bb1b-2d25fa92d8c0,1,2026-05-14 08:49:33,"QRIS gagal tapi saldo tetap kepotong tanpa ada riwayat transaksi di inbox QRIS. jika memang sistem nya terkendala,transaksi itu memang batal dan tidak merugikan pengguna. Sudah sering terjadi seperti itu tapi tidak ada perbaikan sistem",2,35,negative,"transaction_failed_balance_deducted,maintenance_downtime",2,True
864cfdf4-5521-4b75-ad59-b563c491ce1e,1,2026-05-14 08:49:40,woy qiris gagal ko saldo berkurang...itu gimana PD JM 21:00 tgl 13.5.2026,0,12,negative,,0,False
b1868917-7a36-4334-8c82-77f99261e80c,5,2026-05-14 08:59:06,👍👍👍,0,1,positive,,0,False
06a2e928-be3c-4c3f-bd36-dcd365324594,1,2026-05-14 09:05:34,"teruss"" an kalo qris lampu indikator warna biru terus udah apk lemot dan sama satu lagi udah ga pertama kali ngalamin qris ada tulisan gagal suruh ngulangin lagi tapi saldo kepotong,contoh aja semalem saldo terakhir mau buat qris ada tulisan gagal terus giliran di cek saldo nya udah ga ada,di cek mutasi pun ada pengeluaran tapi entah kemanaa padahal satu"" nya uang harapan untuk bertahan hidup",5,66,negative,"transaction_failed_balance_deducted,indicator_light_stuck",2,True
ba31d8a8-cc91-4f4a-9187-5deb3916b177,2,2026-05-14 09:09:10,kenapa semalam pembayaran gagal tapi saldo gk ada... saldo sampe sekarang blum balik lagi...,0,14,negative,transaction_failed_balance_deducted,1,True
5a6f9408-7596-408d-8484-6f5ce3844522,5,2026-05-14 09:11:10,BCA...OKE,0,1,positive,,0,False
5e8f3dce-76a7-4b64-a867-e6bcad9214a7,1,2026-05-14 09:27:36,parah.,0,1,negative,,0,False
0d2ccdfc-ea19-4624-be08-54b0e4d2d283,1,2026-05-14 09:36:33,transaksi qris gagal tapi saldo ke debit sampe bbrapa kali,0,10,negative,transaction_failed_balance_deducted,1,True
40368b89-08fa-4eac-b8c6-d748edbdd6d8,1,2026-05-14 09:36:34,"kenapa bca akhir akhir ini banyak gangguan nya seperti qris eror tapi duit udh kesedot dan disana juga gamasuk duit yang kita transfer melalui qris,tolong perbaiki lagi ya bca,I always support you 🤍",0,33,negative,app_performance,1,True
3145387b-5410-4ea7-9cda-5e74ac2f0f0a,1,2026-05-14 09:38:55,"saldo terpotong, padahal transaksi gagal",0,5,negative,transaction_failed_balance_deducted,1,True
f258408a-035f-48e8-9f62-36e399d141ab,1,2026-05-14 09:47:56,woy ini gimana transaksi qris gagal tapi saldo terpotong sampe 3X.... balikin uang nya woyyy,0,15,negative,transaction_failed_balance_deducted,1,True
7046df6e-1ad9-4a8b-aaf8-469647c65984,1,2026-05-14 09:52:09,BCA SEKARANG KO ANEH YA BCA SAYA STIAP MAU DI PAKE QRIS SALDO BERKURANG UDAH 2 HRI ITU KNAPA,0,19,negative,,0,False
0be02d39-d29f-4e84-a3ec-0e1b0901d4f8,1,2026-05-14 09:54:11,tranfer lewat qris gagal trus tapi itu kepotong berapa kali.... gak balik saldo nya😭😭😭😭.. gmana bca,0,16,negative,transaction_failed_balance_deducted,1,True
0a16ed82-1e96-477c-87fa-7c99af9845df,1,2026-05-14 10:04:55,"saya sarankan jangana gunakan Bank ini sangat di rugikan untuk nasabah tidak ada keuntungan sedikitpun di Bank BCA ini, ngurus uang sendiri saja ribet banget apa lagi kalian yang menggunakana Bank ini di Luar Negri",0,35,negative,,0,False
d42432c8-3c2f-48d5-bce3-f4f1d9deb34d,1,2026-05-14 10:08:13,kecewa banget dengan respon BCA masalah QRIS gagal 2 kali tapi saldo tetap dipotong katanya tlpn di hallo BCA Gratis tapi saldo kesedot abis bank yang selalu gue banggain² bisa buruk gini layanannya ampun dehhh,0,35,negative,transaction_failed_balance_deducted,1,True
2e5ff691-8ba0-4267-b066-ef03d7236c1b,1,2026-05-14 10:12:14,"Qris gagal tapi saldo dimakan sama bca, sudah kirim email & pengaduan via WA tapi g direspon, suruh tlp sdh saya tlp habis pulsa 5rb malah isinya bot, licik",0,29,negative,transaction_failed_balance_deducted,1,True
4e09a8c6-0f35-4f84-97a0-10090a59023e,1,2026-05-14 10:21:45,saya melakukan pembayaran qiris pembayaran gagal tapi saldonya sudah kepotong di liat dari mutas sukses begitu di liat dari bukti pembayaran QRISNYA nggk ada gimanalah ini,0,26,negative,transaction_failed_balance_deducted,1,True
d1705622-3581-4da6-b91c-d3bbf2fabe6b,1,2026-05-14 10:53:12,"WOIII, QRIS GAGAL TAPI SALDO KEPOTONG SUDAH BEBERAPA HARI, BANYAK NASABAH KEPOTONG SALDO NYA, BANYAK YG BELUM KEMBALI SALDONYA, RESPON LEMAH, SEMUA GA BISA DIHUBUNGI, BALIKIN SALDO SAYA",0,28,negative,transaction_failed_balance_deducted,1,True
151bf0b8-19ce-4253-b64c-2fc9e171f393,2,2026-05-14 10:57:51,"ini gimana transaksi gagal 2 kali tapi saldo kepotong 2 kali juga tidak ada pemberitahuan sama sekali,dan sangat susah untuk hubungi cs nya",1,23,negative,"transaction_failed_balance_deducted,customer_service",2,True
e80d500f-be5c-487a-9735-0251dcc1a157,1,2026-05-14 11:03:23,"bank apaan ini,saldo hilang sendiri,transaksi gagal saldo saya berkurang,ditanya gak ada jawaban dari pihak bca",0,15,negative,transaction_failed_balance_deducted,1,True
8ecb3337-0b0d-407b-8177-ecf626a68843,1,2026-05-14 11:05:09,saya gak tahu aplikasi ini,0,5,negative,,0,False
d9487b32-0f8b-4918-829e-7475cda6e544,1,2026-05-14 11:06:23,transaksi qris gagal. tapi kenapa saldo kepotong. dan saldo gak baik lagi. kenapa ini,0,14,negative,transaction_failed_balance_deducted,1,True
f3c4cdd1-cd0b-4601-af69-21cff64a50b6,1,2026-05-14 11:09:37,"Saya kecewa udh sekian tahun saya pke BCA, masa transaksi qris gagal tp cek mutasi berhasil hadeh gmn sih tolong perbaiki lgi lh",0,23,negative,transaction_failed_balance_deducted,1,True
0a36fea9-6d1f-4eb5-86ec-d90dda46c61f,5,2026-05-14 11:11:37,"tolong bantu saya,saya sudah tranfer lewat qris gagal,tpi saldo berkurang",0,10,positive,transaction_failed_balance_deducted,1,True
8714f6b2-bef7-438d-af6b-0dafc634b90a,1,2026-05-14 11:13:44,suka transaksi gagal tapi saldo terpotong,0,6,negative,transaction_failed_balance_deducted,1,True
ae14da52-cc50-41b1-a62e-60aaeb67561c,1,2026-05-14 11:16:19,minta penjelasan masalah Qris gagal di balas cuma pake template ga ada tanggung jawab nya nih bca,0,17,negative,transaction_failed_balance_deducted,1,True
e2df4ce3-a1bb-40e8-818c-90163daa6e7a,1,2026-05-14 11:31:49,"kalau malam suka error, gagal tapi saldo terpotong ☺",0,9,negative,"transaction_failed_balance_deducted,app_performance",2,True
3a0a4084-24b0-42e2-9e0f-1b3dc8f829d0,1,2026-05-14 11:52:09,sudah jadi kebiasaan gagal qris saldo ke potong sampai 3 kali..jadi total selama ini sudah puluhan kali seolah olah di sengaja untuk mencari keuntungan..penipuan perbankan.yg ngak bisa melapor jadi hangus dana yg di ambil..mau melapor hari halo bca ngak bisa.nomor 1500888 juga ngak bisa..malahan pulsa saya habis ngak terhubung semua serba pkai uang..aneh yg namanya gagal saldo bisa hilang sperti di sengaja.,1,62,negative,"transaction_failed_balance_deducted,customer_service",2,True
9d2fd468-764c-4f08-82f8-93b9d0ded882,1,2026-05-14 11:54:54,"interface jadul, lambat menanggapi komplain",0,5,negative,customer_service,1,True
d4eb807d-c9e3-4eec-a989-133d205f17cd,1,2026-05-14 12:01:31,Tolong donk gimna Qris dana nya belum kembali,0,8,negative,,0,False
a42069f4-e732-4740-a534-3cbed4d9ed0f,3,2026-05-14 12:01:55,apk nya kurang bagus buat qris gagal tapi saldo mengurang gmn tanggung jawab nya tu dari bca tolong kembali kan saldo saya sebesar 60000,0,24,neutral,transaction_failed_balance_deducted,1,True
8bf257c9-bfb4-46f8-a6ef-21500d07414f,5,2026-05-14 12:03:24,bos transaksiku lewat qris gagal tapi saldo terpotong mohon pertanggung jawaban nya,0,12,positive,transaction_failed_balance_deducted,1,True
92e4b7f9-d864-4858-b228-be6642082e08,1,2026-05-14 12:04:41,"transaksi qris tapi tulisan nya ""transaksi gagal silahkan coba lagi"" pas diulang sampe 4x baru ngeh saldo dj potong 4x di mutasi, tapi pembayaran gak berhasil sama sekali, ini gimana? saldo dipotong dan belum balik sama sekali, sedangkan merchant gamau tau karna pembayaran belum masuk dimereka, kacau ah bca",13,49,negative,transaction_failed_balance_deducted,1,True
18b0b293-66f4-4481-ae26-46892d3cd572,1,2026-05-14 12:08:18,kenapa sekrg sering sekali gangguan ketika transaksi qris ..sering sekali transaksi gagal namun saldo hilang,0,15,negative,"transaction_failed_balance_deducted,app_performance",2,True
a286435d-e888-4ea4-8e03-fd7a364a086a,1,2026-05-14 12:11:10,"Kembalikan Uang saya Segera, kemarin saya transaksi QR di SPBU 150k sebanyak 3x dan gagal. tapi malah tetap saldo saya di potong. Belajar sana sama aplikasi hijau, kalo transaksi gagal itu dana tidak di potong. gagal ya gagal. bukan malah uang saya tetap dipotong. IT nya kurang pintar, sangat kecewa. saya sangat kecewa. Bank besar tapi sistem n pelayanan buruk",2,60,negative,,0,False
2ea2af64-3aa6-43e0-b63c-ea18c84d98f9,1,2026-05-14 12:15:52,"saya 2x transaksi qriss gagal namun saldo tetap terpotong, saya konfirmasi ke toko tetapi tidak ada saldo di terima. pengaduan malah di putar2 kan. aneh gagal transaksi saldo tetap terpotong",0,30,negative,transaction_failed_balance_deducted,1,True
cc499c11-cd46-4e7f-8a1d-aeb2d52346bb,1,2026-05-14 12:30:18,knpa ya aplikasi yg baru ini Qris gagal saldo kepotong,0,10,negative,transaction_failed_balance_deducted,1,True
0c113882-d596-4a0b-8c3c-c169b22786ef,3,2026-05-14 12:38:13,sering disconnect pdhal jaringan bagus,0,5,neutral,,0,False
62025be8-9681-4234-94a2-6517ec6d1068,5,2026-05-14 12:42:35,Sangat sangat Dan sangat bermanfaat,0,5,positive,,0,False
2a931740-f182-438e-a60a-f5ec50228d39,1,2026-05-14 12:47:14,"nyesel make bca,qris gagal,tapi saldo kepotong,sampai hari ini saldo blm masuk,yg blm pake bca mending pikir pikir lg kalo mau bikin rekening bca,,,saldo ilang ga balik lagi",0,27,negative,transaction_failed_balance_deducted,1,True
4930f595-185f-4634-8a99-728f74c1d307,1,2026-05-14 12:53:26,"transaksi qris gagal 2x, saldo kepotong. call center di hubungi gagal terus",0,12,negative,"transaction_failed_balance_deducted,customer_service",2,True
fcf32567-9628-4233-9ff5-804831791b4a,1,2026-05-14 13:08:14,"aplikasi sarap, buruk, terlalu sering kedip lampu indikatornya nya ribet kalo transaksi ,udah gitu mutasinya uang udah kepotong tapi gak masuk, gak di balikin lagi uang nya parah, kalo lagi gangguan kasih notif, jangan seenaknya ,",2,36,negative,app_performance,1,True
18bda8c6-6504-4a57-a1c5-3d76a2a43675,1,2026-05-14 13:08:51,transaksi qris gagal sudah hub cs tp dioper oper terus sekalinya sudah tlp cs ga bisa gimana ini saldo saya,0,20,negative,"transaction_failed_balance_deducted,customer_service",2,True
9b0513be-9145-462b-9df0-dcc0d1849e64,1,2026-05-14 13:16:37,dana pending gak di balikin balikin,0,6,negative,,0,False
3ed4d1be-81c8-48c9-9e8c-d99ad9370fe5,1,2026-05-14 13:19:07,"pembayaran qriss sering trobel, uang juga tidak langsung dikembalikan, layanan keuangan paling buruk. tidak bertanggung jawab",0,16,negative,,0,False
ff1d23aa-4140-4405-911b-a85e37dc351c,1,2026-05-14 13:22:43,kecewa ada kendala di transaksi saya saya melakukan pembayaran melalui qris tetapi di tolak saya ulangin sebanyak 3 kali . setelah saya cek saldo saya sekalinya terkurang tetap dengan nominal yang sama sebanyak 3 kali ngehubungin melalui #HaloBCA ga bisa melalui wa resmi ga bisa terus kami pekerja di lokasi gymana nyelesaikannya kalo lewat layanan online ga bisa semua kecewa parah sih. ikhlas aja ambil aja uang nasabahmu,0,68,negative,,0,False
8b45e50d-210c-4f6d-8dbe-61e75ece5c6b,4,2026-05-14 13:26:29,min ini gimana semalam sy mau bayar pake qris tpi ga masuk dan saldo saya terpotong sampe sekarang blm blk lagi??,0,21,positive,transaction_failed_balance_deducted,1,True
2f4db14f-1d81-4f95-bb7b-13c59d23fffb,4,2026-05-14 14:00:38,ini kenapa saya qris 4x ggal trus tapi saldo kepotong 4x jga ya gmana ini,0,15,positive,transaction_failed_balance_deducted,1,True
49a85f3b-f0d7-4a80-8685-088a90fbf277,1,2026-05-14 14:00:58,"BANK PELAYANAN SAMPAH, TRANSAKSI QRIS DR TD MALAM SDH TERPOTONG SALDO TP GA MASUK2, DI HUBUNGI SEMUA CS GA ADA RESPON SAMA SEKALI, DI TLP DAN DI EMAIL, PELAYANAN MAKIN BURUK, PADAHAL DI KENAL BANK DENGAN PELAYANAN YG BAGUS, DARI BANK BCA TIDAK ADA KLARIFIKASI PERMOHONAN MAAF GANGGUAN MASAL TRANSAKSI QRIS",0,51,negative,"transaction_failed_balance_deducted,customer_service",2,True
b5344cf4-98ca-4103-b209-f6138efb36c7,5,2026-05-14 14:54:16,"saya ganti bintang nya jadi 5,karena sebelumnya saya kasih bintang 1 karena sistem QRIS bermasalah tidak ada info dan app yang seharusnya mudah untuk berkomunikasi dengan nasabah sempat tidak bisa di gunakan. untuk kedepannya sistem BCA lebih di tingkatkan lagi dalam memberikan info trouble atau tidaknya kepada nasabah. poin seperti itu sangat penting bagi nasabah. terimakasih sudah mengembalikan dana saya.",17,60,positive,app_performance,1,True
f891a9f9-abc3-4d6b-8404-7751bd255ff7,5,2026-05-14 15:20:50,saldo hilang karena qris pembayaran . mutasi qr tidak ada jdi gabisa melakukan pembelian tpi saldo tetap hilang. Terimakasih untuk respon cepatnya,0,22,positive,,0,False
95d5b265-f13d-432d-9b62-f4e7ebef2bce,1,2026-05-14 15:27:01,"baru 2 minggu diaktifkan, pas dibuka minta verifikasi ulang, setelah dimasukan no kartu atm, gak bisa dibuka aplikasinya......loading terus padahal kuota besar, pakai wifi sama aja gak bisa dibuka, gua jdi kecewa",0,32,negative,app_performance,1,True
39f78af0-27e1-42ea-b136-a695b371a47a,5,2026-05-14 15:51:57,transaksi gagal pakai qris tapi saldo kepotong!!!,0,7,positive,transaction_failed_balance_deducted,1,True
f1ba753a-e8ed-4c22-99ab-06366398b1f4,2,2026-05-14 16:33:15,PUSING BANGET NUNGGU LAMPU BIRU LAMPU HIJAU GAGUNA,0,8,negative,indicator_light_stuck,1,True
1cef52c7-8677-421c-b7cc-c11979bc5bc5,5,2026-05-14 17:00:03,kurang gesit aja...,1,3,positive,,0,False
ba289817-e2ed-4629-8cb5-08b50b4caea9,1,2026-05-14 17:26:33,"3x transaksi Qris ku gagal tp saldo kepotong, tolong dong bagaimana caranya biar saldo ku kembali.",0,16,negative,transaction_failed_balance_deducted,1,True
6dae8375-d764-45a0-af6e-9e803609e948,1,2026-05-14 17:34:46,"BCA mobile payah saldo saya hilang lagi hari ini bener bener PARAH,",0,12,negative,unexplained_deduction,1,True
e2174da5-5267-4362-8b59-97196fe0900a,5,2026-05-14 18:54:35,bagus... tpi aplikasinya ko ga bsa muncul di layar HP aku ya??,0,12,positive,,0,False
4929e905-8739-4c1c-be29-b107d786792d,5,2026-05-14 19:38:05,oke,0,1,positive,,0,False
a9c8fbd2-0ed8-496d-a061-66de43d0a1c1,1,2026-05-14 19:42:25,"dafar ulang bolak balik gagal trs,...bca sudah tak sebagus dulu",0,10,negative,,0,False
c8953bb4-4ab0-4a31-a24f-c7562b375b21,1,2026-05-14 19:52:12,m-BCA merah 🔴 terus mau TF juga yaaa ampun daaahhh,0,10,negative,,0,False
ae9bd777-1059-4cc2-8ae1-1d5081bcbf4f,5,2026-05-14 20:02:51,sangat cocok buat saya BCA mobil,0,6,positive,,0,False
febbbba1-c56c-4ac4-9f38-7e6a0c7d9836,1,2026-05-14 20:08:35,sinyal bagus. masih aja merah ga bisa transaksi.,0,8,negative,indicator_light_stuck,1,True
34d4e2d2-5ea7-44b8-b54e-f2ea05d1e73b,1,2026-05-14 20:20:34,"mau buka aplikasi susah bangett,,merah mulu, apalagi mau transaksi qris..shame on you bca, bank gede ngurus apps kecil begini aja ga becus",0,22,negative,,0,False
a31822d5-04ad-478c-aaf2-41027bd41528,1,2026-05-14 20:27:30,ko sekarang susah banget sinyal nya drop mulu mau transaksi susahhh jadinya elah,0,13,negative,,0,False
10d0a929-b381-499b-aa38-efa20069bbf7,5,2026-05-14 20:43:12,bagus,0,1,positive,,0,False
85ce86ce-9c0b-4f47-a2e7-0ceb447b272a,4,2026-05-14 21:00:55,perbaiki lah bos lemod banget ini sinyal bagus tapi lampu ijo nya suka rubah ke biru lagi kirain q doang ternyata pengguna lain mengalami keluhan sama,0,26,positive,indicator_light_stuck,1,True
60af7abe-7cb1-450c-be5c-7ce804c31c51,4,2026-05-14 21:43:30,memuaskan,0,1,positive,,0,False
22ad7fc2-98ba-4704-af54-6d00402dc0d9,4,2026-05-15 02:10:12,"terimakasih min, saldo rekening gw sudah kembali tingkatkan kembali",0,9,positive,,0,False
19aaef47-1ee0-4eb4-a0a2-a70daf5dc63b,3,2026-05-15 06:59:59,ga tau kenapa BCA mobil lama banget lodingny.. indikasi merah lama.. pas TF uang kepotong tp ga terkirim. memang pasti akan kembali uang yg gagal tadi tapi kan buat bingung. tolong BCA kembali seperti dl...BANK TER THEBEST,0,37,neutral,,0,False
c006eb46-4333-405a-a103-a6a8c45249b1,2,2026-05-15 07:28:31,saya kecewa masa kode akses sudah benar malah tidak bisa login ke mbanking dengan notif kode akses salah dan harus 6digit padahal sudah benar sesuai dengan petunjuk,0,27,negative,login_otp_access,1,True
83b654d9-abc7-4940-af64-42cae92484ef,1,2026-05-15 08:26:33,bca apa sedang gangguan pembayaran lewat qris gagal tapi saldo kepotong,0,11,negative,transaction_failed_balance_deducted,1,True
41cd1bc5-82a3-4d7c-9523-30eb6647ba59,5,2026-05-15 09:06:41,bgus,0,1,positive,,0,False
8d8312a6-7e28-4d41-9f2e-cfb7e3c67815,4,2026-05-15 09:13:47,"verifikasi muka sulit, bikin emosi",0,5,positive,face_verification_failure,1,True
827fe76f-e9a2-4d2d-893e-3d8131ba88b5,1,2026-05-15 09:51:25,cs nya berbelit belit dan tidak member solusi ketika uang hilang,0,11,negative,customer_service,1,True
1c65fd22-d896-48c9-83c4-8423349af90c,1,2026-05-15 10:39:11,hal yang paling gak disukai di BCA m-banking ini pas waktu ngisi kartu flazz.. padahal enggak gerak sama sekali susah terbaca... sekali terbaca kadang gagal tapi saldo kepotong... paling ribet,0,30,negative,transaction_failed_balance_deducted,1,True
04f81521-a5b1-49ed-b677-65dc8cc4bf4f,1,2026-05-15 10:42:58,RIBET GANTI HP MAU DAFTAR ULANG MY BCA,0,8,negative,,0,False
f2ebc142-b945-4c9c-adc6-59c54572a866,5,2026-05-15 10:53:16,sangat aman dan terpercaya..dan mudah dipahami..👍,0,6,positive,,0,False
4ea7f3c6-772d-4168-ae60-da7005322f57,5,2026-05-15 11:15:16,bagus,0,1,positive,,0,False
7ec69730-77e2-49d3-867b-9b4d7c297da5,5,2026-05-15 11:28:05,bagus,0,1,positive,,0,False
66c09571-ec81-46c1-b0f1-649b65dfb2e7,1,2026-05-15 11:32:33,Apk terlemot bangkeee.. lampunya merah terus mau transaksi aja susah banget anjiiirrr,0,12,negative,,0,False
7d4a6cb4-65b4-4115-8528-4fada370f8e4,3,2026-05-15 11:35:36,"saldo saya tiba tiba kepotong 50, cek mutasi ga ada tapi saldo bener bener ilang 50. gimna cerita nya ini",0,20,neutral,unexplained_deduction,1,True
8e8a94ca-4e53-480d-938c-bdd77d99ce0b,4,2026-05-15 12:01:58,"saya lupa no. 16 dingit yang ada di kartu bca,, karena belum cetak kartu, cara mengetahuinya d mna ya",0,19,positive,,0,False
632e844d-11a0-4e1e-9938-5d7f5cc9ac6c,5,2026-05-15 12:28:50,Sangat mmbantu...mantap pak bosss...Pertahankan dan Tingkatkan knyamanan dan keamanananya...,0,9,positive,,0,False
3210f7f1-f3bf-4031-99a8-06d1685d1cb5,5,2026-05-15 13:10:27,👍👍👍👍,0,1,positive,,0,False
a13a271a-97d4-4e9c-ae33-89eee62bbaec,1,2026-05-15 13:24:53,"layanan qris gagal terus saldo kepotong, tanya layanan 1500888 ngk ngaruh ribet uang ngk kembali pengembalian tidak ada di mutasi terlihat ada uang masuk tapi saldo tidak bertambah, lama lama muak juga sama bca ini",0,35,negative,transaction_failed_balance_deducted,1,True
01c15a2c-992c-4e17-b37c-dbabb988ef74,5,2026-05-15 13:24:55,ok,0,1,positive,,0,False
648c17fb-d1e0-4700-8dfb-d9bba79dead2,5,2026-05-15 14:14:41,Mantul,0,1,positive,,0,False
79def4d9-0bee-4a55-a76b-709d94342b0c,1,2026-05-15 15:12:10,"selalu harus masukan nomer ATM berulang ulang untuk masuk ketika hp saya kebetulan ke reset , mau ke BCA digital tapi mengikuti jam operasional cabang, dimana tanggal merah libur. adanya ATM BCA digital jika hanya mengikuti jam operasional sangatlah tidak efektif, kecewa saya sama bca",0,45,negative,customer_service,1,True
4ce07be9-992f-4332-9c07-d1a616a23ac5,1,2026-05-15 15:15:34,"aplikasi apa ini daftar online tinggl vidio call gk pernh nyambung,,, nyesel daftar di sini",0,15,negative,,0,False
c688f665-6662-40de-80b9-bd7a1dd82d75,1,2026-05-15 15:20:05,ajg susah bgtt,0,3,negative,,0,False
e947b017-ffaa-453f-971b-cba08ed1a291,1,2026-05-15 16:33:13,uda 2026 login mbanking aja masi make sms butuh pulsa juga ripuh,0,12,negative,,0,False
c4da013f-7990-49e2-8687-b42386c3fd51,1,2026-05-15 16:41:06,indikator merah terus,0,3,negative,indicator_light_stuck,1,True
671acb65-6fd0-4b9f-8830-f700cef5987a,1,2026-05-15 16:44:52,"Oi yang bener nih, PULSA SAYA HABIS HANYA UNTUK MINTA OTP, BENERIN LAH SISTEM MU!",0,15,negative,login_otp_access,1,True
b17f7325-8252-40d4-ba64-d3930095eae0,5,2026-05-15 16:49:14,BCA is.oke,0,2,positive,,0,False
f6ec4fad-7163-438e-a9cc-69995814d6f9,5,2026-05-15 17:16:17,sangat bagus,0,2,positive,,0,False
973b4b03-7905-4cc7-99c6-8037661262f7,5,2026-05-15 17:20:28,bisain dong,0,2,positive,,0,False
b4c9ad30-5d8a-4b0b-ab69-2203d3459ff7,3,2026-05-15 17:47:26,Akhir akhir ini BCA Mobile nya kok sering gangguan ya ?? klu sudah malam pukul 22.00 ke atas pasti gak bisa melakukan transaksi. knp bisa begitu.. Sampai saya harus Transfer via ATM klu sdh malam.. Tolong di perbaiki lagi dong krn transaksi saya sering di lakukan di malam hari .,0,50,neutral,app_performance,1,True
eed20367-dd94-446b-b0f3-9ecf50b24967,1,2026-05-15 17:58:47,semenjak di upgrade ke versi terbaru... skrg masukin kode akses 3x baru di terima...padahal 1x dan yg 2x itu benar selalu di tolak... bahaya klu LG urgent tiba2 blokir... tolong di perbaiki,4,32,negative,login_otp_access,1,True
6769a787-6ba2-4c5f-8c44-3ecd63b8ae7c,1,2026-05-15 18:26:10,Qris nya rusak saldo udah 2 hari ga balik,0,9,negative,,0,False
d4db6354-c195-4c0f-ae8a-6487e74bab40,5,2026-05-15 18:27:10,layanan cepat,0,2,positive,,0,False
25f302ff-bc8e-4044-bd22-169122b4326d,3,2026-05-15 18:54:22,"bca mobile apa sedang trouble kah,mau pembayaran qris dri kmren g bs terus",0,13,neutral,app_performance,1,True
ccf12c50-c3c0-44e2-bd54-97cb7e1ab63a,1,2026-05-15 19:27:23,BAIKIN NOH BOT PESAN OTP LU KAGAK KEKIRIM KIRIM,0,9,negative,login_otp_access,1,True
d3a0f26b-b939-45da-8787-afa076f470d0,5,2026-05-15 19:59:44,Bca memang hebat dah bertahun2 saya telah menggunakan bca gk ada kendala lancar2 saja,1,14,positive,,0,False
8bb2283b-20aa-4474-918c-c8ba568a8f30,5,2026-05-15 20:04:56,OTP gk mau masuk mau transaksi jadi gak bisa,0,9,positive,login_otp_access,1,True
d2a242ed-2acf-4e5d-88f6-6948a5067d0f,1,2026-05-15 20:05:43,"Setelah diupdate malah error, kalo gak diupdate gabisa pake. Tiap mau tf warnanya merah",0,14,negative,app_performance,1,True
6227d279-5633-4798-a59e-2fde576ebf6c,5,2026-05-15 20:40:19,mantap aplikasinya memudahkan,0,3,positive,,0,False
724520c2-bc7b-4fed-a5d6-23a5cd573915,5,2026-05-15 20:57:26,sangat membantu,0,2,positive,,0,False
859d6c60-eaf7-440b-a942-1e1f753ca463,2,2026-05-15 21:46:49,semoga menjadi lebik baik lagi,0,5,negative,,0,False
95341053-0602-4d23-bf20-1b8cc818aacf,1,2026-05-15 21:57:52,kacau bca masa saldo tiba tiba hilang 10k . potongan bulanan kan tgl 20. ini yg ketauan 10k. saldo sengaja di sisain 12k . tiba tiba hilang 10k. pas cek mutasi gg ada transakti. gg transparan banget. potongan apa coba.,0,40,negative,,0,False
7f30687d-4669-40ef-afc2-74e83728e661,1,2026-05-15 22:09:05,kenapa setiap ada yang transfer tapi tidak ada notifikasi nya,0,10,negative,,0,False
206d0687-7abd-4772-8571-714011e69645,5,2026-05-15 22:20:04,mantam,0,1,positive,,0,False
023e528c-1af9-4359-8ca3-740335948fe7,1,2026-05-15 22:23:24,Merah terus padahal sinyal aman,0,5,negative,indicator_light_stuck,1,True
c78a5f74-0670-48a5-970d-d64e858611d4,2,2026-05-15 22:41:57,"ini gimana sih uda berkali² saldo tiba² ilang/kepotong, uda 2× uang saya ilang gitu aja diapk bca mobile saat sudah/mau transaksi tolong dong perbaikannya. sama aja ngambil uang orang ini !!!",0,31,negative,unexplained_deduction,1,True
f28ed50e-ec46-4ceb-82cc-6aae17a0b809,4,2026-05-15 22:42:09,kecewa sadah apgrade tetap enga bisa login,0,7,positive,,0,False
7f693dd6-17e2-47e7-b9fc-50361d3cd5b2,1,2026-05-15 23:03:43,gila lama lama bisa gila klo gini teruss gak bisa dipake buat bayar kalau tidak eror yaaa jaringan warnanya merah aplikasi jelek,0,22,negative,app_performance,1,True
c1323509-943b-407a-9b3b-64342481fb54,3,2026-05-15 23:46:47,gangguan mulu ribet,0,3,neutral,app_performance,1,True
dbf05d2f-feda-4284-82e6-489f4f2bd0a8,5,2026-05-16 00:04:52,kok Biaya ADM mahal kali ini BCA gak biasa ya. ada apa dengan bank BCA????,0,15,positive,,0,False
f1d6a243-0434-4959-90b5-9ef94dfc3b1d,1,2026-05-16 04:34:34,pelayanan nya buruk,0,3,negative,,0,False
2c9ed1f9-b079-4bb1-a9ac-92f0a408b9a6,1,2026-05-16 06:50:31,bayar qris GK masuk ke penerima. top up gopay GK masuk ke penerima. pdhl di mutasi muncul. dah capek lapor trus ke cs halo bca,0,25,negative,customer_service,1,True
9e06d09c-eed1-4ec3-922c-9097f4af48a9,5,2026-05-16 06:52:08,sangat membantu,0,2,positive,,0,False
165e6117-aa0c-4540-8275-4e7331b5825c,1,2026-05-16 07:29:47,"bug di benerin lah, masa TF berhasil masuk ke rekening tapi di saldo jadi 0 cek mutasi uang keluar juga ga ada transaksi, gimana sii tolong segera di perbaiki",2,29,negative,,0,False
4e215f66-87b0-4c4e-bcbe-b1385aa3c427,1,2026-05-16 08:34:04,gak bisa pake mesti foto muka tapi gak mau moto. aplikasi pea!,0,12,negative,,0,False
d1cd2618-84b2-422d-a101-15fdf61d9bf9,1,2026-05-16 08:51:20,qris gagal saldo rekening kepotong,0,5,negative,transaction_failed_balance_deducted,1,True
9385e599-c4be-4146-9e7d-71590161472c,1,2026-05-16 09:25:09,saya ingini memasukan kartu ATM saya di M-bca dan saya melakukan login tetapi saya tidak menerima pesan dari sms tersebut ya kenapa ya? saya sudah berulang kali daftar tapi tidak menerima balasan ya?,0,33,negative,,0,False
b8899015-f778-496a-938c-9eed4ee4bec7,5,2026-05-16 09:29:55,bagus,0,1,positive,,0,False
7d194f93-9e27-4a3d-98bd-c79f44b661ba,1,2026-05-16 10:22:38,sudah restart hp sudah hapus download lagi masih aja indikator lampu merah enggak kompeten banget sih apknya,0,17,negative,"indicator_light_stuck,app_performance",2,True
58fcb3c1-e205-4556-93f1-871266c9ab27,5,2026-05-16 10:46:48,"Punya M-Banking memang enak banget, mau byr apa saja mudah, transfer2 jg tdk repot, tdk perlu pergi kemana-mana, cukup di tmpat sj.",0,22,positive,,0,False
105050f9-7884-4557-91c1-c5707709e422,5,2026-05-16 10:47:10,sangat membantu dan cukup fleksibel,0,5,positive,,0,False
742d03fa-ce4f-4bb3-94f6-2005bf9db838,1,2026-05-16 12:23:06,"qris pake galery hp malah ngebug,tolong di perbaiki..",0,8,negative,,0,False
528c3d73-1c15-455c-bcc4-d8d0ef95efb8,5,2026-05-16 12:42:15,Suka,0,1,positive,,0,False
29cf50f8-838b-4c26-94b2-4d2f39bccdf3,5,2026-05-16 13:26:52,keren. terus inovasi tapi tidak menghilangkan sisi kemudahan & praktis.,1,10,positive,,0,False
43c1cac0-4ffb-4db2-a467-d23beefb5831,1,2026-05-16 13:36:16,admin apa ini kok smpek 17.000 mending bener klw saldo di nollin,0,12,negative,,0,False
9d9e7073-6429-4fff-8c4e-d883e1086539,1,2026-05-16 13:44:25,saldo tiba2 tetpotong tanpa ada notif....ngeri,0,6,negative,,0,False
8b234667-4d05-444a-aa40-3afd27d66fb6,4,2026-05-16 14:35:53,bca semakin ok,0,3,positive,,0,False
5bed4173-0f0d-4a66-a0cc-e54a435e3c72,5,2026-05-16 16:57:21,aplikasi sangat berguna,0,3,positive,,0,False
3f19a51b-594d-47a0-8368-9f71ee2f078f,1,2026-05-16 17:08:53,"notifikasi transfer masuk tidak muncul, tolong diperbaiki",0,7,negative,,0,False
59704790-3b94-40e8-9f9f-aaf332ce1b7a,3,2026-05-16 18:24:27,udh berpa minggu nih qris nya ga bisa mulu knp ya,0,11,neutral,,0,False
e516e4a0-ebcc-471a-9801-4e2c0194d465,1,2026-05-16 19:14:40,sinyal sama jaringan stabil tp indikator merah trus,0,8,negative,indicator_light_stuck,1,True
f225ef41-6768-430a-a5c0-b04300f70986,1,2026-05-16 19:27:16,akhir2 ini sering banget gangguan merah terus..,0,7,negative,app_performance,1,True
4e11d254-48a5-4669-af7d-370eff6d5525,1,2026-05-16 20:14:14,tolong setiap kali isi saldo selalu hilang di bca,0,9,negative,unexplained_deduction,1,True
15535889-e588-445f-b86e-f83dac13a241,1,2026-05-16 21:11:26,terlalu banyak potongan terus menerus jadi kecewa,0,7,negative,unexplained_deduction,1,True
0de020e8-b64e-42de-bdef-e271398f6951,2,2026-05-16 21:57:23,"min kenapa potongan uang admin nya gede amat kemarin aku isi 10k kesedot jadi 4k sekarang aku isi 18k langsung ilang, kalau kayak gini aku jadi ga berani nyimpen uang di Bca lagi🙏 tolong di perbaiki min",0,37,negative,,0,False
f83a024d-35d2-4408-b0e6-8c99a82073c4,5,2026-05-16 22:06:40,BCA hari ini kenapa gangguan kah?,0,6,positive,app_performance,1,True
b68c63a1-ff08-4c3a-b2e0-b743cdfc9d1f,3,2026-05-16 22:10:44,"sudah kirim aktivasi, tetap tidak dapat otp, smpai pulsa habid, solusinya gmna?",0,12,neutral,login_otp_access,1,True
1812a733-58d6-4eca-bf63-7440e34be1e1,5,2026-05-16 23:25:46,Dah aman skrg keep up.,0,5,positive,,0,False
10852e16-4bd3-4fb5-947f-03182df6dafd,5,2026-05-16 23:30:03,sangat membantu dalam transaksi sya,0,5,positive,,0,False
56a2353c-2132-4f02-9860-e9b518b00d8c,1,2026-05-17 01:49:39,"Bca makin kesini gak praktis lagi, makin ribet",0,8,negative,,0,False
e44e9e23-3ad4-4725-8508-935350248953,1,2026-05-17 06:24:28,saya melakukan transaksi buat pembelian gagal tapi saldo saya tetap kepotong bagiamana admin,0,13,negative,transaction_failed_balance_deducted,1,True
1b696b14-5f1f-4f41-bfc8-04b21e0a4b57,5,2026-05-17 07:09:32,cool,0,1,positive,,0,False
a3ea70de-411b-4c7a-b553-1e632c7c4f00,4,2026-05-17 10:26:17,kakehen ngedit,0,2,positive,,0,False
da24d470-2d1b-443b-af79-0ed9409e3d7a,1,2026-05-17 11:02:40,lemoottt,0,1,negative,,0,False
dcfb012a-22fe-43a1-a8ed-58779504c5a5,1,2026-05-17 11:02:49,app burik sekarang suka gada sinyal,0,6,negative,,0,False
c66b2f5f-4f77-4afe-943b-11e5179e2035,2,2026-05-17 11:16:24,"saya pakai BCA mobile sudah bertahun-tahun tapi kenapa akhir-akhir ini untuk masuk ke mbanking susah banget, HP sudah sampai saya refresh berkali-kali tapi tetep tidak ada perubahan. awalnya saya pikir jaringan saya yang lemot tapi ternyata bukan, saya setiap mau bayar apa-apa pake QRIS rasanya jadi sulit banget.",7,48,negative,app_performance,1,True
e5617442-82f3-47e5-9788-b44d8dafb6b6,1,2026-05-17 11:19:07,"udah beli pulsa di m-commerce 2x gk masuk², saldo tetep kepotong",1,11,negative,,0,False
08d08298-06d8-4089-8444-ab58cf3c2adb,1,2026-05-17 11:28:06,kenapa setiap aplikasi kalo abis di update pasti rusak,0,9,negative,,0,False
fa08d136-b36a-4d0b-8203-16124fad5b90,2,2026-05-17 11:29:42,"kenapa sekarang sinya sering kali merah padahal jaringan setabil internet aktif ,berkali kali dimatikan jaringan tetap saja tidak bisa",0,19,negative,,0,False
38f69df6-2466-4642-aa4b-18de817389f9,1,2026-05-17 12:04:17,bca mobile sekarang susah di gunakan. koneksi indikator sering menjadi merah,0,11,negative,indicator_light_stuck,1,True
bcb18d6e-ebb7-4861-bf7d-0ebe6ae96c58,3,2026-05-17 12:49:03,"sinyal selalu merah , harus beberapa kali logout untuk bisa dpt indikator hijau, tolong di benahi . sangat meresahkan di saat mau payment karna mengganggu antrian , untuk menunggu indikator transaksi hijau",3,32,neutral,indicator_light_stuck,1,True
481e707d-a94c-4e88-863c-ecf867f0fcf3,3,2026-05-17 13:18:49,BCA makin ke sini sering error......payah,0,6,neutral,app_performance,1,True
3f34a2b9-d3f8-4d86-8946-46d0e8b9f669,1,2026-05-17 13:58:35,lampu indikator merah terus payah,1,5,negative,indicator_light_stuck,1,True
18567653-536d-4fe1-a261-158fb5b7a42f,1,2026-05-17 14:57:47,"saya udah daftar, udah kirim SMS sampe pulsa abis, tapi keluar notif koneksi terputus aja, kuota padahal banyak, ngabis ngabisin uang aja itu mah buat beli pulsa, gimana sih? berkali kali saya daftar gagal terus.",3,35,negative,,0,False
233d8fcc-9a1d-4d06-ab09-62d08e780679,2,2026-05-17 15:13:34,"lampu indikator sering merah, lama banget lagi....",0,7,negative,indicator_light_stuck,1,True
1146bc5c-c63b-4826-a863-a23f89707c3a,3,2026-05-17 15:33:39,"kenapa cek saldo tidak bisa,selalu bilang,proses silahkan tunggu dan ulangi",0,10,neutral,unexplained_deduction,1,True
f4a0b93f-5e6f-4cb7-8bca-abb112c9f4ff,1,2026-05-17 15:41:44,"BCA SANGAT JELEK fitur Lampu Merah Hijau SANGAT Mengganggu, MOHON DI HAPUS",0,12,negative,indicator_light_stuck,1,True
63ab7bc8-b739-4191-b167-998d15c80c5c,5,2026-05-17 15:50:19,"Kenapa ya akhir2 ini kok mbca sering lemot, sya cek utk pembaharuan app d play store jg sdh tp masih aja lemot mohon di perhatikan lagi trims",0,27,positive,app_performance,1,True
cc198afd-2d30-4a4c-b861-ae9f1b723005,1,2026-05-17 16:02:11,kaga kelar kelar,0,3,negative,,0,False
5df91096-e1e6-4595-831e-6ed52954586e,1,2026-05-17 16:26:54,"aduh sudah 2 hari mbanking saya tidak bisa digunakan ini gimana ya min saya sudah coba log in log ilout, restart hp tapi tidak bisa",2,25,negative,app_performance,1,True
390b195d-faf6-435d-8c62-a27141f3f716,1,2026-05-17 17:00:59,verifikasi susah,0,2,negative,,0,False
577c7dad-8ad2-44ef-8948-16c738d03a06,1,2026-05-17 17:12:53,"sekarang susah dipake gara gara sinyalnya merah terus, padahal mobile bank lain lancar lancar aja 👎. mobile banking terburuk selama pake",0,21,negative,,0,False
f865c1b5-8131-48db-8441-92b68f0a6be0,5,2026-05-17 17:45:16,sangat bagus,0,2,positive,,0,False
3eab7695-49d7-4990-987c-cb7e11e455cd,1,2026-05-17 17:53:24,kode BCA blm juga masuk...tp pulsa terus ke potong...ini gimana amplikasi BCA...saya sangat kecewa ... karena mobile bangking saya tidak ke pake selama 3 hari kode otp blm saya terima dan pulsa saya habis,0,34,negative,login_otp_access,1,True
f5363d6c-150f-43a8-aa3a-4d7d31a4d5da,1,2026-05-17 18:08:35,aplikasi rusak sinyal bagus warna merah Mulu mau transaksi gak bisa!!!!,2,11,negative,indicator_light_stuck,1,True
1744c686-fa43-4fb0-aaaf-f345ecbefc0f,3,2026-05-17 18:27:45,"Merah Mulu ..!!!, susah TRANSAKSI, betulin lah",0,7,neutral,,0,False
4d0190fd-49c9-4acb-96e8-4a4e69fc7176,5,2026-05-17 18:39:03,baik,0,1,positive,,0,False
85895efe-0de9-4b10-af31-492faf4e6e49,5,2026-05-17 18:46:42,membantu,0,1,positive,,0,False
407e693d-4c58-4402-b77a-26550e218a43,1,2026-05-17 19:09:31,kekeringan merahnya dari pada ijo,0,5,negative,,0,False
590b5119-e128-4771-b80a-7dee7af46161,2,2026-05-17 19:11:34,Tolong kalau dipotong dengan PPN dicantumkan di mutasi rekening.... tiba tiba kepotong... di history aja ga tercantum tiba tiba dikurang,1,20,negative,unexplained_deduction,1,True
531666d8-63a9-47b7-8f81-7e295189b576,1,2026-05-17 19:30:11,"sekarang tambah lemoottttt..sinyal penuh tapi lampu indikator merah,menyusahkan+bikin malu saat akan dipake transaksi",1,13,negative,indicator_light_stuck,1,True
a4faab82-8c53-49f3-bf40-c32776487d96,1,2026-05-17 20:21:54,"makin kesini apk sering ngebug kenapa ya? tanda merah mulu ke ijo nya susah banget padahal sinyal udh 4,5g dan 5g , tolong dong ketika lagi antrian dan mau bayar jadi repot klo begini nunggu tanda merah berubah jadi ijo!",3,40,negative,indicator_light_stuck,1,True
fecbb9bb-39cc-4d83-900f-2f340f0843e4,1,2026-05-17 20:49:12,"sinyal sering ilang merah padahal jaringan bagus,",0,7,negative,indicator_light_stuck,1,True
000c1ec2-f7be-4798-8743-a3f175ceddd2,2,2026-05-17 22:31:24,kenapa lemottt banget padahal sinyal bagus,0,6,negative,,0,False
fe78ed4e-519a-4424-84d6-91378c5f546a,5,2026-05-17 22:33:18,sangat baik,0,2,positive,,0,False
2d790d20-cf2b-4e1e-b5a9-94357d7d7fbc,4,2026-05-17 23:11:29,"tolong di bantu kak kenapa setelah saya update versi terbaru BCA mobile nya susah kebuka , selalu di suruh coba lagi, tolong di bantu ya kak 🙏🙏",0,27,positive,,0,False
0edbf54b-169e-4a46-a320-19c037e069e5,4,2026-05-17 23:38:22,lumayan membantu ini. tingkatkan lgi pelayanan yg ramah,0,8,positive,,0,False
4e6efc1f-71d7-444c-8686-9c6e2e047679,1,2026-05-18 01:26:27,"pembayaran VA pertama gagal dari sistemnya, terus ke dua loading terus aku cancel ehh malah saldo kepotong 2X, mana pas di cek yg masuk cuma 1, saldo ga balik ke rekening lagi + udah satu Tahun min saldo belum balik lagi",2,41,negative,transaction_failed_balance_deducted,1,True
7e9e29e0-87c4-4206-92fa-f023ba715121,5,2026-05-18 01:29:26,BCA mobile emang terbaik terimakasih BCA mobile,0,7,positive,,0,False
50b62c31-b81a-4285-8beb-87dd5ab0ecf6,1,2026-05-18 01:31:38,"kok notifikasi buat uang masuk gk ada ya, mau bunyinya kek apa notifikasi pesan satupun gk ad, udah liat pengaturan juga gk ad cara buat ngubah, tolong dong pihak pengelola, saya pengguna baru jadi juga gk paham ini",2,38,negative,,0,False
dc6750f8-7de5-4ef1-a63f-3ccccad88a7f,5,2026-05-18 03:22:07,sangat membantu,0,2,positive,,0,False
231a537f-ab97-40a7-b9bb-3c24bb1915d6,3,2026-05-18 05:05:41,kenapa di hp Sony Xperia 10 iv tidak support..padahal sama sama hp Sony banyak yang support... tolong dong agar bisa pakai tanpa ganti hp lagi soalnya ini hp satu satunya,0,30,neutral,,0,False
15d03aee-57e7-4991-821a-9013df82a9b3,5,2026-05-18 05:52:40,good,0,1,positive,,0,False
ff3773d3-3003-4fc7-82b3-60ae14cd82bb,4,2026-05-18 07:10:36,"tolong min, klo misal mau potong admin bulanan tolong bgt masukin histori transaksinya di mutasi, saya di tf orang kaget tbtb kepotong 20k, trs di mutasi jg gk ada transaksi apapun, kan jdi ngerasa aneh ya min, sisanya bagus sih min",0,41,positive,,0,False
0c1accd7-84d3-485c-94d9-60e3c90bd495,5,2026-05-18 07:44:01,tksh BCA,0,2,positive,,0,False
2572fbc0-9b39-4177-8370-6c6a2ea2bbee,5,2026-05-18 08:00:21,"kalau ada bintang sejuta, akan sy kasi sejuta.. aplikasi ini sangat membantu mempermudah transaksi 🫰",1,15,positive,,0,False
b1bf8c8e-7006-49ff-ac66-7a06f5138664,5,2026-05-18 08:19:40,ga bisa buka bukti transfer an nya,0,7,positive,app_performance,1,True
c8e60652-e41f-4880-91e9-a2d28ec0db1c,1,2026-05-18 09:08:19,kenapa sekarang BCA penanganannya kayak gini pelayanannya nggak kayak dulu sekarang mau daftar juga dipersulit jadi nggak bisa bikin rekening secara online dengan gercep.payah,0,24,negative,,0,False
60e3c517-0fcc-4a0f-99b7-2c40b88b40bb,2,2026-05-18 10:12:09,susah transaksi karena sinyal lemah,0,5,negative,,0,False
a7165991-4e06-4746-81d7-7035b1020c0d,1,2026-05-18 10:46:24,"semenjak update gk jelas, lampu indikatornya hijau normal, tpi di saat mau transaksi tiba tiba biru",0,16,negative,indicator_light_stuck,1,True
05e5a860-39c0-4a75-826c-427497820988,1,2026-05-18 10:58:05,akhir2 ini suka x kalau scan qiris gk masuk saldo kepotong kalau gak di komen atau hubungi pusat gak pernah balik saldonya da mau bangkrut ya BCA kok begitu sekarang???,0,30,negative,,0,False
6ee4a72f-60ca-4627-809f-7db996d5a36e,5,2026-05-18 11:00:53,Utk memudahkan transaksi perbankan,0,4,positive,,0,False
23e8f23b-f28e-47f3-b6d0-3475ad9c80c7,4,2026-05-18 11:24:30,kecewa mau login akun aja susah padahal padahal nomor ny pas cuman minta link login aja di arahkan 15000888,0,19,positive,login_otp_access,1,True
d39d967c-d965-45a1-b81d-80c5bc6c9c0a,1,2026-05-18 11:31:30,sama sekali tidak bisa diandalkan saat buru2 bahkan di kota2 besar juga indikator sering merah ga jelas,0,17,negative,indicator_light_stuck,1,True
de486b8d-ac45-4373-bbf7-9034a2356e87,5,2026-05-18 11:47:47,bagus,0,1,positive,,0,False
e2c8a281-7070-4097-aa12-6e1a3702a721,5,2026-05-18 12:51:48,menyenangkan,0,1,positive,,0,False
5d0cb41f-8358-449f-bccf-c0c94576a5d0,2,2026-05-18 13:34:25,"sekarang BCA sering merah,susah di akses",0,6,negative,,0,False
bb487ec1-0b01-4190-835d-541f15d09afc,2,2026-05-18 14:03:31,kenapa m BCA say Ter blokir??,0,6,negative,,0,False
58157dcd-a5a3-4cef-9ef4-22df473b243a,5,2026-05-18 15:04:39,mantap,0,1,positive,,0,False
a8bb9b36-14a8-4d65-aebe-6369f938e7d9,1,2026-05-18 15:46:08,"suka hilang sinyal, padahal buka apa aja bisa jalan",0,9,negative,,0,False
3e20ebcf-7e24-409e-b57a-e533e7e24b37,1,2026-05-18 17:49:48,hadehhhh awalnya bagus ini udah kasus ke 2 pengirim kode otp lelet dan pulsa ilang gitu aja. niat gak sih,0,20,negative,login_otp_access,1,True
57983f27-deb8-4d74-91ff-d47a3505fd3e,5,2026-05-18 18:07:43,sangat bagus,0,2,positive,,0,False
d506c9c7-b8ff-4240-ba80-7913b5487813,5,2026-05-18 18:14:03,mantapp,0,1,positive,,0,False
046f80c2-bbe5-4ff3-969f-9aec5535f019,5,2026-05-18 18:21:59,ok,0,1,positive,,0,False
25c12164-d95e-4636-9c5e-6d55c53de229,5,2026-05-18 18:38:54,TOLONG DONG KALAU ADA ORANG TRANSFER. GAK ADA NOTIFIKASINYA di Hp ...TOLONG DI KASIH NOTIFIKASI DONG kalau ada orang TRANSFER,0,20,positive,,0,False
2e3295b7-0bd3-45c0-abda-fa15b6a1a5fe,4,2026-05-18 18:45:53,lemot kurang baik,0,3,positive,app_performance,1,True
d705a0f9-a969-4d9b-ae04-377a031eb98d,5,2026-05-18 18:49:00,ok,0,1,positive,,0,False
64973431-99a4-477f-9bbb-4383d8ab75bf,3,2026-05-18 18:50:13,Kecewa dengan aplikasi BCA mobile saat verifikasi wajah,0,8,neutral,face_verification_failure,1,True
683035f3-c4df-4f02-82e0-8a3e792eeecd,5,2026-05-18 19:26:34,"Selama menggunakan BCA Mobile cukup puas si, saya sudah menggunakan rekening BCA dari tahun 2016 sampai sekarang . kendala teknis hanya tergantung pada jaringan koneksi internet saja selebih nya aman ✅ dan di tambah satu lagi kritik dari saya untuk BCA kedepan nya kalau lagi sistem pemeliharaan jangan terlalu lama karena bnyak org yg menunggu. Terimakasih untuk BCA Atas pelayanan nya selama ini kepada para Nasabah setia seperti saya 👍👌🙏",0,70,positive,maintenance_downtime,1,True
de3f3d15-9b97-4069-bb9e-45e8d817c278,5,2026-05-18 19:42:08,👍,0,1,positive,,0,False
4a37e7ff-1926-432b-8030-123f60f05c56,1,2026-05-18 20:12:40,"Ga usah pake mbanking BCA, sering gagal transaksi, trus lemotnya paraaah banget, ngeselin! disitu orang ngantri dibelakang disitu dia merah terus, bikin malu!",0,23,negative,,0,False
07dd2e03-ee38-4eec-8f8d-9f0376309e32,1,2026-05-18 20:42:39,lemot banget blok,0,3,negative,app_performance,1,True
e099b9ee-b873-46dd-8b4f-5cd67a60febe,1,2026-05-18 21:31:37,qris nya kok gabisa,0,4,negative,,0,False
8252b68e-e147-4d89-ab85-9deb1cc89d84,1,2026-05-18 21:53:40,"semakin kesini semakin sangat buruk, apk lemot, lampu indikator merah terus, walaupun udah uninstall dan aktivasi lagi tetep aja lampu indikator merah terus, juga saat pembayaran qris gagal terus tapi saldo kepotong!! padahal hp saya ram 16 emang dasar apk busuk. jadi males pake rekening BCA gak bisa di ajak kerja sama saat hal penting.",1,55,negative,"transaction_failed_balance_deducted,indicator_light_stuck",2,True
1fd8c3eb-a5f5-40b2-9585-821a1751d544,1,2026-05-18 22:23:06,parah skrg maki update malah makin kacau.. sinyal hp 5g tp ttp merah ga berubah wrna hijau,0,17,negative,indicator_light_stuck,1,True
cd7f5dff-69c9-4854-b0fc-a84003086550,1,2026-05-18 23:27:41,"apk sampah, saldo ilang trus tolok apk sampah",0,8,negative,unexplained_deduction,1,True
4308fdbd-bb4e-45a7-8d7e-b4c671619596,5,2026-05-19 00:24:52,"Alhamdulillah keluhan saya langsung di respon, sekarang bisa aktif lagi dan saya ulas kembali. trimakasih BCA",0,16,positive,,0,False
a7755dbf-c387-45b5-a792-4cf9e0f78324,5,2026-05-19 01:13:24,mantap,0,1,positive,,0,False
92c1337f-652e-4d72-9cc6-db8605ea034a,3,2026-05-19 01:46:02,di kibot bca nya lemot,0,5,neutral,app_performance,1,True
0d071f6a-b8f6-4e7a-9059-2f2dac7d9d2d,5,2026-05-19 02:39:07,Bagussss bermanfaat,0,2,positive,,0,False
04cf6d75-6e81-4803-a36e-615e811be72e,5,2026-05-19 02:47:17,ok,0,1,positive,,0,False
5194d4ac-ec56-40d2-8728-ce0840c36d0d,2,2026-05-19 02:54:23,"transfer saldo rekening dah kepotong tapi uangnya gamasuk, udah tunggu 3x24 jam loh, kalian tau ga uang yang ilang gatau kemana itu hasil orang kerja susah payah plis gatau lagi harus gimana mau nominal besar atau kecil pun tetep aja bikin sakit hati karena susah susah nyari duit ilang gitu aja🙏",0,51,negative,transaction_failed_balance_deducted,1,True
2091db54-d467-46c6-aa1e-b4a1cc80bb1f,2,2026-05-19 04:06:56,"saldo saya tiba tiba kepotong padahal di mutasi rekening tidak ada transaksi ke rek manapun, pas saya cek saldo tiba tiba bgt saldo saya yg tadinya 120rb jadi 25rb... tolong banget BCA di bantu perbaiki lagi sistemnya😭",1,37,negative,unexplained_deduction,1,True
5eccd864-3d8e-43a6-8a5c-2640d0577019,5,2026-05-19 04:06:59,Keren..tapi tolong kembalikan agar os7 bisa pakai mbanking lagi,0,9,positive,,0,False
62737c46-56ac-4831-904e-3a1c2810c22e,5,2026-05-19 04:38:05,sangat bagus,0,2,positive,,0,False
250feb9c-1f96-4d63-b36d-73123c3e59a7,5,2026-05-19 04:40:13,memuaskan,0,1,positive,,0,False
5c708dd6-de1c-47ae-b571-7ba134954888,5,2026-05-19 04:49:21,bagus,0,1,positive,,0,False
58cbd707-825c-4dd8-84ac-d5d6545f35b6,5,2026-05-19 05:57:08,trmkasih bermampaat sekali,0,3,positive,,0,False
50d6eecd-7c34-4f03-9b7b-4e9e8ae92a8c,5,2026-05-19 06:35:34,mantap,0,1,positive,,0,False
f18c60d6-ea4a-438f-9e8a-ec9cebe38602,5,2026-05-19 06:53:31,aman2 aj alhamdulilah,0,3,positive,,0,False
926067db-bed8-41a8-b3c7-722fe5ba513f,5,2026-05-19 07:09:15,sangat membantu aktifitas transaksi sehari2,0,5,positive,,0,False
9cd2a41f-d8b4-4322-bdce-3c351150babf,5,2026-05-19 07:17:54,layanan memuaskan,0,2,positive,,0,False
6e984bf8-e401-4e4e-9f55-9b8614bcb70f,3,2026-05-19 07:25:02,"tolong perbaiki untuk aplikasinya dong, karna setiap mau transaksi selalu kehalang dengan koneksi yg katanya merah harus nunggu hijau lah",0,20,neutral,,0,False
c2b3320a-2b2f-4589-b729-ce53016a07fd,2,2026-05-19 07:40:29,Selama ini pakai aplikasi nya lancar² aja. Cuma sekarang ini tidak bisa di upgrade aplikasi nya. Karena hp saya android keluaran lama. Bagaimana ngatasi solusi nya ini BCA??,0,28,negative,,0,False
026dd406-7f5d-40ac-bba1-058b3f804e7c,5,2026-05-19 07:43:09,mantap Terima kasih Kk,0,4,positive,,0,False
442da402-f2e1-476a-a6f7-baef2c4d72bc,5,2026-05-19 08:22:37,Saya apresiasi dengan halo bca yang memberikan solusi tepat. pihak managemen seharusnya memberikan edukasi lebih terhadap security di kantor2 cabang. karena saya liat kerja security merangkap menjadi CS bahkan lebih cape dari CS. m-bca saya sudah aktif kembali,0,38,positive,customer_service,1,True
ea2a2c22-20cd-4a6e-8753-51a15b0de2cc,4,2026-05-19 08:32:31,saya bayar pakai Qris transaksi gagal saya ulangi lagi gagal lagi tapi saldo terpotong. menyesal setelah ini ga akan pernah pakai Qris lagi. Alhamdulillah saldo telah kembali setelah menghubungi lewat email.,2,31,positive,transaction_failed_balance_deducted,1,True
415ff7f4-07df-429b-9a04-d70e80b03b01,5,2026-05-19 08:52:57,okok,0,1,positive,,0,False
f4d51eab-8306-429f-a56d-149a80c56bc6,5,2026-05-19 08:52:57,bca mantap,0,2,positive,,0,False
8f03689b-a1f8-40af-bff2-9b2fedf486d1,2,2026-05-19 09:20:35,"knp sih kok skrg sinyal BCA klo buka merah trs jelek susah bgd, pdh mbanking itu kan urgent bangeeet, tolong diperbaiki",0,21,negative,indicator_light_stuck,1,True
d50570a5-e93d-4052-a3f9-8243e9f3eeec,1,2026-05-19 09:34:53,bca sialan potongan banyak banget,0,5,negative,unexplained_deduction,1,True
72eb9543-b679-4787-8dae-94c161be6d30,4,2026-05-19 09:41:23,bisa transaksi dgn cepat,0,4,positive,,0,False
857a2548-3682-4e70-869c-d2319bcbfc50,4,2026-05-19 09:56:06,bagus,0,1,positive,,0,False
ae40e700-f673-427a-bc87-6c773d311af3,5,2026-05-19 09:57:10,apk terbagus,0,2,positive,,0,False
bed3dc90-457c-43c2-b82d-62110144ae49,5,2026-05-19 10:03:37,lancar,0,1,positive,,0,False
e6967efb-6806-49ed-8bbc-931c10df61c7,5,2026-05-19 10:15:07,mantap BCA,0,2,positive,,0,False
d53a0c91-9096-4508-81a2-63eb18736fc6,1,2026-05-19 10:20:53,"semakin lama semakin lemot buat transaksi, pemberitahuan juga ga ada lagi",0,11,negative,app_performance,1,True
14f84dab-f6c3-4cf4-b1dc-90ac880c4865,5,2026-05-19 10:26:24,please bisa utk ram 3 donk,0,6,positive,,0,False
9375ad0f-2d03-4e57-9f61-12d57c5f6f65,5,2026-05-19 10:46:37,nyaman,0,1,positive,,0,False
6ab60533-1b49-4999-9185-a46099fa3055,5,2026-05-19 10:47:47,ok,0,1,positive,,0,False
acf05170-604a-4843-8726-a11d96a82d3c,5,2026-05-19 11:05:00,ok,0,1,positive,,0,False
63761b0f-4154-48d9-a385-6d1d84ad0275,5,2026-05-19 11:20:23,Mantap... makasih🙏,0,2,positive,,0,False
48d9dea0-2c0a-4961-b2c4-7c3f419eae28,5,2026-05-19 11:21:34,ok banget,0,2,positive,,0,False
1d4be174-0552-4e7d-8a7f-a0393f4ffd8c,5,2026-05-19 11:34:52,mantp,0,1,positive,,0,False
c00243bd-15f2-4306-b92f-19e183c4a439,5,2026-05-19 12:00:44,Akunnya bagus tp HP y tidak akuntable 🙏,0,8,positive,,0,False
0e0c86be-49e5-4270-9c15-f2e1a040ee57,5,2026-05-19 12:12:09,transaksi mudah,0,2,positive,,0,False
bc17028f-bd38-4113-8cb6-99f9db48a61f,5,2026-05-19 12:13:31,BCA sangat bagus sekali pelayanan sangat puas gak pake ribet profesional sukses selalu untuk BCA,0,15,positive,,0,False
2e1ed016-1c19-40ad-8e51-7c8ddb059c8f,5,2026-05-19 12:17:30,transaksibcepat,0,1,positive,,0,False
84938794-7b5a-435c-8cf8-ae9f8a30dd3f,5,2026-05-19 12:21:03,aman dalam semua transaksi,0,4,positive,,0,False
12e51ced-7656-455f-b079-19da4dfc6e5a,5,2026-05-19 12:23:01,bca mobile bikin hidup lebih hidup mudah bertransaksi lancar bravo bca mobile,0,12,positive,,0,False
4937e860-7691-49a5-8c68-26cdd298c03e,5,2026-05-19 12:31:08,sangat mudah dan cepat,0,4,positive,,0,False
35c354d7-bb5c-473f-ae95-7fa2ce65f585,5,2026-05-19 12:31:11,sangat membantu,0,2,positive,,0,False
6d5ef72e-9dd5-4e2d-a14c-0dbaf74ed797,5,2026-05-19 12:44:53,"susah nih , masukin kode akses berulang2 tp gagal terus, pdahal Uda bener kodenya...,tolong d bntu min..,Tks.",0,17,positive,login_otp_access,1,True
423d854d-4e8a-49ad-91f1-ae78c520c068,2,2026-05-19 12:51:10,sampah,0,1,negative,,0,False
296cb32f-e742-4235-b66d-cbb7654a4d69,1,2026-05-19 12:52:00,kode kode kode bjirr tambahin fitur e wallet kek susah amat,0,11,negative,,0,False
d8501010-bacc-41a7-b4cf-4b7dca5340d5,1,2026-05-19 12:56:35,"mbaking kok sudah 3 hari lemot bwat transaksi pembayaran dan qris.. stelah d upgrade malah sperti ini lemot dan sering minta kluar aplikasinya.. kirain jaringan bermasalah,sudah d coba pakai jaringan XL , Telkomsel dan sudah pula pakai wifi masih saja lemot dan minta kluar aplikasi sendiri.. minta tolong diperbaiki pihak BCA agar transaksi saya tidak terganggu usaha saya. saya pakai BCA bukan baru sudah 12 tahun",0,66,negative,app_performance,1,True
b83a15ee-4949-4ab0-a12e-433f4dd28ba0,5,2026-05-19 12:57:46,ok,0,1,positive,,0,False
399a0325-fdec-4e76-8111-4e009dcf7eaa,5,2026-05-19 13:07:42,layanan nya cepat g pake ribet,0,6,positive,,0,False
249e34a9-6afb-4d2b-9739-773c0add6786,4,2026-05-19 13:08:35,solusi selain aplikasi bca mobile ini untuk hp yg tidak kompatibel apa ka,0,13,positive,device_compatibility,1,True
b4b6391a-8b0d-4b98-864c-5d22b166b79e,5,2026-05-19 13:27:16,Bagus,0,1,positive,,0,False
b5830a90-af20-43d7-8718-e9022b9f75df,5,2026-05-19 13:56:13,good job,0,2,positive,,0,False
e6898dd9-3ded-4ceb-b7cd-ecc348d75573,5,2026-05-19 14:01:30,sangat membantu,1,2,positive,,0,False
057bfa28-d38e-453b-b612-9841686a5d21,5,2026-05-19 14:05:05,Sangat membantu dalam melakukan transaksi.,0,5,positive,,0,False
e189a7bd-0ae2-441a-9711-1dd2251dba38,5,2026-05-19 14:25:14,ok,0,1,positive,,0,False
f2c9c6e4-0f1b-4984-9a7e-2c62dae532a9,5,2026-05-19 14:32:59,mantap,0,1,positive,,0,False
548a97e9-4507-4122-99e8-c2a4feb41bfb,1,2026-05-19 14:38:35,"saya buka rekening baru pas saya topup 50k ga masuk saldo,tpi di mutasinya ada",0,14,negative,,0,False
657d6be4-8219-46e6-b49c-08af278f7c07,5,2026-05-19 14:52:09,bagus,0,1,positive,,0,False
7c100a79-39be-463e-986d-28ac361643e5,5,2026-05-19 15:16:07,ok,0,1,positive,,0,False
cfb947ac-b937-43b7-9ed7-2cf56c337f42,5,2026-05-19 15:50:48,mantap,0,1,positive,,0,False
9da02dba-7375-47d4-9dac-a498e9f875c2,2,2026-05-19 16:17:08,"saya ada kendala login diawal, ketika kirim SMS tapi tidak menerima balasan untuk step selanjutnya mohon bantuannya",0,17,negative,,0,False
bdf046bb-4c81-46c3-8726-920e08496556,5,2026-05-19 16:57:55,ok,0,1,positive,,0,False
956c8a91-a9be-43d9-96b8-4ebba31e137a,5,2026-05-19 17:02:35,pembayaran untuk anak di perkuliahan pak / ibu di transfer,0,10,positive,,0,False
77a74871-a1e5-4533-be0a-cd0ca9112ef4,5,2026-05-19 17:15:01,Good,0,1,positive,,0,False
3aa57376-8dc5-4a07-9b62-7844ef6ac073,2,2026-05-19 18:02:06,kenapa sering eror akhir² ini 😇,0,6,negative,app_performance,1,True
116fd295-b1e1-42f3-9411-211f4e9ac385,5,2026-05-19 18:16:37,sangat membantu saat transaksi dan mudah di gunakan.,0,8,positive,,0,False
98485ee0-4d9f-43e0-90e9-2c6478460057,5,2026-05-19 18:34:49,layanannya bagus,1,2,positive,,0,False
9116f3a0-c379-43ef-90cf-cea9773d5426,4,2026-05-19 18:37:19,Puas,0,1,positive,,0,False
38ba5819-e1b6-48f0-8b5d-49821bc25204,2,2026-05-19 18:41:28,baru di update malah lemot,0,5,negative,app_performance,1,True
34ae52ee-252a-41d1-94a6-9e7ef7dd802e,1,2026-05-19 19:06:33,"waktu transaksi qris gagal tapi saldo terpotong , sudah ke cabang bca di suruh tunggu 3×24 jam tadi kesana lagi karena saldo belum kembali masih di suruh tunggu ada kepastian tidak kapan saldo kembali",0,34,negative,"transaction_failed_balance_deducted,customer_service",2,True
81184939-6ddb-40d7-b144-b3ae92e46da1,4,2026-05-19 19:20:37,kenapa sekarang tidak ada notifikasi yang masuk ke hp apabila ada kredit atau kredit.,0,14,positive,,0,False
e7ff15ad-a871-441c-a3fa-3544bbbf9692,5,2026-05-19 19:22:02,apk yg sangat bagus,0,4,positive,,0,False
c6efdb13-6252-49ed-b326-7a3d4b8ab903,5,2026-05-19 19:27:03,segalanya jadi mudah,0,3,positive,,0,False
aee2841f-aa6f-4253-b518-a17d3c1bd2e9,5,2026-05-19 19:36:09,selalu bintang lima to you bca,0,6,positive,,0,False
ac1079f4-5e3b-4bff-a36c-2101e9d60872,1,2026-05-19 19:38:31,kenapa tiba tiba update habis update malah iklan doang yang keluar,0,11,negative,,0,False
d9d4b422-b60e-457f-96e1-ee8d24623947,5,2026-05-19 19:53:16,ok ok,0,2,positive,,0,False
22254518-97fd-455b-8044-c281426fde04,5,2026-05-19 20:11:53,B C A. paling no 1.semoga sukses selalu,0,8,positive,,0,False
2fc60350-5885-482b-8228-a189a490fd92,1,2026-05-19 20:28:10,"knp tdk bisa di buka saya sdh mengunduh tp ttp begitu, jd buat ribet biasanya tdk ada masalah skrng saya jd susah buka m bangking",0,25,negative,app_performance,1,True
3c59a778-c778-4543-9ef5-81f818c1664c,5,2026-05-19 20:33:02,sangat menyenangkan,0,2,positive,,0,False
04d86c5d-9277-4571-8a33-4d211c561890,5,2026-05-19 20:33:26,bagus,0,1,positive,,0,False
60e02623-28dc-41be-9f04-4e1983472db9,5,2026-05-19 20:49:26,Good,0,1,positive,,0,False
3f4814bf-0eec-4b2b-999d-757204debe00,5,2026-05-19 21:19:57,aplikasi mudah di gunakan dan sangat nyaman saat digunakan,0,9,positive,,0,False
c1a31d6c-1bc8-4528-b639-a4fca4b6dc6e,3,2026-05-19 21:22:20,m banking saya indikator merah terus kenapa ya..?? jadi tdk bs brtransaksi akhirnya di blokir sama pemerintah🙃,0,17,neutral,indicator_light_stuck,1,True
8aab5c3a-0407-4b7d-8c0e-8378d04f8c69,1,2026-05-19 21:41:11,kenapa gagal terus update nya padahal kan sering dipake ini udah beberapa kali nyoba gagal terus,0,16,negative,,0,False
0694a84b-b6b1-4280-b107-bd6c2cee4276,5,2026-05-19 21:46:56,mantap,0,1,positive,,0,False
a3d6ba10-90db-43e4-8d76-73edb8bf917e,5,2026-05-19 21:56:33,good aplication,0,2,positive,,0,False
70bf0b0d-8b6e-4526-a0ea-20b2d1ab2f55,5,2026-05-19 22:18:45,sangat mambantu,0,2,positive,,0,False
c8aca773-538d-48ee-82f8-e24f6fe5e381,1,2026-05-19 22:29:49,eror terus selalu merah... susah melakukan transaksi,1,7,negative,app_performance,1,True
aa972e07-8819-4539-8a15-003d80ea44ae,5,2026-05-19 22:45:25,amazing,0,1,positive,,0,False
d69debfc-cadc-4662-87e5-69950bdb6f71,3,2026-05-19 22:57:56,setelah di update kenapa scan qris loading lama terus ...tolong perbailik qris nya,0,13,neutral,,0,False
281fac44-bf54-4f61-a403-f24929aca5cd,5,2026-05-20 00:06:40,mantap,0,1,positive,,0,False
aeb387ea-d159-4085-bfb8-410538836175,5,2026-05-20 00:43:05,sangat membantu,0,2,positive,,0,False
0f9ad1eb-7f0e-4713-9ae1-efd994af2fdc,1,2026-05-20 00:55:41,"g jls mau belanja pake QR tiba"" gagal truss saldo ke potong sendiri aneh tolong dong kembalikan uang saya memang g seberapa tp g gitu caranya ambil hal orang lain",0,30,negative,transaction_failed_balance_deducted,1,True
0d3e35a8-4bfc-45f7-a2cd-2a2f29b568af,5,2026-05-20 01:22:28,ok banget,0,2,positive,,0,False
2a01876c-0a07-42b3-8a7e-20a6e034be67,5,2026-05-20 03:39:36,ok,0,1,positive,,0,False
7d12c2bc-69bd-4068-a369-bf15bb391323,3,2026-05-20 04:34:53,bagaimana cara nya untuk melihat nomor kartu? saya tidak ingat dan tidak ada foto untuk nomor kartu saya karena untuk login tidak bisa' dan harus menggunakan nomor kartu,0,28,neutral,,0,False
901a21e1-bccd-4225-bd59-3a9c7decc03d,5,2026-05-20 05:23:55,good job,0,2,positive,,0,False
5172dd43-e382-4ec5-85e3-48ba27cd58f8,5,2026-05-20 05:52:03,mantap bca Mobile membantu banget segalanya,0,6,positive,,0,False
34e28a3a-9c69-47a5-a9c2-bba97ca6e2b3,5,2026-05-20 06:06:38,sangat baik,0,2,positive,,0,False
4c507089-3afa-46c1-b92c-dd51604fc589,5,2026-05-20 06:15:34,mantap,0,1,positive,,0,False
d000d86b-898e-45ce-ad9c-7a283530585d,2,2026-05-20 06:56:09,parah sms bankingnya ada apa dengab kalian org mau frif susah bgt udah sim 1 pengaturan udah kacau,0,18,negative,,0,False
bc6c62c0-8266-4c89-9b55-86e19a59f961,5,2026-05-20 07:42:43,Masih Setia Bermanfaat Mantabs,0,4,positive,,0,False
f9f93130-931d-49bb-b789-e692f0595671,4,2026-05-20 07:57:34,sejauh ini cukup,0,3,positive,,0,False
f86a7b09-13c1-4c2c-8a1f-75bc25ad0736,1,2026-05-20 08:03:25,"Aplikasi sering mengalami gangguan, yg dimana sinyal saya ada tetapi aplikasi ini tetap merah, tolong aplikasinya di ilangkan fitur warna merah, biru dan hijau, karna sangat memakan waktu sedikit lama untuk melakukan pembayaran karna harus menunggu indikator tersebut menjadi warna hijau. Fitur indikator sangat tidak berguna, membuang"" waktu. Sekian dari saya, tolong masukkan saya di BCA. Terima kasih.",14,58,negative,"indicator_light_stuck,app_performance",2,True
49ffcf5c-2a1b-46d5-a66f-9c02624ec646,2,2026-05-20 08:57:32,"Saya kecewa sama BCA, pada tanggal 17 Mei lalu, saya melakukan pembelian voucher internet dengan payment melalui BCA Virtual Account. Namun ternyata paymentnya gagal, akan tetapi saldonya tidak kunjung kembali juga sampai hari ini. Sudah saya tanyakan ke masing² customer service bersangkutan dari kedua pihak, baik itu dari BCA & pihak Provider Internetnya, tapi jawaban keduanya malah saling lempar tuduhan-_-",0,60,negative,,0,False
9c0b404d-c6a8-4cd6-922b-929b293b1df3,5,2026-05-20 09:30:20,"terimakasih bca ,jadi mudah dalam transaksi serta aman dalam menyimpan",0,10,positive,,0,False
464cba4c-effb-49ab-b57b-afbe85dfd3e7,5,2026-05-20 10:13:16,sangat membantu,0,2,positive,,0,False
e9e67d6b-de43-4309-8fab-7d6645429c37,1,2026-05-20 10:49:55,"Sangat kecewa, Tiba-tiba saldo saya hilang 300rbu tanpa adanya mutasi ataupun transaksi.. kembalikan uang saya.. jangan mengambil yg bukan hak anda.. saya gak ikhlas uang saya hilang begitu saja.. BCA harus bertanggung jawab",0,33,negative,unexplained_deduction,1,True
345e81e7-2e17-4dee-82d1-ef2d7c2f2d6a,5,2026-05-20 11:01:26,akses mudah,0,2,positive,,0,False
efabfd0f-c507-4734-96c2-3f8b9c1a7367,5,2026-05-20 11:41:31,ok bagus,0,2,positive,,0,False
1051ae01-49b6-467d-aebd-4ea9654d57d0,4,2026-05-20 11:49:52,kenapa bca mobile saya tidak bisa diupdate ?,0,8,positive,device_compatibility,1,True
24912915-4ac0-4dc2-9e6f-03924a1ffab1,2,2026-05-20 11:56:55,"Selelet itu padahal pake jaringan 5g. Servernya buruk, sinyal merah terus.",0,11,negative,indicator_light_stuck,1,True
5ddf2889-79eb-435d-a502-f8464fe09077,1,2026-05-20 12:06:04,buruk,0,1,negative,,0,False
b17d4976-5d84-4ffe-a698-0d9e22ad0f56,5,2026-05-20 12:28:46,plyayan oke ramah2 sukses bca....,0,5,positive,,0,False
32119963-901f-4a17-9691-1be7d4919382,1,2026-05-20 12:45:00,minta di update dan setelah di update ketika dibuka minta di update lagi dan terus berulang ulang,0,17,negative,,0,False
f543ddfd-7c62-4d84-bbb2-d596612c59b4,2,2026-05-20 12:45:27,"ngaco bca mobile,kartu yg dipasang sama dengan yg kita daftarkan di aplikasi bca mobile,eh ini pas buka bca mobile kartu tidak sama dan ke logout kembali kacau kacau bca",0,29,negative,,0,False
475db502-a694-45fc-8d65-95df4e77a963,5,2026-05-20 12:47:43,smjak mngunkn BCA trnsksi jd mdh di mnpun,0,8,positive,,0,False
b3d35453-358e-440f-98c7-3df30c64dbf9,5,2026-05-20 12:48:52,oke,0,1,positive,,0,False
a651447b-af74-456f-81ba-a6b87a80aa05,5,2026-05-20 12:49:12,User Friendly,0,2,positive,,0,False
adc9f9ef-6aa0-4960-aa75-57b55f42803a,1,2026-05-20 12:55:38,"sudah di coba beberapa kali, di beda hari, tetap tdk bisa update aplikasi dan aplikasi lama tetap tidak bisa di gunakan",0,21,negative,,0,False
fd38b639-e039-4438-8ae9-e188e2e55034,2,2026-05-20 13:30:08,Knp aplikasi bca tdk bisa terupdate dihp ku.. Apakah harus ganti hp bru bisa update baru??,0,16,negative,,0,False
a2b3db95-b674-45cc-aa35-95cc3cc3c61e,5,2026-05-20 13:34:10,Ok,0,1,positive,,0,False
59eeb09d-0c0f-4690-b6e2-e8c908443287,5,2026-05-20 13:51:13,mantap semua,0,2,positive,,0,False
f9b12274-91c3-474e-a84f-35008ba4104b,3,2026-05-20 13:59:09,"disuruh SMS tapi nggak kasih kode,buang buang pulsa aja, nggak usah minta maaf,perbaiki dulu aplikasinya",0,15,neutral,,0,False
e35430ec-073a-4b3d-9ab3-b1bdad63819e,1,2026-05-20 14:04:35,sumpah parah sekarang bca,0,4,negative,,0,False
e3e7f1a6-d6bb-4949-a87a-ae5d11c6bdc2,3,2026-05-20 15:12:44,kenapa aplikasi bca mobile saya tidak bisa di update.,0,9,neutral,device_compatibility,1,True
f357985c-0a3e-4953-93be-2b1073239003,5,2026-05-20 15:14:02,OTP sudah teratasi,0,3,positive,login_otp_access,1,True
d93b589e-64df-463f-91a7-2189e121b035,5,2026-05-20 15:52:54,BCA THE BEST 😊.,0,4,positive,,0,False
df8f00b1-b764-4843-a7d6-45ea714fce71,4,2026-05-20 16:09:00,good,0,1,positive,,0,False
db85908c-678f-4421-a1c4-edb6d5bcaae7,5,2026-05-20 17:07:54,oke,0,1,positive,,0,False
bf745109-e383-4957-9777-7a381c341884,1,2026-05-20 17:10:19,kmrn hp saya rusak dan aplikasi BCA mobile ke hapus dan ini mau download LG kok TDK bs ya,0,19,negative,,0,False
3ba52e32-3592-428d-b420-abfed554c4bb,2,2026-05-20 17:10:45,napa makin susah sih,0,4,negative,,0,False
c6a77e87-40d3-48e5-882d-ed55049e853a,5,2026-05-20 17:11:49,Ok,0,1,positive,,0,False
bfa55318-41e2-489e-9851-bcba32527e93,1,2026-05-20 17:13:12,"luar biasa ini app, eror trussssss",0,6,negative,app_performance,1,True
453f7b26-f42e-473b-b31d-67423e557eb7,5,2026-05-20 17:50:55,cepat dan tidak ribet,0,4,positive,,0,False
ad98d9b6-ff35-4e82-af96-a6379caa7574,1,2026-05-20 17:59:34,tidak bisa di download,0,4,negative,device_compatibility,1,True
44d5125a-24be-4a70-9a34-cff8fca8fd4a,1,2026-05-20 18:30:34,"QRIS nya busuk banget,lamaaaaaaaa gak bisa2, mending pakai gopay...",0,9,negative,,0,False
28049845-3cf8-451b-8cde-1a88e484543a,5,2026-05-20 18:52:39,mempermudah pemakai,0,2,positive,,0,False
67d1c821-3e18-48de-aa74-367be92a89bf,5,2026-05-20 18:57:05,"aplikasi mbca sekarang tidak bisa digunakan,ada pemberitahuan update, cari di plystore mbca nya tidak ada mohon solusinya",0,17,positive,,0,False
ee418210-a820-45e0-b308-fafc7447afcd,2,2026-05-20 19:06:12,mantap,0,1,negative,,0,False
85a296e7-a6ff-4432-b392-f1c407f99669,5,2026-05-20 19:12:53,selalu jadi yg terbaik,0,4,positive,,0,False
62b6aa27-9ff7-4949-8822-693ae352882e,5,2026-05-20 20:01:03,semakin baik dan mudah,0,4,positive,,0,False
5694f78c-8085-463c-93be-2a9a6c42f8ee,2,2026-05-20 20:10:19,kok eror gak bisa di buka.padahal habis upgrade,0,8,negative,app_performance,1,True
65dba1b4-b7a5-4a65-b503-fa1d06d1d232,2,2026-05-20 20:35:13,ganti HP..dgn nomor yg sama blum bisa proses notofikasinya,0,9,negative,,0,False
360a10cc-d705-4b71-b785-4089c01fd5d4,5,2026-05-20 21:15:54,mantap,0,1,positive,,0,False
680d778f-176c-4e98-a2b2-563e864995ac,5,2026-05-20 21:32:28,sangat bagus 👍👍,0,3,positive,,0,False
43cb75ea-50e1-491d-b6fd-4a19e83808d2,5,2026-05-20 21:47:31,ok,0,1,positive,,0,False
ef403dae-1347-4d9f-9ffd-b8059c47d45c,5,2026-05-20 21:56:14,Good Nice,0,2,positive,,0,False
859ab7aa-c717-4989-a0bd-9c1a1ec417b8,1,2026-05-20 22:36:04,"proses pembuka an rekening melalui online dan cabang sanget tidak memuaskan. proses di cabang sanget lah bertele tele. Ahir nya pindah ke bank lain ,2 tempat langsung bisa dan proses cepat. akhir nya langsung bikin 2 rekening baru.",6,38,negative,customer_service,1,True
f920b84f-1dc6-4d26-b85d-ab82d328cef3,5,2026-05-21 00:13:24,saya lupa nomor kartu bca nya gimana yaa ? mau liat di email tapi udah kehapus semua email nya,0,19,positive,,0,False
9d6c6f9c-f762-40ce-8d8b-d152899af381,5,2026-05-21 02:39:01,bgus,0,1,positive,,0,False
e728a2be-aae1-47ea-ba6b-8a54c2abc2ab,1,2026-05-21 03:12:57,biometrik bermasalah terusss🤬 mau login ke akun sendiri dipersulit.,0,9,negative,login_otp_access,1,True
bb08f6de-e8d4-4e4a-a1e4-5a541c4e6285,2,2026-05-21 04:25:00,mbangking saya 3 kali salah masukin pin malah diblokir apa bisa tunggu besok normal lagi atau gmn ya males ke BCA nya,0,22,negative,,0,False
844b547d-a851-47bc-a65c-ccbfbd13b6c7,5,2026-05-21 07:09:25,good,0,1,positive,,0,False
90ad261a-2827-41c8-82df-bdc6e5d0196a,1,2026-05-21 07:59:32,tidak bisa verifikasi muka terus gagal,0,6,negative,face_verification_failure,1,True
85503daf-fe79-434b-89b0-8d318e2f6420,5,2026-05-21 08:21:09,baik,0,1,positive,,0,False
d3c5194b-87e3-4187-9531-265e94715410,2,2026-05-21 08:48:24,Tolong tampilkan jam nya dong di mutasi butuh banget soalnya,0,10,negative,,0,False
753b0639-f6e2-488c-a2e2-f99d045663e5,5,2026-05-21 08:53:50,cakep,0,1,positive,,0,False
f9bef2a0-22c1-4b5e-ade7-9fa349a61144,1,2026-05-21 08:56:58,tolong dong di perbaiki masa saya ngga buka' akun saya di BCA mobile langsung verivikasi ulang lagi,0,17,negative,,0,False
b4643e97-b633-4ec7-b634-158ccd09923b,5,2026-05-21 09:02:31,SANGAT MEMBANTU,0,2,positive,,0,False
539aa72c-635d-4745-aef3-198930997cbc,1,2026-05-21 09:44:52,tidak bisa dibuka/tidak bisa di update,0,6,negative,"app_performance,device_compatibility",2,True
90fc661f-dbec-46ef-9db4-65d8666110b1,5,2026-05-21 10:11:40,terbaik,0,1,positive,,0,False
d9a3217c-45f6-4409-aeb4-ab2d90426f39,5,2026-05-21 10:23:46,Membantu,0,1,positive,,0,False
ad4e2da3-a3c5-4a63-91c8-809c79805378,5,2026-05-21 10:50:17,smpai saat ini sangat Aman dan Membantu jug cepat Metode transaksinya Juga terupdate by sistem mantap sekali Sukses BCA Mobile,0,20,positive,,0,False
b0c5b6d4-6644-4531-bdfc-d1c6c7d59962,5,2026-05-21 11:22:57,Qris sering bermasalah...,0,3,positive,,0,False
7c6d321c-4642-42dc-b24a-88fc88371f22,2,2026-05-21 11:46:00,"Selama ini lancar jaya, ttp Kmrn waktu saya top up 601k ke shoppe pay, ttp tdk masuk. tdk tahu kesalahan nya di bca or shoppe pay nya???",1,27,negative,,0,False
f018bf50-ce89-4690-aa14-6b85716b9010,1,2026-05-21 11:46:15,mau login sulit padahal sudah masukan nomor atm,0,8,negative,login_otp_access,1,True
b0a1727e-6be1-447c-8210-ce9d9647b887,1,2026-05-21 12:03:00,"sy ganti hape mw regis financial di 1500888 sampe pulsa habis,,cepat sekali pulsa abis buat tlp 1500888 ini",0,18,negative,,0,False
d5b631c6-d5db-4f35-9036-9acd3f13df2e,1,2026-05-21 12:57:37,"Kecewa Verifikasi Wajah sangat sulit di hp lawas Realme C2, dengan note "" pastikan kamera menangkap gambar dengan jelas "" sudah 2hari 2malam saya selfi dengan berbagai kondisi, indoor dan outdoor. yang padahal gambar masih layak, untuk disetujui, tapi ini tidak approve. Padahal teknologi canggih bisa scan retina mata, kenapa harus terpaku pada hasil foto, apa kurang cukup mendeteksi dengan cara scan lain ya. MBanking lain saya cukup mudah untuk login kenapa ini susah? saya menyesal sekali. BCASU",20,78,negative,face_verification_failure,1,True
e35213c2-0f5f-49e9-a45e-ef5af2b64018,1,2026-05-21 13:05:23,"makin ga jelas sudah update, banyak bug bayar qris gagal terus nyoba 5 6 kali baru bisa",0,17,negative,transaction_failed_balance_deducted,1,True
a66b62dd-d9cb-4d7d-b525-b1f9307ab797,5,2026-05-21 13:15:51,BCA lebih mudah utk bertransaksi antar BANK,0,7,positive,,0,False
7021bb32-db9c-417e-9bb7-e5fc306344db,5,2026-05-21 13:53:21,Aplikasi yg berguna dan membntu transaksi 🙏,0,7,positive,,0,False
1f52b9e9-431a-4d08-9d5b-5572291c2a65,5,2026-05-21 14:45:06,oke lah,0,2,positive,,0,False
63a4179d-8ee3-4662-81f5-554f5be91053,3,2026-05-21 14:55:44,lemot banget,0,2,neutral,app_performance,1,True
1a1dc68f-f2f3-45e4-9bd9-8c190ea58ae6,3,2026-05-21 15:10:07,"ini kenapa BCA mobile nya gak bisa buat verifikasi lagi, karna no yang buat daftar AQ pindah hp giliran mau buka suruh verifikasi lagi udah seminggu nyoba gagal terus, pulsa kuota juga ada tapi ttp gak bisa",0,37,neutral,transaction_failed_balance_deducted,1,True
1c6c7537-9282-487c-9530-f06cca36d660,2,2026-05-21 15:54:07,dari pihak dana sudah sukses dan sudah ok di mbeking BCA blom ada dari mutasi ada status PED itu gimna,0,20,negative,,0,False
d92f7ec4-251d-437b-b5a0-fdb70d61c821,2,2026-05-21 15:57:02,"ini knapa dah akhir2 ini pembayaran lampunya merah mulu padahal sinyal dan jaringan internet bagus,tolong dong di perbaiki",1,18,negative,indicator_light_stuck,1,True
5b397331-8261-4463-a5a0-b4deea17f0e8,1,2026-05-21 16:10:04,Parah Sekali Aplikasinya.masa foto selvi tidak bisa indikator merah terus.setiap buka harus melalui sms.Sekali sms gak tangung tanggung biaya sms nya mahal.masa sampe aku isi pulsa 30 ribu hanya untuk menerima konfirmasi biar bisa masuk ke aplikasi.itupun tetap gak masuk.soalnya wajah kita gak bisa dikenali.padahal wajah kita kadang kotor berkumis.tetap aja gak bisa.saya coba terus tetap gak bisa.masa disamakan foto ktp saya sama foto sama wajah sekarang.itu kan ada perbedaanya.,1,70,negative,indicator_light_stuck,1,True
24d84a87-3c69-4d4b-9278-53284920ecb5,5,2026-05-21 17:53:31,mempermudah membantu disaat yang dibutuhkan,0,5,positive,,0,False
bd4ac084-cbd0-4412-afbe-ab555ff9eb88,1,2026-05-21 17:54:48,informasi ada update aplikasi tapi di update tidak bisa mengecewakan,0,10,negative,device_compatibility,1,True
2c43a9f6-48a3-43f7-9add-b6c12596b837,1,2026-05-21 18:11:17,sering merah lamaaaaa sampe sebel apalagi pas di depan kasir. ribet. bank lain ga pake biru ijo,0,17,negative,,0,False
ac0065f8-16f2-40e2-a8ce-102cedb746c1,5,2026-05-21 18:57:38,makin oke,0,2,positive,,0,False
27b25050-3ce6-49a0-af70-e653a94ec608,1,2026-05-21 19:32:47,"biaya admin perbulan terpotong secara sistematis, tapi problem solvingnya menunggu pengecekan terus jawabannya, nasabah akan dengan senang hati membayar biaya admin jika kualitasnya unggul, ini biaya admin sistematis tapi problem solvingnya SANGAT LAMBAT, bukan soal nominal transaksi tapi soal KUALITAS PELAYANAN, tolong di perhatikan, saya merasa dirugikan secara waktu dan jadi terhambat aktivitas saya karna udh beli paket data, saldo sudah terpotong, namun paket data tidak masuk",4,67,negative,transaction_failed_balance_deducted,1,True
459e59c4-0ec4-461d-a5b5-b2a557f337e1,4,2026-05-21 19:49:54,"hallo kak admin, kak maaf nih sya kan udah pernah daftarin BCA mobilenya ya, trs kenapa ya pas sya mau masuk, sya di suruh registrasi lagi? tolong bantu an nya",0,30,positive,,0,False
d9b5f5e7-dfbf-4c64-a89b-2d5854ea4697,2,2026-05-21 20:53:34,bagus dalam kesusahan ambil cash,0,5,negative,,0,False
ea6ce522-e035-4e1d-8b10-ac658da9158e,2,2026-05-21 20:54:34,verif muka susah banget padahal sudah sesuai instruksi,0,8,negative,,0,False
25df806c-edef-48ac-9271-b020e2bc3673,1,2026-05-21 21:30:29,"lemot ketika login m-banking..!! padahal sinyal bagus, hp juga bagus bukan yang ram kecil, memori kecil.",0,16,negative,app_performance,1,True
c74bf523-3579-460a-87f4-4d3bc1364f74,5,2026-05-21 21:44:28,baik,0,1,positive,,0,False
d6afeb55-6047-41f8-a87e-1753622dc5ab,5,2026-05-21 21:49:08,langsung kasih 5 bintang saja,0,5,positive,,0,False
0646802c-97d4-4955-91f1-60d4acc1ec55,5,2026-05-21 21:55:21,"ok lancar,tidak pernah human error👍👍",0,5,positive,app_performance,1,True
045a2539-a43c-488a-8e59-7e4d77d6d471,5,2026-05-21 22:04:39,Saya ingin aplikasi ini,0,4,positive,,0,False
8d9da1df-590b-4c8a-bc01-82694501629d,5,2026-05-21 22:07:45,sangat membantu,0,2,positive,,0,False
1376ee75-ea68-4268-8165-12fa57a51caa,1,2026-05-22 00:26:20,KIKIR 👎👎👎👎👎👎👎,0,2,negative,,0,False
19bee784-0989-4337-ac95-29f2b21bfe4f,5,2026-05-22 01:48:57,bagus,0,1,positive,,0,False
152c508f-f2e9-4490-a9ca-3dbe3f77f6ba,5,2026-05-22 02:15:45,bagus,1,1,positive,,0,False
7f2a56c8-e935-49eb-91f1-14f22546dcff,5,2026-05-22 02:42:52,okee,0,1,positive,,0,False
21983a7d-eef8-4da2-981f-329f8d309f39,1,2026-05-22 04:31:43,pusing harus ganti HP biar bisa update ke aplikasi yg baru,0,11,negative,,0,False
84289ccb-3aa9-42fe-a01f-9fa15eae704e,5,2026-05-22 05:28:40,sangat bagus,0,2,positive,,0,False
ca7eea23-dffd-4432-86da-60d125e5828c,5,2026-05-22 05:31:29,terlalu bagus,0,2,positive,,0,False
5dc593f6-6196-43b7-8c9d-825ee0596a55,5,2026-05-22 07:23:36,ok di lanjut,0,3,positive,,0,False
9df30325-1519-4f43-bd73-0a6563b2ba0f,5,2026-05-22 08:54:58,"bca mobile saya sudah tidak kompetible dgn perangkat saya, saya belum bisa ganti hp ke yang lebih besar spec. Nya mohon kepada developer bca jangan sampai di bekukan akun saya,soalnya saya masih butuh transaksi,,,,terima kasih",0,35,positive,device_compatibility,1,True
70feb2a7-9f95-4bd1-babf-fe9c66eeb2c8,5,2026-05-22 09:10:15,sangat bagus,0,2,positive,,0,False
7180ebd3-78ee-4394-9562-98f3dbf985dd,5,2026-05-22 09:28:48,mantaplah....bisa di andalkan di manapun berada....asal saldo ada...,1,8,positive,,0,False
875cec15-8702-4e98-b2a4-35d982311017,1,2026-05-22 09:34:19,aneh sya mlam tf 100k sampe sekarang blum masuk ke Rekening BCA nya padahal di aplikasi Dana Udah Sukses terkirim,0,20,negative,,0,False
63bc264b-1bb6-4984-aa18-6dd48f6fc0f4,3,2026-05-22 10:33:11,"Sedih banget, hp jadul udh gak bisa download aplikasi ini 😭 mana mau bayar tagihan 😭",0,16,neutral,device_compatibility,1,True
cf46e92f-19d7-4f20-ba3d-c9c776f3382b,5,2026-05-22 10:53:38,mantap lah buat emergency,0,4,positive,,0,False
33561f03-405a-4f07-b60c-21a1ab529001,1,2026-05-22 11:01:38,ribet poll,0,2,negative,,0,False
8d58ffc7-3924-4f15-84b2-7aad08264e57,5,2026-05-22 11:06:53,repot banget bang bca mau pindah hp nomor hpku bisa gak terdaftar smsnya. mau pindah nomor telpon kehp lain jadi repot,0,21,positive,,0,False
50b56e30-51bc-47f0-bd23-2cbadb97b85a,1,2026-05-22 11:30:59,"salah satu pelopor m-banking di Indonesia, tapi sering banget ganguan/bug, pdhal jaringan normal",0,13,negative,app_performance,1,True
eb53507a-96a2-4d17-b84d-19b8bf079577,1,2026-05-22 12:06:10,sangat kecewa padahal belum lama saldo sdh kenak potongan bulanan eh blm lama lagi kena potongan lgi ini BCA kenapa yaaaa tolong lah jngan kayak gini,0,26,negative,,0,False
5d7988f1-5454-436a-8e31-4ffd66ac2d42,1,2026-05-22 12:22:24,buset baru daftar ngulang berkali2 kirim sms.,0,7,negative,,0,False
5817a709-1004-4ea3-99bf-e06f41ecf092,5,2026-05-22 12:57:23,sangat mudah untuk digunakan,0,4,positive,,0,False
920d1620-ad1b-4f2a-95f6-04309ccade98,5,2026-05-22 13:48:30,Kmrin mbanking bca sya ada permslahan di ponsel saya. Sya buka apk mbking bca tpi tiba2 ada tulisan up date. Sya up date 2 x tetep nggak bsa. Ahirnya cba sya unisntal atau saya delete. Setelah sya mau downlod/ unduh udh nggak bsa lgi. Tlong di bantu supya sya bsa downlond lgi mbanking bcanya di perangkat hp saya.,0,58,positive,,0,False
753bab82-fc45-4ee2-97fc-07e190f5a2d0,5,2026-05-22 15:44:09,sangat nyaman dan mudah dlm bertransaksi ga ribet...bca oke banget.,2,10,positive,,0,False
063548a8-ee43-4ce9-85d0-17cd9fa03d15,4,2026-05-22 17:37:54,"simple, tp tampilan jadul",0,4,positive,,0,False
5d647837-b559-4554-8a7a-6e7175325fac,5,2026-05-22 17:42:42,pelayan nya sangat memuaskan bisa transaksi kapan saja,0,8,positive,,0,False
1503f1cc-bbe8-4424-b9ad-49b5afc8c9cc,1,2026-05-22 17:53:28,kok setelah update malah LEMOT !!!,0,6,negative,app_performance,1,True
785ace23-f852-4aec-9e07-fecbf125f0d7,5,2026-05-22 18:20:25,"seneng banget pake BCA mobile,,saya jdi terbantu masalah transaksi",0,9,positive,,0,False
a230e005-784c-480c-a43d-7b63cbd07d79,5,2026-05-22 18:26:21,BCA Makin Mantaps,0,3,positive,,0,False
e7f60bcf-b094-4676-a7a6-65d17c1adfe8,2,2026-05-22 18:28:31,"maaf , tolong di perbaiki sistem bagian verifikasi diri . untuk kamera depan sulit untuk mencari pose yang pas..padahal hp sudah di tempat yang terang..jadi aku ngerasa kan ""Pembuatan di kantor udah lengkap tu photo diri kita Dll ..jadi gk harus juga di persulit di bagian Aplikasi ini.. Sampai sekarang aku g bisa Msk verifikasi Mobile gara2 harus verifikasi wajah ..itupun sulit di tangkap , coba di kasih petunjuk Hadap kanan,kiri,atas,tengah kan enak..ini gk ada sama sekali..tolong di perbaiki y",3,80,negative,face_verification_failure,1,True
b00a64b5-5778-4829-bec6-a3ec93fe0e36,5,2026-05-22 19:07:20,"Terimakasih BCA, Sudah berkali kali ganti hp,login lagi dan lagi masih bisa digunakan, Sangat membantu,",1,15,positive,,0,False
bfd224d1-d96b-46fc-ae56-953a56d8942a,4,2026-05-22 19:17:01,terima kasih penyelesaian masalahnya sayang terlalu lambat responnya jd 4 star dulu,0,12,positive,,0,False
0fc1f915-2e77-4d1e-ba80-a96ab983a9f8,5,2026-05-22 20:21:10,makin sini syulit,0,3,positive,,0,False
a02125b5-b4f0-418a-9783-cf5f2f3b7b2f,5,2026-05-22 21:26:54,akses simple dan mudah,0,4,positive,,0,False
b195d071-653d-4aca-9616-a5d00dcc1d97,1,2026-05-22 21:37:09,"Bertahun tahun, mbca mengalami kemunduran. setahun dua tahun lalu pengaktifan bca mobile simple dan tidak dan efisien, yg baru malah cacat sistem. ganti tim itnya lulusan abal abal keknya",0,29,negative,,0,False
622897fe-23ec-4cda-a689-b3ca65928abd,5,2026-05-22 21:47:29,Praktis,0,1,positive,,0,False
3cb20ab2-cb62-4f4c-a0bd-518ead0ff7b2,1,2026-05-23 00:08:05,makin ke sini makin lemot,0,5,negative,app_performance,1,True
4def0d90-5017-4fb8-83cb-55def56c0677,2,2026-05-23 00:18:18,"makin kesini nih apk rusak juga yaaa...masa mau registrasi ulang ajaa repotnya minta ampun dah, mau transaksi jadi susah,tarik tunai dibikin repot, kalau begini terus mening hapus ajaa dah nih apk cape sumpah minta verifikasi ajaa repot beberapa kali kirim via sms kaga ada balesan yang ada pulsa habis kesedot, padahal ini apk penting buat saya sehari-hari dan sangat membantu tapi makin lama ko begini yaa...hadeuhhhh moga adaa kebijakan serius dong, saya udah orang susah",1,75,negative,,0,False
569cd24a-ef83-4279-9efe-a1153796b148,1,2026-05-23 01:14:52,pembayaran qris gagal tapi saldo kepotong,0,6,negative,transaction_failed_balance_deducted,1,True
eff31d41-6ad4-48ed-9bb2-86e33c4be5c2,5,2026-05-23 02:40:33,saya pakai pembayaran Qris gagal tapi saldo berkurang/ kepotong,1,9,positive,transaction_failed_balance_deducted,1,True
f7f44a02-aabe-418c-8b4e-f0e14f609168,1,2026-05-23 04:28:57,"Tolong dong gimana nihh, admin massa saya sudah transfer ke antar bank dan transaksi berhasil tapi saldo yang dikirim belum masuk juga, dan malah saldo yang yang kena potong.",0,29,negative,,0,False
222b5be6-dae6-450c-a3e1-22b91091d6d9,1,2026-05-23 04:29:33,saya kecewa dengan update aplikasi yang terlalu lama harusnya di optimalkan supaya pengguna aplikasi nyaman dan puas dengan update terbaru sampai skrg saya belum bisa mendowload aplikasinya kembali masak saya harus ganti smartphone supaya bisa menggunakan aplikasi ini lagi,0,39,negative,,0,False
a97a0c59-7cd8-419c-9a86-801f5c744539,5,2026-05-23 05:47:47,mantep,0,1,positive,,0,False
efe71655-6ba4-4353-a9fe-2fdb49fb3c77,1,2026-05-23 06:44:02,sy punya pengalaman yg sangat membuat sy kecewa dgn bca sy salah transfer kerekening org lain dgn nominal yg cukup besar bagi sy Sy sdh lapor kebank BCA dan mengikuti semua apa yg diminta oleh BCA utk masalah ini tp SDH setahun lebih TDK ada kbr dr bca dan sampai detik ini uang sy ga pernah kembali... pelayanan yg sangat buruk dan menyakitkan,1,63,negative,customer_service,1,True
c4473f6e-c1e2-4ebc-b778-568cced62ff9,3,2026-05-23 07:08:28,knp yah kadang suka merah mulu klo lagi di butuhin padahal data bayak ....,0,14,neutral,,0,False
ca68ead8-fc3f-453d-bc4b-3baba027d196,5,2026-05-23 07:41:44,sangat baik,0,2,positive,,0,False
a6a66193-46cc-49f2-bf76-e13dc430d542,4,2026-05-23 08:14:46,knp saya buka BCA tiba tiba gk bisa masuk/daftar soalnya saya pengguna baru udh TK coba berkali-kali ttp gk bisa pdhl sinyal udh bagus,0,24,positive,login_otp_access,1,True
1535428b-7b8a-41b7-b92f-1eaab0ea2ea9,5,2026-05-23 08:24:25,Bagus,0,1,positive,,0,False
38049d02-899c-4f5a-8d27-88ffbde76c9e,5,2026-05-23 08:30:28,bagus,0,1,positive,,0,False
4157f3d1-413f-4eb5-85c0-fe26874f6e98,1,2026-05-23 09:54:33,kecewa kok bisa saya isi token listrik prabayar saldo nya berkurang dua kali padahal satu transksaksi,0,16,negative,,0,False
56075703-c4de-4206-960b-0ae6525a8fe8,5,2026-05-23 10:23:08,saya kasih bintang 5,0,4,positive,,0,False
9f296415-334f-4ab0-a68a-b119c125988a,1,2026-05-23 10:31:35,sya ber bintang 1 karna MBankinnya selalu bermasalah,0,8,negative,,0,False
211dddd6-d90c-4f9b-b4dd-eb4a878219c1,1,2026-05-23 10:53:58,banyak potongan nya..buka rekening ada potongan buat buka rekening setelah buka rekening sisa uang 50 ribu hilang juga di rekening aku tanya CS nya katanya buat potongan bulan depan jika isi saldo kosong...BANK macam apa ini..ngk melindungi uang nasabah malah ngambil uang nasabah terus terusan..padahal di bank lain sisa uang 10 ribu aja aman ngak ada potongan buat bulan depan atau potongan apapun...menyesal udah buka rekening di BCA ....ngak bakal mau lagi..,0,72,negative,"unexplained_deduction,customer_service",2,True
edec734c-d28f-4047-ae04-cc0ba93c757a,5,2026-05-23 11:16:07,bagus,0,1,positive,,0,False
cfa68986-4185-4013-b5f6-cc07e98d72b2,1,2026-05-23 12:22:17,"tak berguna , error' terus",0,5,negative,app_performance,1,True
aad66ab8-9b69-41ae-b450-204cea36c6a1,1,2026-05-23 13:20:19,tiba2 layanan terblokir sndri tnpa sebab,0,6,negative,,0,False
523f9a25-b638-464d-9bcc-4c3ffc9603fe,1,2026-05-23 13:32:05,Kenapa sering indikator hanya stuck di merah padahal wifi atau paketan lancar. jadi malu kalo mau Qris eh indikator masih merah dan nunggu lama banget,4,25,negative,indicator_light_stuck,1,True
0365cbb0-da06-4eb1-a858-ec63c45f4171,1,2026-05-23 13:46:37,"Tolong perbaiki Qris nya lemot, lelet.. paraah banget",0,8,negative,app_performance,1,True
5351cc99-c486-446f-b183-0ea03da4e91c,1,2026-05-23 14:33:44,setelah update aneh,0,3,negative,,0,False
0de2a453-a097-465a-a950-9e7ae6fcbea9,5,2026-05-23 14:42:08,min bisa gak si mobil mca struk transferannya dikasih nama pengirimnya kyak bBRI MANDIRI gitu,0,15,positive,,0,False
b07d1359-71b3-4edc-a030-07add7ae2de8,1,2026-05-23 15:14:26,TOLONG DONK BCA KENAPA LAMPU INDIKATOR MERAH TERUS BIKIN SUSAH AJA KLO TRANSAKSII PERBAIKI LAH SUDAH BANYAK YANG KOMPLEN LOH,0,20,negative,indicator_light_stuck,1,True
ca635611-3eea-4342-9db5-fb7d5bbd5f43,1,2026-05-23 15:20:02,kenapa lampu indikatornya merah trs saat ingin di gunakan?,0,9,negative,indicator_light_stuck,1,True
e94fe199-f728-4c34-bf87-bf3f4022a709,4,2026-05-23 18:17:44,"Tolong dijawab, Kenapa ada BCA MOBILE dan myBCA ??? BEDANYA APA??? aman gak?? mau tanya jawab sama admin BCA lewat apa?",0,21,positive,,0,False
1a7aa481-50e1-40a5-9371-0fdf748a43da,1,2026-05-23 18:21:09,"transfer ke bank lain di mutasi ada tp tidak masuk ,TLP callcenter harus nunggu 1x24 jam,kenapa ngga ada notice kalo TF bi-fast sedang downtime,sangat sangat merugikan,kembalikan segera uang saya yg ilang",0,31,negative,customer_service,1,True
752abc7e-8322-4377-acdf-155c057d21a7,1,2026-05-23 18:35:13,puas banget dengan layanan aplikasi mybca mobile semoga tetap berbenah lebih baik kedepannya 🫰,0,14,negative,,0,False
7ac59183-dd78-4d4a-a503-7ed5a88f16f2,1,2026-05-23 18:52:04,busuk aplikasi BCA mobile. swasta tapi layanan macam bank punya bumn.. brengsek internet lancar di buka apk mobile BCA merah Mulu,0,21,negative,,0,False
6508740f-762b-49e9-86b9-0813b4bbca6a,1,2026-05-23 19:24:44,sangat tidak memuaskan saya mau buka mbaking saya kirim SMS nggak di bales sangat memprihatikan,0,15,negative,,0,False
50972d54-61bb-46d0-8e09-1970cdd207a7,1,2026-05-23 19:24:55,ku kasih bintang 1 karna gk bisa login..,1,8,negative,login_otp_access,1,True
cadc9b99-c9dd-4d37-bf75-284a6cdd3b65,2,2026-05-23 20:48:29,"Nggk bisa di pakai di perangkat hp lama, kalau gini kan jadi repot",1,13,negative,,0,False
3ac6f6be-da1f-4a23-8e73-947493184b72,5,2026-05-23 20:51:28,ok,0,1,positive,,0,False
ab86e248-f349-4f85-97c5-6e9190bdd128,5,2026-05-23 21:37:01,sangat baik,0,2,positive,,0,False
ea2e86e3-7f2d-42c4-acac-7f9ef45c0bda,5,2026-05-23 22:39:56,Really good,0,2,positive,,0,False
b278e76a-0f04-47e8-a207-1e62c55d30f8,5,2026-05-23 23:14:55,top,1,1,positive,,0,False
14caed5a-8226-47d4-92e6-579e62509ba4,1,2026-05-23 23:26:49,"oi... os versi 7. gsk kompatable... gimna kalian itu bca,, knapa malah menyusahkan nasabah😠😠😠😠",1,14,negative,,0,False
b16531d2-3e17-4019-be40-26ae0fa777a8,5,2026-05-24 01:04:19,Terima kasih bca yg sudah membantu dg layanan mbanking,0,9,positive,,0,False
31eb2b23-385f-44aa-88f2-08abff209627,1,2026-05-24 01:09:43,"update versi terbaru 4.8.4 ini terlalu gila penggunaan CPU nya, boros bgt baterai. perbaiki!",1,14,negative,,0,False
daa0b95c-7dab-4b9b-81b1-be603c5d543c,1,2026-05-24 06:36:01,Ok,0,1,negative,,0,False
4ced15a6-92dd-4b72-aa9f-6ad3cc459a7a,3,2026-05-24 07:42:55,ini BCA kalo make wifi ko jaringan ya merah knp kali ada in dong fitur make wifi bisa make data bisa jangan pilih kasih kita yg make susahhh buat transaksi apa apa kalo mau mesen paket 😭,0,37,neutral,,0,False
85ec3496-e7d3-43fa-b1aa-5e208c23fe24,1,2026-05-24 09:05:14,sulit untuk di akses saat aplikaai meminta persetujuan di situlah kendala lama dan tidak bisa di buka,0,17,negative,app_performance,1,True
84f422bd-2f2c-4c64-aaf2-1af85c2e04c0,5,2026-05-24 10:22:09,cocok,0,1,positive,,0,False
f87cd8dc-7817-4c41-b078-46128ae6d3f2,1,2026-05-24 12:04:01,Mau bayar Qris susah merah terus padahal sinyal dan kuotanya masih lebih,1,12,negative,indicator_light_stuck,1,True
f28ff685-5a5d-465f-90f1-de1e48066693,1,2026-05-24 12:22:17,"Baru kali ini gw alami, transfer bi-fast di bca sukses tapi ke rekening tujuan tidak masuk. dan ketika komplain suruh nunggu 5H kerja, padahal kan uang udah kepotong dan itu uang buat modal muter usaha kecil saya. hadeehh kecewa berat",0,40,negative,customer_service,1,True
4c4285bd-0833-41ad-9d4a-4aa736a68f2e,1,2026-05-24 12:35:29,aplikasi tidak kompatibel dengan perangkat.. tidak bisa transaksi aplikasi tidak bisa di perbarui,0,13,negative,device_compatibility,1,True
54915704-08bf-4e88-85ee-8e8457718fff,5,2026-05-24 12:43:32,sangat membantu dan mempermudah Nerima Transfer atu mau transfer,0,9,positive,,0,False
ae765920-9b4b-43ae-a425-db7829c29749,5,2026-05-24 15:14:04,ok,0,1,positive,,0,False
d150e25b-d8c2-4638-9346-ace3b245aed9,5,2026-05-24 17:18:54,sangat membantu cuman indikator mrah terus,0,6,positive,indicator_light_stuck,1,True
faf0aa0a-cb92-40fe-a064-260ae6ab2295,1,2026-05-24 19:39:49,kalo di TLP pertanyaan berulang2 kali habisin pulsa dan waktu orang dan tidak ada ngebantu costumer sma sekali,0,18,negative,,0,False
d7a67b11-05a1-4e52-9fa5-74d6665930b6,3,2026-05-24 20:10:36,Kelamaan. Error mulu. kirim kode OTP saya segeraaa,0,8,neutral,"login_otp_access,app_performance",2,True
c64cd13e-6556-4f9a-a6ca-6e90cfaebab2,1,2026-05-24 21:35:08,kenapa setelah update suka keluar sendiri app ny,0,8,negative,app_performance,1,True
8f1d75c2-c1a0-4162-aa93-d419dcda0a13,2,2026-05-24 21:43:24,kalo bisa pas akses lewat hp baru otp jngn pake pulsa lah jaman skrg kita ga pernah beli pulsa langsung paket internet.. klo udh bisa gtu saya ganti bintang 5 klo ada 10 saya kasih 10,0,36,negative,login_otp_access,1,True
c516b955-bee7-42f1-8eab-b8652dca2b95,5,2026-05-25 00:30:45,Bank BCA masih Bank No.1 di Indonesia,0,7,positive,,0,False
e447b19d-7647-45fa-95c2-75129241f04b,1,2026-05-25 01:49:53,"gimana ini min tadi saya beli paket data melalui Qris, tapi paket nya gagal transaksi kok malah saldo saya berkurang yaa di tunggu kabar nya min",0,26,negative,transaction_failed_balance_deducted,1,True
c4298bc8-a09b-4b99-8097-b82dc5da5207,1,2026-05-25 03:04:39,log out sendiri giliran mau masuk ngabisin pulsa banyak gk bisa masuk juga... plis lah perbaiki.. janngan merugikan.. masak bolak balik log out dah beberapa kali di benerin ke kantor sama aja...,0,32,negative,login_otp_access,1,True
144497c1-be46-40e1-af6f-b1b5d276a90c,5,2026-05-25 05:19:41,mudah dan cepat,0,3,positive,,0,False
7a77888b-2dec-4b4a-a998-8dc2c15839d7,1,2026-05-25 06:38:22,"lemot bgt, lampu indikator nya merah terus, padahal buka apk lain lancar.",0,12,negative,"indicator_light_stuck,app_performance",2,True
c56620ef-ae42-42fb-b681-d1b9e8767639,1,2026-05-25 08:25:17,mutasi kenapa cuma bisa di cek seminggu? dan biaya admin sebulan di potong 2 kali untuk expresi,0,17,negative,,0,False
181d91cc-105c-40fd-a681-08334f4f8838,5,2026-05-25 10:28:51,ok,0,1,positive,,0,False
f08e1cc8-0dc3-478e-84f9-b956a0f3da78,5,2026-05-25 11:26:45,bagus,0,1,positive,,0,False
7297a67b-ec98-44bb-a23a-098080c78e69,1,2026-05-25 11:31:57,apk monyet susah make mbaking suka merah trs indikator nya,0,10,negative,indicator_light_stuck,1,True
6477d129-0143-44b2-8922-88ee67068527,1,2026-05-25 11:35:46,ribet banget daftarnya,0,3,negative,,0,False
e95988fb-b657-4f98-b969-f5a0876df42f,5,2026-05-25 11:48:59,mantap,0,1,positive,,0,False
2014797c-9645-4110-9ddb-bc3b435c8078,5,2026-05-25 12:26:59,mantap 👍👍👍👍👍,0,2,positive,,0,False
5148fe6d-1ad9-4b5b-a711-4270ad956299,1,2026-05-25 12:28:31,"makin kesini update bikin lemot, buka qr aja nunggu titik hijau lama",0,12,negative,app_performance,1,True
f261748b-bfa9-415e-a59c-633827a48720,1,2026-05-25 12:29:26,"udah semakin berat & lemot, sering eror lg.... disaat darurat malah sering pas eror",1,14,negative,app_performance,1,True
0cbf3f06-0bbe-43ec-8fde-1ab15f473a4f,1,2026-05-25 12:33:03,signal Bagus cuma loading doang apa apaan nih apk,0,9,negative,,0,False
814ffc12-c1e5-48d4-9f6a-fa99e2237679,4,2026-05-25 12:36:29,BCA CACAT BANGET PADAHAL LAMPU INDIKATOR NYA IJO TAPI GA BISA BISA KACAW,0,13,positive,indicator_light_stuck,1,True
8617d1b2-6c19-4576-a39a-247e572f8e98,1,2026-05-25 12:36:51,Serasa di jalan PI. Lampu ijo LAMA BENER,0,8,negative,indicator_light_stuck,1,True
6c38d8a2-44cb-4d54-8851-318be35808c9,1,2026-05-25 12:38:07,parah skrang lemot bnget bnget padahal jaringan bagus,0,8,negative,app_performance,1,True
35222ce3-90f6-4e84-9e86-ec13f58f570e,1,2026-05-25 12:40:40,"aplikasi jelek, lemot, ngecek mutasi pengiriman aja lambat, ngecek saldo lambat, qris lemot halah jelek apk ini",0,17,negative,app_performance,1,True
6521d017-09f6-4de9-8d17-ef72bd9d4342,1,2026-05-25 12:41:59,GANGUAN NYA BIKIN REPOT ISH,0,5,negative,app_performance,1,True
36e977da-8cc3-4053-a240-ac022dcc13da,1,2026-05-25 12:42:14,diupdate makin busuk pembayaran qris makin susah terkendala pas mau bayar indikator biru ke cancel padahal aman aja ijo sebelum nya,0,21,negative,indicator_light_stuck,1,True
e34273f3-a0df-4d44-9eae-0fd28b3f74e3,1,2026-05-25 12:42:39,ganggu terus,0,2,negative,,0,False
4de1e181-85cf-445b-b501-bd5f352d9f88,1,2026-05-25 12:42:42,eror,0,1,negative,app_performance,1,True
3d56af47-e2b4-467c-9199-e9224b837410,1,2026-05-25 12:43:48,leleet sering gangguan,0,3,negative,app_performance,1,True
b4351453-b716-475d-9ff3-ca4c1789db80,1,2026-05-25 12:44:08,lelet x tlol,0,3,negative,,0,False
b8a8c029-2194-4382-9579-70091002c94a,1,2026-05-25 12:44:11,"BCA lama lama bukannya makin bagus, malah banyak banget gangguannya. udah gitu ga ada notifikasi nya",0,16,negative,,0,False
a499e5d5-5816-4015-b7cf-71c343af669b,1,2026-05-25 12:44:22,error mulu,0,2,negative,app_performance,1,True
b64a44e0-7932-4f86-8215-a50192650eea,1,2026-05-25 12:44:41,Apalah gangguan mulu,0,3,negative,app_performance,1,True
f969242e-d29e-49d8-9acd-26343d78021c,1,2026-05-25 12:45:27,pelayanan Jelek.. mau transaksi sinyal lemah lemot.,0,7,negative,app_performance,1,True
250ce06f-3a33-4069-a76b-82eb52fb6481,1,2026-05-25 12:49:42,"aplikasi lemot, padahal jaringannya cepet banget",0,6,negative,app_performance,1,True
c7ee5e80-fa1e-4821-a562-eeedfb9f113b,1,2026-05-25 12:49:48,Aplikasi banyak error nya iuhh,0,5,negative,app_performance,1,True
3df93d5f-3785-49a3-99dd-6f7ae7cfc2cb,1,2026-05-25 12:50:01,sering tidak meresfon .muncul tidak menanggapi .kwalitas buruk,0,8,negative,,0,False
e98d6633-6cda-4d26-b050-1bb042441a6e,2,2026-05-25 12:50:52,lama perbaikannya,0,2,negative,,0,False
8b5145ef-5e51-442c-9376-617b277fb2ea,2,2026-05-25 12:51:08,"Mohon untuk perbaiki sistem transaksi qris, setiap kali bayar lewat qris selalu loading.",1,13,negative,,0,False
799daf35-4747-4051-8551-a84d206ff537,1,2026-05-25 12:51:47,kek tai loding mlu,0,4,negative,,0,False
85b33dc5-35d5-4313-8a29-c8b6d650cd81,1,2026-05-25 12:51:48,makin banyak erornya,0,3,negative,app_performance,1,True
36a28ce9-072c-49cd-8a70-18abb8c8d385,1,2026-05-25 12:51:58,Sumpah ini bca gimana sih udah satu Minggu ini eror orang mau bayar gak bisa gagal mulu sampai sampai nih di kasir toko jadi gak balance gara gara transaksi nya eror,0,31,negative,app_performance,1,True
e7cff79d-b6bc-44f8-97c5-920f7f7b19ec,1,2026-05-25 12:52:25,"sueee banget ni apk susah banget mau transaksi, tolong dong perbaiki sistemnya",0,12,negative,,0,False
696f7f7d-f554-40cb-b245-9c21756c4bd0,1,2026-05-25 12:52:28,sering GANGGUAN!!,0,2,negative,app_performance,1,True
b76d80a0-f8bc-4fa8-8942-acb6fa428ada,1,2026-05-25 12:52:52,ggal bae siw,0,3,negative,,0,False
972beb97-7415-40bb-863a-e65cd8f20ab1,3,2026-05-25 12:53:50,saya mau TF tapi kok error? sinyale bagus padahal,0,9,neutral,app_performance,1,True
3d176f40-605e-43e6-84cf-8f25e8442826,1,2026-05-25 12:53:58,"""Mohon maaf atas kendala yang Bapak/Ibu alami. Untuk mengakses m-BCA pada aplikasi BCA mobile mohon dipastikan nomor HP m-BCA berada pada slot SIM 1, menggunakan jaringan internet dari nomor HP m-BCA yang terdaftar, memiliki ketersediaan pulsa yang cukup serta tidak menggunakan WiFi."" SUDAH SAYA LAKUKAN DAN EMNG NGE BUG DI BAGIAN INBOK BUKAN SALAH DARI HP ATAU JARINGAN !. SEKARANG MEREMBET DI BAGIAN INFO SALDO TIDAK BISA KE BUKA MALAH LOADING TERUS DI TUNGGU 10 MENIT GK KEBUKA KEBUKA",0,79,negative,,0,False
cb4f2a38-4f12-441b-ab16-695552fe23c8,1,2026-05-25 12:54:10,"CUMA M-BCA transaksi qris gagal saldo ttep kepotong dan ga balik lagi. di wajibkan telpn ke call center tapi setelah telpon duit baliknya 1 bulan, kalo ga telpon ga balik sama sekali. hati2 yang pake BCA , aplikasi mafia ini. saya cek ulasan semuanya kena hal serupa. kayaknya developer nya ada main maling2 kecil.",0,54,negative,"transaction_failed_balance_deducted,customer_service",2,True
55bcb5ce-188e-4548-86cf-ee0999f39dc5,5,2026-05-25 12:54:21,mudah & simple,0,3,positive,,0,False
4e07f28a-1f65-4f9c-b9a7-6fe3aa3ce571,1,2026-05-25 12:55:00,BANK CAPE ANTRI ! EROR TERUSSSSSS !!!,0,7,negative,app_performance,1,True
01b1fe9a-1e7e-4193-9609-f5c98bf496c9,1,2026-05-25 12:55:14,"ini kenapa sih.. di pake VA kagak bisa, mana pulsa ke potong.. tumben banget Aplikasinya buruk.. jd males pake bca mobile lagi ini...",0,23,negative,,0,False
1e48c29a-f36b-411e-a74e-08c0ca493793,2,2026-05-25 12:55:40,semakin kemari sistem nya lola,0,5,negative,,0,False
8e6d1d4f-5a35-4e94-a21e-8ddc4cc7ca3b,1,2026-05-25 12:56:27,"gajelas update mulu, qris pembayaran gagal dipotong, sumpah transaksi di bca makin lama makin kurang",0,15,negative,transaction_failed_balance_deducted,1,True
b860fa40-c7a6-4431-81eb-e9f4a883d16f,1,2026-05-25 12:57:11,"yang di update bagian mana ya?, setiap mau top up pasti sering error, gaada evaluasi apa bagaimana?💩",6,17,negative,app_performance,1,True
e4e8971f-6ff7-40e4-af32-c1ebf69ee11d,2,2026-05-25 12:57:22,ini BCA mobile kenapa makin k sini makin lemot aja aplikasi nya...baru aja update malah makin lemot...coba d perbaiki lagi aplikasi nya...,0,22,negative,app_performance,1,True
f679bbdd-4cca-47a9-adc4-8db45dbd55db,3,2026-05-25 12:58:50,"Tolong di perbaiki lagi untuk masalah di aplikasi mobile nya,setiap mau transaksi selalu di permainkan sama indikator padahal tidak ada masalah dengan jaringan",1,23,neutral,indicator_light_stuck,1,True
712dcb8d-c09c-44c0-a00b-aabbc8cb2f72,1,2026-05-25 12:59:18,bca parah atm sering ga bisa ambil uang banking lemot najis,0,11,negative,app_performance,1,True
6f559381-dd45-4779-917b-f3995114d392,4,2026-05-25 12:59:29,makin lemot nnsering gangguan aj,0,5,positive,app_performance,1,True
7bc82467-4799-437d-8280-7d500e3cd826,1,2026-05-25 13:00:05,"apk paling jelek,lemot",0,3,negative,app_performance,1,True
092af2a8-6981-4637-aceb-c3a910a0abff,2,2026-05-25 13:01:02,"setelah update, kenapa aplikasi tidak bisa dan transfer selalu gagal",0,10,negative,"transaction_failed_balance_deducted,device_compatibility",2,True
eefd76e4-9fe9-4c10-b5dc-dba66abc8eb0,3,2026-05-25 13:01:21,tolong deh bca kenapa sekarang sering banget ya transfer va suka gk bisa sudah pake wifi + kota sama saja liat saldo kadang muter2 doang,0,25,neutral,,0,False
af760cd3-8971-45eb-a1e0-43bda123e9b4,1,2026-05-25 13:02:03,"masa kirim lewat mbangking lag nya minta ampun sekali"" perbaharui dong aplikasinya",0,12,negative,,0,False
a7311b79-11a6-4a46-9e9a-fac3ecbf4089,2,2026-05-25 13:03:11,"abis update gak bisa transaksi, cape deh...hedeehh. pindah lokas SMA aja. pdahal koneksi ada, tpi selalu jawabannya koneksi bermasalah. transfer gopay saldo kepoton eh diaplikasikan gopay gak sampe saldonya. QRISNYA gak bisa",2,32,negative,device_compatibility,1,True
cbe0facc-2b36-421f-a1fc-aa7ac21185b6,1,2026-05-25 13:03:27,muter2 doank ga bisa cek saldo dll,0,7,negative,,0,False
f4788e13-b624-47ef-bafe-f3608c31cbfd,3,2026-05-25 13:04:43,"Tolong jelaskan knp hari ini MB BCA kok transaksinya selalu gagal, cek mutasi dan lihat saldo juga susah. padahal baru saja aku update yg terbaru",0,25,neutral,,0,False
c26d71f9-3f3a-4fe7-bc9f-fe9c5203db98,5,2026-05-25 13:04:49,ok,0,1,positive,,0,False
5a0977b1-4638-4daf-b49f-f0f72ce778aa,5,2026-05-25 13:06:48,bagus,0,1,positive,,0,False
643fb008-f003-4f29-bc42-a152f95b88c2,1,2026-05-25 13:08:33,BCA lagi eror apah kaga mau transfer ga bisa bisa jam skrng detik skrng. tapi saldo udh kepotong tapi ga ada bukti transfer nya,0,24,negative,transaction_failed_balance_deducted,1,True
c76a1584-cb74-426d-acd0-1e354e994375,1,2026-05-25 13:08:37,gua transfer tapi pemberitahuan transaksi tidak dapat di lakukan. tapi saldo sudah terpotong,0,13,negative,,0,False
e655a127-f495-47b8-aef4-b276e7ae6680,1,2026-05-25 13:12:57,"udh ke sekian kalinya transfer ke dana gagal tapi saldo tetep kepotong, dan pas di cek di dana kosong, aplikasi apaan ini slalu terulang kebiasaan banget",0,26,negative,transaction_failed_balance_deducted,1,True
ce84c03d-5345-4c2a-a6d0-91dbdd9a7112,1,2026-05-25 13:13:31,lemot bgt si indikator hijau tapi ngga bisa transaksi perbaiki lah,0,11,negative,"indicator_light_stuck,app_performance",2,True
05e75e46-a1cd-404a-b111-c7d433c0deee,1,2026-05-25 13:13:38,tidak bisa mutasi/gangguan pada jam kerja,0,6,negative,app_performance,1,True
7b47bc16-49aa-4313-94f6-1ed5fd84c253,2,2026-05-25 13:13:47,sering eror,0,2,negative,app_performance,1,True
58dfafc5-712c-49b2-ac36-9f259b0b3129,5,2026-05-25 13:16:50,baguss mbca.. cuman hari ini knpa error yaa .. biasa nya gak seperti ini udh tf tapi ke penerima blm masuk .. sama saldo sudah ke potong juga .. semoga cepet di perbaiki,0,33,positive,app_performance,1,True
664cbe9b-1ac4-4c1d-9a0f-768707971e9a,1,2026-05-25 13:17:48,pake qris gagal terus . tau nya saldo udah ke potong !!! ngisi kuota jg sama . kuotanya ga nyampe ! saldo kepotong jg !!,1,25,negative,transaction_failed_balance_deducted,1,True
d2a4a8fc-ab4e-4fcf-96dc-db806c72d5e5,1,2026-05-25 13:17:53,jadi aneh buka apa saja loading lama bangat. update an terakhir bukanya bagus malah tambah rusak.,0,16,negative,,0,False
97f881e8-3885-49ef-9fac-7acbbbd6b6ce,2,2026-05-25 13:18:09,tolong ini kenapa yaa saya gabisa transaksi di mobile bca,0,10,negative,,0,False
d02f3565-d824-4591-bf9d-26b1bd39f400,1,2026-05-25 13:18:44,"indikator lampu sangat mengganggu, tidak seperti Brimo, dana dll. Aplikasi ketinggalan jaman",0,12,negative,indicator_light_stuck,1,True
d4afe9fd-2d18-4064-acbb-eb650a0f12ea,3,2026-05-25 13:20:14,"tolong kepada pihak BCA kalau mau maintenance itu kasih pemberitahuan dulu kepada nasabah, menggunakan SMS ke nomor hp terdaftar. saya transfer belum masuk ke rekening tersebut sesama BCA.",0,28,neutral,maintenance_downtime,1,True
b9cebfad-fb8c-42d1-a6f5-e894ee99d7fa,1,2026-05-25 13:20:33,cape tiap kali transaksi mesti nunggu lampu indikator hijau.. jaringan bagus padahal. males bngt pakai mbca,0,16,negative,indicator_light_stuck,1,True
f16d0730-f4bb-42f9-b09b-c9e33132fe50,1,2026-05-25 13:21:18,lemot,0,1,negative,app_performance,1,True
e20180cb-3a01-428a-8630-d76823c0eed6,5,2026-05-25 13:21:19,"kenapaa ya setelah di perbaharui jadi lambat transaksi trus kita udah TF pertma tapi tulisan transaksi gagal,tapi uang nya masuk itu kenapa sih BCA tolong di perbaiki mobil BCA nya",4,30,positive,,0,False
f6bcc2ec-6157-42f6-b293-7492d50b5091,1,2026-05-25 13:22:00,akhir akhir ini terlalu banyak masalahnya BCA,0,7,negative,,0,False
28eb5d6f-21d5-45f2-a918-6fac6d67f0b9,1,2026-05-25 13:24:07,halo bca update terbaru banyak bug nya,0,7,negative,customer_service,1,True
48a2b45d-0c67-49d5-ab9b-0aefa7ddf64f,1,2026-05-25 13:24:47,"sepanjang 2024-2026 hari ini transaksi mobile bca selalu error, telepon customer service gak pernah jauh bilangnya Kendala Teknis Massal (Se-indo)",0,20,negative,app_performance,1,True
76ea6e59-c877-483b-8883-e8883aeb7098,1,2026-05-25 13:25:53,server down mulu,0,3,negative,,0,False
3d63025d-8aa6-4218-9934-c77d5990678b,2,2026-05-25 13:26:04,"tolong perbaiki aplikasi nya.. sudah hubungi 1500888 infonya belum ada dr teknik terkait klo terjadi koneksi terputus atau silahkan ulangi beberapa eaktu. kita sebagai Customer was-was.. udah ,10 menit mau transaksi sulit.",1,32,negative,,0,False
f0a276e0-5afa-4c01-a628-b8838fd05dc5,1,2026-05-25 13:30:17,"hari ini tanggal 25 mei 2026, jam 11.30 sampain dengan 13.25 transaksi gagal terus indikator sudah hijau, internet padahal aman(eror dengan kode 200). saran saya yg sering transaksi dengan kode QR, atau VA mending pikir2 lagi. semakin kesini tidak semakin baik.",0,41,negative,"indicator_light_stuck,app_performance",2,True
c09bd4f7-181f-428d-8ddf-b895d0aa3e6f,1,2026-05-25 13:31:30,"masalah transaksi gagal tapi saldo kepotong dah dari dulu ga pernah di betulin, dan juga tidak ada pemberitahuan sama sekali kalo sistem sedang dalam gangguan. penanganan uang kembali juga harus nunggu beberapa hari, pelayanan kurang cepat. terimakasihhhh...",6,37,negative,"transaction_failed_balance_deducted,app_performance",2,True
cdb85bee-d6bf-4802-9967-cd9a873c2d9c,3,2026-05-25 13:31:47,"ini transaksi saya kok ga bisa,tp saldo sudah terpotong ,bahkan cek mutasi pun tak bisa",0,15,neutral,unexplained_deduction,1,True
be9f3962-35b6-4da4-a7ad-e48adac7eed4,2,2026-05-25 13:34:01,lemot,0,1,negative,app_performance,1,True
9b49fcad-58e2-419f-b5b0-77d49a36339d,1,2026-05-25 13:35:33,Jing tambah lemot n ribet.. aplikasi makin tolol,0,8,negative,app_performance,1,True
3e4dfa42-93ea-41b0-af25-6e7b72b66ddd,1,2026-05-25 13:36:58,"Bintang 1 sih perhari ini , info apapun tidak ada transaksi tidak bisa semua , hubungi CS GK ada yg bisa jawab langsung tertutup secara sepihak tanpa ada info ke nasabah itu ada undang"" nya loh ini aneh BCA baru kali ini nih , tolong lah",0,46,negative,customer_service,1,True
bdb9feb6-9e09-45e2-96a7-0de7b162a000,1,2026-05-25 13:37:07,"saya transfer ke sesama BCA gagal masuk tapi saldo terpotong bukti transfernya jelas ada SS tapi CS BCA ga bisa menjelaskan baik via Halo BCA chat dan telepon ke 1500888 sama aja ga bisa jawab sampai pulsa saya habis, telepon lagi malah direject.",0,43,negative,"transaction_failed_balance_deducted,customer_service",2,True
d7498af2-457b-4a4c-96fe-c132591d6ec3,3,2026-05-25 13:43:25,"ko makin kesini makin sering bug ya, Qris kadang gagal, Transfer sering tidak bisa di gunakan, Pembayaran kode Virtual juga gagal, yang lebih parah, barusan saya bayar e-commerce pake Kode Virtual gagal terus, ternyata saldo hilang hampir 100rb, namun status pembayaran di e-commerce nya belum selesai pembayaran, ini kenapa tolong di perbaiki sistem nya.",0,54,neutral,transaction_failed_balance_deducted,1,True
c6e58709-8ca6-4f1c-b189-628f8e1f6a6d,5,2026-05-25 13:43:30,"hallo bca ,saya trnsfer ke dana ko gamsuk2 ,di atm nya uang nya sudah gaada,transaksi gaada ,ini gmna min",0,19,positive,,0,False
05a8e8b9-603d-4874-a434-ae0b84d54531,2,2026-05-25 13:44:41,"ini kenapa baru update saldo langsung hilang 300.000,,gak ada email masuk juga,sinyal skrg error mulu",1,15,negative,"unexplained_deduction,app_performance",2,True
62f0b111-9d23-4413-a549-9fbb50e61ef6,1,2026-05-25 13:44:47,semakin kesini makin sering gangguanya apa lagi kalo mau isi flazz,0,11,negative,,0,False
2904c6d2-8574-42dc-a5a1-0bd4dbc89e39,1,2026-05-25 13:54:11,"Aplikasi jelek, jaringan bagus, internet sedia, tidak bisa digunakan alasan internet kurang baik. Butuh kecepatan 1 Gbps kah untuk pakai transaksi mobile BCA????????",0,23,negative,,0,False
074ce9f0-48f9-4af8-b682-acad27942dea,5,2026-05-25 13:59:26,gimn 8ni sya top up dana gak masuk tapi mutasi ada,0,11,positive,,0,False
9e94b2b3-e870-4504-b9e5-dbfd8f03d9b2,2,2026-05-25 14:05:43,"hari ini tgl 25 Mei 2026 sy baru melakukan transaksi pembayaran BCA virtual account,saat sampai sdh tekan pin dan di layar muncul tulisan sementara transaksi blm bisa diproses,tapi yg jadi masalah adalah saldo sy sdh terpotong,bgmn ini?sdgkn notif transaksi berhasil tidak ada masalahnya ini pembayaran sy sdh jatuh tempo,kl sy byr lagi nti jadi dobel byr sy, solusinya bgmn ini BCA",3,61,negative,,0,False
f28bb0bb-41bc-49dc-9a2e-957ba79409ad,5,2026-05-25 14:16:09,ini BCA sedang gangguan kah min,0,6,positive,app_performance,1,True
46e47aba-c9b1-44c1-97fa-6c7cdd05b52a,2,2026-05-25 14:16:16,apakah bca mobile sedang error? transaksi gagal tp saldo terpotong... tolong penjelasannya..,0,12,negative,"transaction_failed_balance_deducted,app_performance",2,True
427be448-ef53-485c-9247-66a254587291,3,2026-05-25 14:16:24,habis update bukannya bagus malah eror,0,6,neutral,app_performance,1,True
5a56b8a2-d186-44b2-a402-3b8d2ad3a818,5,2026-05-25 14:18:06,"kenapa sih gagal mulu mau bayar hutang lo, pakai acara mutasi rekening, apa maksud dari mutasi rekening",0,17,positive,,0,False
d46d3f56-1f1f-4110-b33e-a428f6d66af8,1,2026-05-25 14:21:36,transaksi gagal tp saldo udah berkurang cek inbox gada cek mutasi gagal mksutnya apa ?,0,15,negative,transaction_failed_balance_deducted,1,True
88a7521a-0a0b-4c0c-8536-922d6d90e67b,1,2026-05-25 14:22:39,BCA Mobile harusnya belajar dari Apk Lain contoh DANA tanpa harus ada lampu indikator langsung bisa dan tidak lemot harus nunggu lampu hijau.sekelas apk Bank ternama tapi kalah kualitas dari Apk lain.,0,32,negative,"indicator_light_stuck,app_performance",2,True
613d1f02-714c-486a-9b32-ea1c2ebef41b,1,2026-05-25 14:24:34,woy balikin saldo gua,0,4,negative,,0,False
8d982115-1c31-4445-93e3-5acaf6dad004,1,2026-05-25 14:29:00,"aplikasi ga jelas, server mu itu jelek. 6 tahun pakai BCA 5 kali transfer gagal,tpi saldo di potong.. liat BRI dana ga pernah kejadian begini.. betul-betul kecewa . mana duitnya perlu",0,31,negative,transaction_failed_balance_deducted,1,True
f76f0c2d-f9a6-45b0-ba6d-1dd2f0ba0dd3,1,2026-05-25 14:30:10,manja appn transaksi macet,0,4,negative,,0,False
9d34c028-8ae6-4aa5-9af9-30f06b330a9f,1,2026-05-25 14:30:56,sangat kecewa membayar virtual acount tidak bisa tp saldo kepotong,1,10,negative,unexplained_deduction,1,True
1dfcf34c-9e13-4e16-b3ec-346366f83ea3,1,2026-05-25 14:31:25,payah apk bca akhir2 ini loading nya lama ditambah riwayat transaksi gak ada!,0,13,negative,,0,False
79007b81-5201-4c71-8eea-1e46c81d468c,1,2026-05-25 14:31:46,sering bermasalah silver y,0,4,negative,,0,False
e901ab90-63ae-4a11-8238-3e1b67815169,1,2026-05-25 14:33:05,buruk sekali slalu pemeliharann dan lama,0,6,negative,,0,False
6112b0db-aa54-4a88-8aea-247c236da5f7,1,2026-05-25 14:38:01,"bca mobile sering eror makin kesini semakin susah,pemeliharaan jaringan sistem di jam sibuk..tolong diperbaiki",0,14,negative,"app_performance,maintenance_downtime",2,True
a7ce14e9-5a05-492c-8b46-f06bbb451a14,1,2026-05-25 14:38:14,transaksi anj dari tadi sedang gangguan sitem mulu padahal jaringan bagus,0,11,negative,app_performance,1,True
3e2992ab-9e8b-4979-b9aa-784df303fb08,1,2026-05-25 14:39:40,"bca lemot banget, transaksi susah banget, ngecek mutasi gak bisa, trus mau buat bayar juga bisa",0,16,negative,app_performance,1,True
e15b4995-2c9b-4872-88f8-e4ab0a353e7b,1,2026-05-25 14:40:21,"Tolong bca bantu kembalikan saldo saya , saya tf ke va untuk topup apk dana muncul keterangan transaksi ini sementara tidak dapat di proses.. tapi saldo saya terpotong",0,28,negative,,0,False
9fb3f122-9949-41a2-bb8a-997d1aac8b5c,5,2026-05-25 14:41:20,Hari ini aplikasinya BCA Mobile lagi error sehingga membuat saya tidak bisa mentransfer saldo ke OVO / Gopay. Boleh diperbaiki sistemnya ? trimakasih,0,23,positive,app_performance,1,True
5a7bd7b0-d526-482b-ba89-0d1d091354a7,1,2026-05-25 15:08:52,"saldo kepotong gr2 maintenance. lu ngomong gt d awal buka aplikasi. kyk d halo bca, emg g bisa? udh byk yg jeba di vt tiktok. dan itu g lucu smskli. gw nabung d celengan babi ajadah",0,36,negative,"unexplained_deduction,maintenance_downtime,customer_service",3,True
1cc0e4ec-b7f0-4f0e-98b3-8fc90dbfc8d9,1,2026-05-25 15:09:28,"mau benerin akun yang lupa password,tapi malah di tolak dengan alasan sistem eror .itu alasan klasik saja ,saya tau kantor tidak mau melayani karena mau tutup .padahal saya datang pukul 14.40 lebih (masih ada waktu harusnya) tidak profesional sekali",0,39,negative,app_performance,1,True
2a42cfc3-61dc-49d2-9bbe-795eaa3a85f3,1,2026-05-25 15:19:17,"Kenapa untuk hp tipe lama tidak bisa mendownload aplikasi ini,, dan kenapa BCA buat aturan harus punya tipe hp yang terbaru.. Sangattttt mengecewakan..",1,23,negative,,0,False
ee3a4d48-0fc8-4394-8370-fdce842b55f2,1,2026-05-25 15:28:14,"tolong lah ini mbca kenapa gabisa tf ke ovo, malah tulisannya ""kode perusahaantsb tidak dapat diproses di chanel ini"". lah orang biasanya sama kok kodenya, please tolong lah perbaikin",0,29,negative,,0,False
c18963c2-001d-42a6-9a40-bed363144811,5,2026-05-25 16:25:31,👍👍👍,0,1,positive,,0,False
b953f655-df8e-4326-b323-2deafd05aa13,3,2026-05-25 16:40:53,"apk nya bagus,cuma sering force close terus kalau mau masuk,jdi bikin ribet lama buat login aja jadi susah",0,18,neutral,"login_otp_access,app_performance",2,True
cc98e040-ea28-4636-908c-4ae9b724ca53,5,2026-05-25 16:51:50,tingkatkan lg,0,2,positive,,0,False
33d06cbf-7ff6-403a-87a8-47272b8ab122,1,2026-05-25 16:57:58,apk sering eror buat transaksi jadi susah huhhh...pdahal sinyal full 4g,0,11,negative,app_performance,1,True
5f79fde3-acff-48e4-8a3e-4a8f95df3b67,5,2026-05-25 17:01:42,sangat bagus,0,2,positive,,0,False
74f58249-6ac5-48ab-bc17-1a17e335308a,1,2026-05-25 17:27:51,minta kode otp aja pulsa habis terus kocak,0,8,negative,login_otp_access,1,True
91b1be80-d6c0-4031-b97b-d5c8396cd333,4,2026-05-25 17:43:01,"tolong dong ini kenapa ya transfer virtual account keterangan tidak dapat di proses tapi saldo kepotong sementara uang yang di transfer belum masuk,cek mutasi rekening gagal mulu tidak dapat di proses. kalo emang lagi gangguan atau maintenance bikin lampu indikatornya merah terus lah jangan ijo!!!",5,45,positive,"transaction_failed_balance_deducted,indicator_light_stuck,maintenance_downtime",3,True
ef5ef1cd-531a-46d4-8801-559a8d52d4bc,5,2026-05-25 17:53:17,lebih mudah dan cepat,0,4,positive,,0,False
76e72638-e0e0-43b9-8623-72ca2f99f114,5,2026-05-25 18:18:42,ok terimakasih,0,2,positive,,0,False
67d0aeaa-7edc-4814-94a2-7f22e94f215d,1,2026-05-25 19:28:12,Serba susah gak di kantornya gak di aplikasi nya ribet semua....bayar ya udah 50rb di potong dari tabungan mau ambil kartunya aja lama banget pelayanan nya...buat apa daftar online kalo sama aja.😓😓😓😓,1,32,negative,,0,False
a92eb900-fc40-4ca8-8c3f-c58ef0b76262,3,2026-05-25 20:14:24,error gak bisa dibuka,0,4,neutral,app_performance,1,True
5283ec22-3742-4d28-a4c0-340a21036434,5,2026-05-25 20:23:52,Mantap nih mbanking & pelayanan bank offlinenya,0,7,positive,,0,False
ccb7b2c4-edd3-4d44-9782-534d263b7aba,1,2026-05-25 21:20:07,bank overrated. issue di siang hari senin tanggal gajian. transaksi pln dana sudah terpotong tapi tidak dapat token pln. issue dari siang hingga malam tidak solve,0,26,negative,,0,False
2fa16cfb-2ece-4f89-b9ab-534911467831,1,2026-05-25 21:24:44,"tolong lah buat developer BCA mobile hapus lampu merah, biru, hijau. karena itu juga mempermudah orang bisa ngeliat isi dalamnya aplikasi dan juga sistemnya merugikan kalo bertransaksi apalagi di ATM nunggu nya harus nunggu lampunya hijau kalau ga hijau bakalan ke telen mesin ATM itu kartunyaaaaaa!!!!! KALIAN PLEASE LAH DENGERIN KELUHAN MASYARAKAT DEMI KEMAJUAN!!!!",0,54,negative,indicator_light_stuck,1,True
8d67ca08-8244-4980-a17e-d1c0d199d679,1,2026-05-25 21:32:23,"saldo saya hilang, notif transfer masuk tapi pas cek informasi saldo gak ada!",0,13,negative,,0,False
86bc78b4-24e1-4220-914c-3d9e653b2185,5,2026-05-25 21:37:31,mantap,0,1,positive,,0,False
74500382-ce3e-4279-b408-dc319c2875cc,5,2026-05-25 21:48:52,Sangat bermanfaat 🫰,0,3,positive,,0,False
8a291e61-0be2-4a41-a100-d77f628ec817,1,2026-05-25 21:58:35,BCA KENAPA SIH JADI LEMOTT BANGETT!,0,6,negative,,0,False
200b6fbe-2b53-4f18-baa9-731aeb435bb0,5,2026-05-25 22:06:02,"knp abis di update, Qris, kamera tidak bisa, mohon solusi gan",0,11,positive,device_compatibility,1,True
6f766b73-6f98-4621-8b16-d248e9461458,1,2026-05-25 22:13:45,Bank sombong biaya bulanan mahal,0,5,negative,,0,False
6cfb817c-d8b7-4103-b97f-e4a61bd6a1ec,3,2026-05-25 22:14:14,"sekarang mbanking merah terus tiap kali butuh pas malam atau bahkan masih siang pun suka gaada sinyal lampu merah terus, jd ga bisa transaksi",0,24,neutral,indicator_light_stuck,1,True
39d91ae1-761e-4cfc-9c89-41fc91ef510d,5,2026-05-26 00:29:59,the beast,0,2,positive,,0,False
16f4dacb-456e-46ed-ab99-4f6084c1c92e,5,2026-05-26 00:31:46,bagus banget,0,2,positive,,0,False
a281f4e5-7d35-4b06-9e51-47dd062bd96c,1,2026-05-26 02:02:07,gabisa login banyak doang yang akses,0,6,negative,,0,False
eb90fa13-c8cc-4fa9-8f5e-c46368ad014f,5,2026-05-26 02:35:54,good,0,1,positive,,0,False
ab1b5f81-b635-4c20-907d-64057bab0c72,1,2026-05-26 03:30:06,aplikasi susah untuk buka mbking nya karna dh beberapa x nyoba tetap gbisa tapi pulsa kepotong,0,16,negative,,0,False
68994f04-eadd-4dee-a16c-75d26a97a25e,5,2026-05-26 06:06:59,ok,0,1,positive,,0,False
3a2de309-912d-4163-914a-03ebc58455c1,1,2026-05-26 06:44:32,"bca mbking nya kurang bagus sekarang, selalu mau cek aaldo cek uang masuk lampu buat conec nya merah mulu jelek deh pokoknya gak kaya dulu",0,25,negative,indicator_light_stuck,1,True
37917c7a-a8e0-466e-853a-e4cee8a729bf,1,2026-05-26 07:55:58,"saya amat sangat menyayangkan untuk aplikasi bca skarang. saya datang ingin memperbaharui aplikasi krn ganti hp dri ios ke android ke 3cabang di jabodetabek , katanya sluruh cabang off CS jam 1an ke atas . saya datang di jam 9 pun keterbatasan cs . BCA sengaja banget biar gk di komplen apa gimana y?? saya dateng sllu 3-4 cabang bukan hanya 1-2 cabang , ini jabodetabek loh bukan kampung 😢",0,70,negative,customer_service,1,True
0dc6f9a9-f6d8-47f0-848b-09434dfe44a5,5,2026-05-26 08:00:31,ok,0,1,positive,,0,False
5a84f0b0-8685-41ae-9881-7c54817974dd,5,2026-05-26 08:21:13,aplikasi yg bagus dan memudahkan utk berbagai macam transaksi dan informasi yg menarik dr bank bca,1,16,positive,,0,False
c4723d66-dd94-4ffe-b42f-4cff5b4601d8,2,2026-05-26 09:49:30,bca kenapa lg . jelek banget,0,6,negative,,0,False
c60a4e4e-af91-41a7-843a-53cc836d4f0f,1,2026-05-26 10:02:35,"saldo kepotong ga jelas tau"" ilang cek mutasi ga ada, kuisi lagi kepotong lagi separuh jadi jelek gini bca, menting tutup akun aja dah gua dah ga konsisten bca",0,29,negative,unexplained_deduction,1,True
a90b8cd5-951b-4410-aa49-7e43c0c244bd,2,2026-05-26 11:01:53,"kemarin nggak bisa cek mutasi, padahal sudah update. malam sudah saya coba bisa. tadi saya ke ATM di daerah gedong kuning 2 mesin error. customer sebelum dan setelah saya, juga gagal transaksi",0,32,negative,app_performance,1,True
ab4bbcaf-9879-44ce-a1fc-b00aaf313bd6,1,2026-05-26 11:08:23,alangkah baiknya verifikasi jangan menggunakan pulsa seperti bank lainnya,0,9,negative,,0,False
30121faa-e439-4f6f-a9da-54ba0c3236af,5,2026-05-26 11:29:02,ok,0,1,positive,,0,False
42ec612b-490e-4391-b691-ddcb149d1fff,1,2026-05-26 12:11:53,lag dan eror Mulu,0,4,negative,app_performance,1,True
ccc38bf5-789a-423b-a8a0-56a4b80763bd,1,2026-05-26 13:04:37,Indikator nya apakah memang hanya merah saja?,0,7,negative,indicator_light_stuck,1,True
363be05d-ef43-4f74-b470-c8592d1d2bce,5,2026-05-26 13:36:42,mantap,0,1,positive,,0,False
7d339f9c-2bb7-44c7-bb53-a6e1b4f084ad,5,2026-05-26 14:10:02,mudah dan cepat,0,3,positive,,0,False
afde29cd-f3ac-44ec-9f7d-4b578dea5458,1,2026-05-26 14:18:42,versi 4.8.4 Bca Mobile di samsung A15 5G mengalami bug notif aplikasi,0,12,negative,,0,False
55cd5eff-18c1-4079-af28-0826f5f04a13,1,2026-05-26 14:58:24,aplikasi ini ada bug untuk Samsung A15 mohon diperbaiki,0,9,negative,,0,False
f63fc982-30bb-4932-9fdc-9690e9ea7b28,1,2026-05-26 15:52:42,"drtd M Banking gak bs apa², signal merah trs. buat tarik tunai TF jg gak bs dr kemarin!! mana gak ada kartu pula! gmn ini ga bs apa²!",0,28,negative,,0,False
299dba3c-d8b6-4b77-9763-9940ba6a66fc,5,2026-05-26 16:43:17,"Dengan Aplikasi BCA Mobile lebih praktis dan efisien untuk bertransaksi serta hemat segalanya, waktu, tenaga, dan lain-lain, tks BCA Mobile.",0,20,positive,,0,False
9900016d-7038-48e1-80b7-fe9b092b11c4,5,2026-05-26 17:22:37,kenapa aplikasinya... sy instal kok gak bisa... ada tulisa app ini tidak kompitabel dgn pearangkat anda...,0,16,positive,,0,False
e6c42e30-0dde-46b1-8f26-72784df859f9,3,2026-05-26 18:20:23,"Lemot banget aplikasi nya, Jaringan Buat stream aja Lancarr, perbaiki Server nya.",1,12,neutral,app_performance,1,True
dc0b932c-8b2a-4fb3-a3c8-2e61a8955cd7,5,2026-05-26 19:24:57,ok,0,1,positive,,0,False
bac12296-9616-42fc-a67d-a762e1659aa4,4,2026-05-26 19:41:17,sangat sangat bermanfaat saat transaksi,0,5,positive,,0,False
1c2a1920-2697-4753-966f-feee3a8bb4ac,1,2026-05-26 19:44:36,"aplikasi kocak,, verifikasi wajahnya susah banget,, emang harus sesusah itu yaa?? udah berkali kali coba tetep ga bisa,, tolong dong ini gimana solusinya BCA?? ga bisa masuk nih ke akun,, banyak yang mengalami seperti itu masa masih susah juga sampe sekarang buat verifikasi wajahnya,, hayo lah jangan persulit",10,48,negative,face_verification_failure,1,True
5b59b3d7-4ed6-430d-bb77-e654adc24ce2,1,2026-05-26 19:56:04,"sebel bca eror teruss,tolong diperbaiki dong🥲🥲",0,6,negative,app_performance,1,True
487bc8cc-f450-485c-a9fc-05ef3170a563,3,2026-05-26 21:20:06,sangat bagus,0,2,neutral,,0,False
2a63a3e8-2576-469a-b0c6-c87ba0afd80f,1,2026-05-26 21:40:19,"apk tai,, apk lelet",0,4,negative,,0,False
3a0a0b13-b8e5-456f-9b64-a7f77780cdfa,1,2026-05-26 21:40:55,lampu biru mulu nggak ijo ijo,0,6,negative,indicator_light_stuck,1,True
8c9a6c97-3ec1-4d80-a15e-d6e36750f719,5,2026-05-26 21:42:05,kenapa sih bca mbanking suka ganguang tiap minggu bahkan sampai tiap hari kayanya gimana nih,0,15,positive,,0,False
01279e9e-e5b3-4b7a-90c5-b2803853d429,1,2026-05-26 21:43:47,"paket data saya banyak, jaringan saya baik, mbakingnya LOLA",0,9,negative,,0,False
3bcd0503-03ad-4b7e-babf-b8367bd40ea4,3,2026-05-26 21:44:51,makin sering error parah,0,4,neutral,app_performance,1,True
ee8935bc-b307-4b65-a136-75310c471720,1,2026-05-26 21:47:04,terlalu banyak gangguannya!,0,3,negative,,0,False
f3bdd697-9c0a-45f7-881a-ed8e231ff001,2,2026-05-26 21:49:00,banyak errornya sekarang,0,3,negative,app_performance,1,True
02f18ed3-bd45-49e6-a1a3-4fbf1e25738c,1,2026-05-26 21:49:01,mkin ksini knape mkin gga jelas yya mbanking bca..eror mullu..diupdate doangan..bukan mkin bagus mallah makin buruk..,0,16,negative,app_performance,1,True
5ce7dd3e-b3fb-494c-96e4-03e0d8224f42,1,2026-05-26 21:50:40,sering error trus gua uninstal males lah banyak errornya,0,9,negative,app_performance,1,True
c9e5ea02-dd33-48fc-bbdc-b20b28fe907d,1,2026-05-26 21:50:54,semakin ke sini bukan semakin maju aplikasinya malah semakin gangguan terus payah bgt BCA,0,14,negative,app_performance,1,True
8932ccba-b576-4346-92ed-559618e93dc8,1,2026-05-26 21:52:33,mengandalkan sinyal indikator merah ke hijau .selalu merah terus.. tolong lah bca perbaiki ini,0,14,negative,indicator_light_stuck,1,True
d22832df-e918-4b4f-acee-2598e7cc92eb,1,2026-05-26 21:53:00,eror mulu payah,0,3,negative,app_performance,1,True
160ed6c8-0514-40c2-bd85-31599bb8f2d7,3,2026-05-26 21:53:03,semakin di perbaharui semakin lemot padahal hijau tapi transaksi sering gagal,0,11,neutral,app_performance,1,True
592fbf08-c848-4fda-830c-2176d1fbb727,1,2026-05-26 21:53:05,keseringan eror,0,2,negative,app_performance,1,True
fd6a08ee-286b-4af6-95d3-3f63cb7ea17d,1,2026-05-26 21:53:26,"BCA ini kenapa yaa baru update malah sering gangguan ,lelet jaringan ga ada la kata nya jelas2 sinyal full tolong laa perbaiki aplikasinya",0,23,negative,app_performance,1,True
1aae0a33-23a0-49c2-ac06-00fe2621d801,1,2026-05-26 21:53:31,"tolong perbaiki aplikasinya ,yg lampu hijau bisa jdi biru hijau biru ,mau kirim qris aja lemot ,gak mutu aplikasinya ,kalo kata saya masih bagus aplikasi BRIMO gk ada lelet lelet nya ,apikasi brimo beda jauh sama aplikasi ini lemot lelet kayak yg gak bisa mikir",1,45,negative,"indicator_light_stuck,app_performance",2,True
b2a93b1e-337d-4a20-a538-f8d44a123382,1,2026-05-26 21:53:33,lama kelamaan aplikasi ini jadi lemot lama payah,0,8,negative,app_performance,1,True
be66ad3b-fee5-4a15-8429-2c2549979da5,1,2026-05-26 21:53:35,BCA lagi penting gini buat transfer dan terima transfer malah gangguan. Tolong donk segera lagi urgent ini,0,17,negative,app_performance,1,True
8cd4cab9-885d-46c4-834c-cf7737eebb1a,4,2026-05-26 21:54:14,"ak turunkan 1 karena transaksi tidak bisa, cek saldo tidak bisa. sending terus gak beres beres",0,16,positive,,0,False
2f9f9c54-a9b2-400a-afe1-fcd7a84e3897,2,2026-05-26 21:54:36,perbaikan sistem nya gk liat liat waktu kacau,0,8,negative,maintenance_downtime,1,True
19d8ce82-6c34-41da-9a3a-91fb9661cd73,1,2026-05-26 21:54:37,lemot sering ngeleg,0,3,negative,app_performance,1,True
23849c39-d644-408b-8b44-580d0bc8c230,1,2026-05-26 21:54:49,keseringan erorrr tolong dong pihak bank BCA di perbaiki.. eror update erorr apaan cobaaa,0,14,negative,app_performance,1,True
4e8366bf-869c-4624-b287-33f127ae637c,1,2026-05-26 21:55:09,"gak jelas, sinyal bagus, tpi bar nya biru terus, ijo nya cuma bentar doang, transaksi jadi gagal terus akhirnya, males saya pake BCA kedepan nya",0,25,negative,indicator_light_stuck,1,True
f023d64e-d274-45bd-bde6-de1fdbd3d31c,1,2026-05-26 21:55:14,bapuk mbanking jaringan jelek.. ganggu transaksi.,0,6,negative,,0,False
ce97e295-c525-40d9-ba40-72da5a713cbb,2,2026-05-26 21:55:32,"sering banget error sih,,pake Qris saldo kepotong di laporan inbox ga ada, gimana ini",0,14,negative,"transaction_failed_balance_deducted,customer_service",2,True
c81e1f8f-797f-4f45-adf6-173beb757d22,5,2026-05-26 21:56:48,bagus,0,1,positive,,0,False
3fad7aa6-77d1-4f32-90b0-8f9fc0f84a1b,1,2026-05-26 21:58:18,apk lemot kebanyakan update !!!!,0,5,negative,app_performance,1,True
0187fe55-723e-402c-ae03-a13574173d38,4,2026-05-26 21:58:52,knpa sih mbking gangguan,0,4,positive,app_performance,1,True
94a6c591-6164-4534-84e9-dd279a4d075b,5,2026-05-26 21:58:57,lebih seneng pake yang m bca di banding yang my BCA tapi kenapa sekarang di hp ku loading lama banget ya apa karna hp nya udah nggak mendukung ya,0,29,positive,,0,False
c95c985e-7ddf-4e36-a027-075abe50b90e,2,2026-05-26 21:59:00,makin makin jelek dan lalot,0,5,negative,,0,False
7ef448d2-cbfd-42f1-b169-f8da7b4e478f,1,2026-05-26 21:59:18,ngapa ganguan ini BCA,0,4,negative,app_performance,1,True
82ae4d75-2449-4f96-877e-30594b28097f,1,2026-05-26 22:00:04,"Kenapa dah padahal sinyal bagus, cuma mau cek saldo aja ga bisa terus",0,13,negative,,0,False
e2944e56-2334-42e1-8981-794edcb97f70,2,2026-05-26 22:00:14,errorr terussss,0,2,negative,app_performance,1,True
b3c5d655-0292-467d-abbd-ab751fd16c7b,2,2026-05-26 22:01:00,sering banget eror sih akhir akhir ini ..mau transaksi jadi susah,0,11,negative,app_performance,1,True
0100291b-1d61-453c-a2a8-cade5509898d,2,2026-05-26 22:01:09,Bca mobile sekarang banyak gangguan,0,5,negative,app_performance,1,True
c41d8a03-9022-4e7c-8960-2f70b56aa296,1,2026-05-26 22:01:17,aplikasi ini update mulu kerjaannya. bikin muak,0,7,negative,,0,False
8cf6ed01-201a-4f66-83a9-90d33925580d,3,2026-05-26 22:01:44,eror terus saat buka dan mau ambil duit di BCA padahal jaringan bagus,0,13,neutral,app_performance,1,True
31261b7d-0d02-4cbf-a966-efb28727ec26,1,2026-05-26 22:01:50,"bca kok sekarang lemot, dan kalau transfer sering gak bisa gangguan ,hadee",0,12,negative,app_performance,1,True
3156ab6a-bf21-4867-9155-9249f30bfc73,1,2026-05-26 22:02:10,"parah lama lama nih BCA tiba tiba banget ga bisa buat transfer maupun QR, kalo mau perbaikan harus di jadwalkan dulu",0,21,negative,,0,False
17d4fc4c-719d-4d19-82e6-0d256c737b24,1,2026-05-26 22:02:26,error mulu heran deh,0,4,negative,app_performance,1,True
cdd55b9e-b438-475d-a121-bbb9e18bae5c,1,2026-05-26 22:02:44,gajelas eror mulu,0,3,negative,app_performance,1,True
6bf27439-e8a8-43ad-9df1-f97b31a66c57,1,2026-05-26 22:03:47,setelah lama menggunakan apk ini gangguannya lama banget,0,8,negative,,0,False
3aa5f998-0b7e-4295-9cfa-1fd73479fcd8,2,2026-05-26 22:04:08,"Kenapa lagi ini BCA Mobilenya? Gak bisa cek saldo, gak bisa masukkan nomrek BCA kawan, dll????",0,16,negative,,0,False
b0456691-637d-489e-a177-d583df750708,1,2026-05-26 22:04:15,aplik kasi ngelek butut jel3k,0,5,negative,,0,False
b41e84be-25bc-4fc0-8ba8-83c5570759a2,1,2026-05-26 22:05:07,parah lagi penting penting nya aplikasi malah gangguan jadi ga bisa melakukan transaksi gila gila aplikasi nya,0,17,negative,app_performance,1,True
966c5b98-f978-44aa-83c2-c596d6248ea9,1,2026-05-26 22:06:15,apasi bca makin gajelas bangetttttt makin jelekkkkk,0,7,negative,,0,False
260b4ec1-d16c-445a-99e7-c87ddf77f2c0,1,2026-05-26 22:06:24,BCA sedang kenapa ini. kartu saya baru beberapa bulan kok gak bisa di gunakan di mesin ATM. dan mobile banking saya juga tertulis TRANSAKSI GAGAL. mengecewakan banget,0,27,negative,,0,False
95331fa0-2f1a-4c4c-bc68-d45cfa10948c,1,2026-05-26 22:07:04,gangguan Mulu hobinya,0,3,negative,app_performance,1,True
a7372517-6ceb-4fc5-9c22-8af9cec363ce,1,2026-05-26 22:07:31,ini gmna saya udah tf uang udh gak ada tapi ke rekening tujuan belum masuk juga,0,16,negative,,0,False
834fd98c-9d60-4ffb-8b55-7cdb570e8287,1,2026-05-26 22:08:08,"M-Banking paling nyebelin ya BCA, selalu harus nunggu indikator lampunya harus hijau, bikin ribet",0,14,negative,indicator_light_stuck,1,True
742ee153-f760-4d7c-ab8d-b8479adc6441,1,2026-05-26 22:08:17,"ini kenapa akhir"" ini saat melakukan semua trasaksi gagal"" terus , ceksaldo dan mutasi saja susah san loding lama betul ,,,, mengganggu kenyamanan pengguna m-baking bca saja",0,27,negative,,0,False
fa7946ec-e129-4ade-921a-ef99b237ca32,2,2026-05-26 22:08:29,Bego banget mbanking setiap malam maintenance... Kalau sering eror buat apa fitur mbanking di sediakan,0,15,negative,"app_performance,maintenance_downtime",2,True
63d59b8e-d76c-4064-9894-13bff58f9164,1,2026-05-26 22:09:02,"ini ga biasanya gabisa dibuka BCA mobile, mau transaksi aja susah nya selalu ga bisa.",0,15,negative,,0,False
b8050056-db44-46f0-ad1a-59c2c1f5be28,3,2026-05-26 22:09:23,tidak bisa di install sebelumnya bisa pas saya reset hp kenapa tidak bisa,0,13,neutral,,0,False
564639e6-be1f-43ac-9c44-93bbbb326d62,1,2026-05-26 22:10:29,aplikasi busuk error terus,0,4,negative,app_performance,1,True
c5a228d5-f2a2-46af-83ae-bda5e93fd50f,1,2026-05-26 22:10:53,gangguan terus ngga jelas,0,4,negative,app_performance,1,True
e7f37629-67f1-47ad-8221-b275155501c1,5,2026-05-26 22:10:54,mempermudah segala pembayaran anda,0,4,positive,,0,False
c9e024b1-6a64-4d29-86fc-e6c95d8594a1,1,2026-05-26 22:11:15,om tolong kok gangguan wahhh lagi genting2nya kehilangan moment tolong diperhatikan lebih gabisa transaksi,0,14,negative,app_performance,1,True
14c03b10-4b3c-4d53-9c80-d6372b972ac8,1,2026-05-26 22:12:01,NAJIS,0,1,negative,,0,False
7f643af4-b9c6-42ec-a85b-250aff01df15,1,2026-05-26 22:12:05,error Mulu..,1,2,negative,app_performance,1,True
e4ebfb65-9942-4af9-bc37-eb3925887222,1,2026-05-26 22:12:43,"banyak suka kepotong saldo gajelas padhal potong bulanan udah, terus kadang suka gangguan gabisa tf dari ewalet ke bca, tolol banget apk",0,22,negative,app_performance,1,True
7a7a961a-237d-4d22-bd4f-c956ef73fe21,2,2026-05-26 22:12:43,ampun lagi penting'nya mau bayar sesuatu malah sistem bermasalah udh berjam'begitu aja,0,12,negative,,0,False
dab8a815-0fe3-495f-a839-b7541c826755,1,2026-05-26 22:13:38,"kalo server down liat waktunya kenapa, ini mau transaksi nggak bisa bikin repot banget BCA sekarang sering down begini.",0,19,negative,,0,False
872d0ceb-d684-4bf1-a483-4413abc8f9e1,1,2026-05-26 22:14:12,buang waktu dan bikin malu gua pas pembayaran,0,8,negative,,0,False
b3fce7df-55ec-4b73-917c-1adb515aa840,1,2026-05-26 22:14:19,"MAKIN KESINI GAJELASSS, SINYAL BAGUS TAPI MAU PEMBAYARAN EROR TERUSSSSSSSSS",0,10,negative,app_performance,1,True
9af17bfd-4079-4a80-8f22-518ff05fc32f,1,2026-05-26 22:16:44,hari ini tgl 26 mei jam 22:17 mbanking bca knp gabisa di buka ya,0,14,negative,,0,False
6a7fca6b-ac39-461d-9b01-d10a54aff066,1,2026-05-26 22:17:41,sudah 2 hari sistem bermasalah. menggangu aktifitas!!!!!!,0,7,negative,,0,False
e9fa3a8a-94d0-4a85-839b-10b6c07a8f00,1,2026-05-26 22:18:35,apa info ini BCA mobile tidak bisa melakukan transfer dan cek saldo,0,12,negative,,0,False
463d6b22-699d-4ae5-80cf-d2fbfe5c1eaf,1,2026-05-26 22:18:50,makin kesini kok BCA kayak keong ya🤣🤣🤣,0,7,negative,,0,False
4dfa4ccd-6771-405e-99fe-364d9a55911c,2,2026-05-26 22:19:43,tolong di perbaiki saya tidak dapat mengecek saldo saya bahkan mengirim juga gak bisa.. tolong bagaimana ini?,1,17,negative,,0,False
c3aed870-c554-4969-890e-62db5afbd311,1,2026-05-26 22:20:08,"sekarang keseringan ganguan gatau orang buru""mw blanja bayar via quris tau""ganguan bikin BT",0,13,negative,app_performance,1,True
db1ed5de-cfbc-43af-a11d-371a05d80fea,2,2026-05-26 22:20:54,kanapa mlm ini bca lag Lama bnget yaa.. pas lgi di perluinn,0,12,negative,,0,False
b4474763-7b66-49db-a29f-55d138370766,1,2026-05-26 22:21:48,"ada gangguan apa si ini aplikasi gak bisa ngecek saldo,makin ngaur bca",0,12,negative,app_performance,1,True
dcbe5574-e8d0-4bd0-9479-8dd4174471e4,1,2026-05-26 22:22:08,"sue, apk makin lama makin jadi parah makin jelek,",0,9,negative,,0,False
7c353ce5-b1f3-4833-87b3-26385dfe3683,1,2026-05-26 22:23:50,"eh BCA ,kalau transaksi pembayaran qris gagal ,saldo saya jangan dipotong lah,saya repot ngurus"" nya ngahubungi kalian.",0,17,negative,transaction_failed_balance_deducted,1,True
2498a628-91eb-4d43-a0fa-e861a46d6cf4,5,2026-05-26 22:26:41,"kenapa transaksi tidak dapat di proses, mau liat saldo, mutasi, dan transfer, kode 200",0,14,positive,,0,False
3ea54f73-658b-41e2-b5a7-0ce883e98f00,5,2026-05-26 22:27:29,Ribet verivikasi gagal mulu,0,4,positive,,0,False
a567dfe5-3833-4bf2-878f-a4ab215ac3fa,2,2026-05-26 22:28:08,"bca gangguan kah, ko GK bisa transaksi? padahal lampu indikator hijau",0,11,negative,"indicator_light_stuck,app_performance",2,True
59b469f9-b4ef-4c8d-b797-d545ddda835a,1,2026-05-26 22:28:31,sering eror perbaiki atau kami pergi !,0,7,negative,app_performance,1,True
b45166d7-f02e-47da-8438-e4af05576461,4,2026-05-26 22:29:05,kadang Lampu hijau teransaksi gagal,0,5,positive,indicator_light_stuck,1,True
00ddb7dd-3b41-4202-b1bd-552ccd4dbee3,1,2026-05-26 22:29:40,"sinyalnya bikin emosi, tolong perbaiki, sekelas bca tidak wajar apk bikin emosi",0,12,negative,,0,False
36a2b987-86fe-464f-925c-73f2fb921a4e,1,2026-05-26 22:31:53,"sekelas bank besar bgni , bisa bisa error gk bsa buka aplikasi or isi flash parah amat",0,17,negative,app_performance,1,True
634c5182-4566-464f-ad7e-5f06b0a8cc0e,1,2026-05-26 22:34:32,"KEBIASAAN PERBAIKAN DI HARI SPECIAL SEPERTI INI, KEMARIN"" KEMANA AJA !!!!!",0,11,negative,,0,False
b73af948-624c-43f7-b123-b0134716571b,3,2026-05-26 22:34:41,ini kenapa BCA saya mau melakukan transaksi gangguan terus,0,9,neutral,app_performance,1,True
c68eac8f-1528-4219-abc7-c83d18d472a2,1,2026-05-26 22:35:14,gangguan ya lama sekali transaksi saya banyak tertunda,0,8,negative,app_performance,1,True
4d787887-85ab-4a37-8454-a50223661444,1,2026-05-26 22:37:19,Aplikasi sering pemilaharaan/gangguan diwaktu malam hari,0,6,negative,app_performance,1,True
0cec175b-ca2c-4291-992a-93d4631c10eb,1,2026-05-26 22:37:55,Akun BCA apa ini lemot jasa ga berpungsi dgn baik dr tadi mau TF ga bisa bisa ntr juga gua APUS KLO masih begini aja,0,25,negative,app_performance,1,True
3a5dd072-7bbc-4d9d-bad7-d025d4f151a4,1,2026-05-26 22:38:34,versi sekarang ngebung,0,3,negative,,0,False
6c586280-8e73-4858-9eda-995882806250,5,2026-05-26 22:40:33,ok,0,1,positive,,0,False
ca27a532-c85f-4a8a-923d-eeef68e25d13,1,2026-05-26 22:42:15,mw ambil duit tiba tiba hilang saldonya pke bengking cek heror org btuh ga ushh heror smape pke kartu juga ga ada saldonya,0,23,negative,,0,False
940f34c6-c3b5-4f5d-a06a-de6b6bb9f675,1,2026-05-26 22:42:42,hari ini tgl 26 mobile bca error saldo tiba² hilang lenyap. ada apaaa????,0,13,negative,"unexplained_deduction,app_performance",2,True
2b669342-2913-48f7-b573-1edaac3f1178,1,2026-05-26 22:43:07,"BCA mobile eror 2 kali, sebelum nya transaksi Qris uang saya terpotong sampai sekarang belum dikembalikan, sekarang eror lagi transaksi Qris saldo terpotong tetapi tidak masuk di merchant.",0,28,negative,transaction_failed_balance_deducted,1,True
1d0a0ab0-0a5a-441c-abcb-40b42cadfaa5,3,2026-05-26 22:43:09,Kok BCA Saya Enggak Bisa Transaksi? Bahkan Cek Saldo Pun Enggak Bisa,0,12,neutral,,0,False
60d2d5e5-27b0-4ad5-84cb-ca05c5e6678d,1,2026-05-26 22:43:30,tolong lebih diperhatikan untuk sistem pemeliharaan nya... akhir nya terganggu untuk bertr,0,12,negative,maintenance_downtime,1,True
6c54061a-95bb-47df-a344-2a8415ec6611,4,2026-05-26 22:43:36,tolong kalo lagi maintence jangan lama lama. susah mau transaksi harus nunggu sampe pagi.,0,14,positive,,0,False
fd12aac3-a539-4b46-9e56-ae1e5d448d25,1,2026-05-26 22:43:58,"Belakangan ini BCA sering gangguaan Sistem. ""sistem tidak dapat dipergunakan untuk sementara"" terutama pada virtual account, mau bayar tagihan dan lainnya jadi telat. transfer kemana mana jadi harus kena admin lagi. Segera perbaiki pihak BCA, atau nasabah akan hilang perlahan",5,40,negative,,0,False
ea9b1a79-135c-46d0-a96f-c7a0b20bc631,1,2026-05-26 22:44:01,"koq error ya ga bisa liat saldo tumben banget, dan susah bnr untuk buat transaksi saat ini sinyal bagus tapi di monitor warna merah terus",0,25,negative,"indicator_light_stuck,app_performance",2,True
0d2337b3-21ba-44d7-952b-33fe25ce4a35,5,2026-05-26 22:44:22,ini knp sih mbc sekarng ini eror terus trnski gak bisa terus knp yah tolong dong tingkat kan lgi jangn sampe eror terus,0,23,positive,app_performance,1,True
1bcf27c2-0df1-4d34-820f-f9ba8d6f9f7e,5,2026-05-26 22:44:22,mantap sangat mudah di akses,0,5,positive,,0,False
6c58727c-67db-4445-81c1-ae7cfdb84877,3,2026-05-26 22:48:27,KALO ADA MAINTENENCE KASIH PEMBERITAHUAN. Tiba tiba gabisa cek saldo gabisa narik gabisa bayar gabisa ngapa2in bodoh.,0,17,neutral,,0,False
6b001f47-89e4-4434-bf7a-5acef0306500,1,2026-05-26 22:49:31,TOLONG YAH INI MAH. DIBAGIAN VERIVIKASI WAJAH JANGAN IBIKIN SUSAH!!!!!!!! BUKANNYA MEMPERMUDAH MALAH MEMPERSULIT USER!!!!!,0,15,negative,face_verification_failure,1,True
26967ae9-32e2-4afc-9a13-3cdf19c0bad2,1,2026-05-26 22:50:41,"Lagi urgent,ada pemeliharaan system. yang bener aja. Kasih informasi dong, jangan mendadak, lihat waktu kalau pemeliharaan system,",0,17,negative,maintenance_downtime,1,True
4f19facc-0097-41c0-8235-e7c24e71322d,1,2026-05-26 22:51:19,aplikasi sangat lambat dan lemod serta gangguan terus...mau transfer kagak bisa,0,11,negative,app_performance,1,True
c78df1eb-2a6d-4603-b419-987c7d8c7c81,1,2026-05-26 22:51:45,eror muluu !!!,0,3,negative,app_performance,1,True
a451cba3-f305-4a43-8f5d-caa364fada8b,2,2026-05-26 22:52:10,sering ganguan,0,2,negative,app_performance,1,True
8a22f388-ba51-415f-8d7d-e7836f30a026,1,2026-05-26 22:55:20,BCA yang saya banggain.. skrg sering banget error.. Qris Error mulu dan Skrg Error lg maaf saya Bintang 1.. klo masih gini Bca saya jd buat transit aja.. sisa nya saya taruh Bank Lain aja thanks,0,36,negative,app_performance,1,True
428eb14d-59ed-4696-99c7-9dda64b2e216,5,2026-05-26 22:56:11,memudahkan untuk transaksi,0,3,positive,,0,False
56fd565b-ede5-4cb2-af7a-8dd59df93df2,1,2026-05-26 22:58:54,payah bca sekarang sinyal ijo.merah melulu bintang yg berbicara...bank swasta potongan besar layanan jelek ..melebihi bank milik BUMN ..,0,19,negative,"indicator_light_stuck,unexplained_deduction",2,True
f7a43bc8-9f3b-429b-8630-e577e7618007,1,2026-05-26 23:02:44,"transaksi saya nyangkut pada saat tarik tunai , keterangan transaksi tidak bisa di proses tapi di mutasi ada transaksi saya cek saldo berkurang apakah ada solusi..?",0,26,negative,,0,False
85fee791-aeff-4a71-9092-a19ccb60a030,3,2026-05-26 23:03:01,"kenapa saat pemeliharaan sistem tidak ada pemberitahuan dulu, sedangkan saya lagi melakukan pembayaran",0,13,neutral,maintenance_downtime,1,True
b523d8d4-7853-4ba8-bdae-e86439ccccfa,3,2026-05-26 23:05:23,kalau ada gangguan tidak pernah ada notifikasi,0,7,neutral,app_performance,1,True
e14147c8-bc4e-41a1-8773-03379c366b82,5,2026-05-26 23:06:00,sangat bagus,0,2,positive,,0,False
70c93088-6b9d-456d-8aec-15dbcd66bf6d,5,2026-05-26 23:06:36,Maintenancenya lama bnr euy.. malah lagi urgen2nya . mau bayar ini itu ketunda semua.. kena pinalty abang dek..😭,0,18,positive,,0,False
2cb2c39a-91bb-43da-b242-8e01d46d41f6,1,2026-05-26 23:08:53,maintenance berapa lama ? urgent mendadak maintenan,0,7,negative,maintenance_downtime,1,True
950ce266-46ce-453f-858d-e422233f6c3e,3,2026-05-26 23:12:34,"aplikasi simple sejuta umat tapi banyak error bikin cacat aja , lagi genting malah error yang bikin males, coba nge hire Orang IT lebih kompeten lagi.",0,26,neutral,app_performance,1,True
24e47923-af9f-4032-b211-69ffbd4d1b02,1,2026-05-26 23:14:35,"VERIFIKASI WAJAH MALAH NYUSAHIN!!!! GAMBAR JELAS, TEMPAT TERANG MENDERANG MASIH AJA GAGAL!!!! MALAH NYUSAHIN PARA PENGGUNA!!!!",0,16,negative,face_verification_failure,1,True
e117a47b-0b29-4f2a-97e8-1322ac799e47,1,2026-05-26 23:15:03,"wey gimna sih ini eror mulu barusan gw transfer pindahin saldo grab ke bca kagak masuk masuk, saldo di grab sudah terpotong di bca kagak masuk masuk di mutasi juga kagak ada history nya gimna sih ini",0,37,negative,,0,False
3eacf247-2980-4f13-bd7d-23361c82ea09,1,2026-05-26 23:15:59,malam ini BCA Error GK bisa transfer,0,7,negative,app_performance,1,True
dceb037a-7dc8-4eb7-9353-e0f008e262f4,1,2026-05-26 23:31:57,burukkkk,0,1,negative,,0,False
7e34c765-642f-4e5a-9ca1-4a48feb12567,5,2026-05-27 00:18:13,BCA KENAPASII,0,2,positive,,0,False
21719a62-df68-4002-84cf-77b4c1d4a412,1,2026-05-27 00:55:49,"kemana saldo saya ,tadi sya transfer dari dompet tunai aplksi grab driver nya sejumlah 42 ribu sekian ke rekening BCA sya setelah itu sya liat ke m bangking saya,uang nya tidak masuk,pdhal status di aplksi grab driver sya telah berhasil ,kmna Klian buat saldo saya itu ,uang nya sngat sya perlukan",1,51,negative,,0,False
8e90246a-34b4-46c2-b95b-263a95575f88,5,2026-05-27 01:04:36,kenapa saat melakukan transaksi qris batal terus saldo saya terpotong bukti qris nya gak ada muncul tapi saldo hilang,0,19,positive,transaction_failed_balance_deducted,1,True
4e5dfb33-7768-49e5-a15f-4813be102650,5,2026-05-27 02:01:04,oris mbangkin serimg telan saldo tlong donx diperbaikin jadi takut klo oris,0,12,positive,,0,False
15a2df8a-de9c-4308-b373-1628844ff042,1,2026-05-27 02:19:44,"gangguan aja terus, bank yg selalu bikin nasabah nya kecewa",1,10,negative,app_performance,1,True
735f6549-7065-4496-a34d-7e2d6e3347ce,1,2026-05-27 02:39:40,"udahmh saldo ngga ada lagi,pembelian paket isi pake qris,saldo keptong Data ngga masuk,failed di keternagan mutasinya",0,16,negative,,0,False
02a68f20-b17e-473b-a91d-4620d4e97905,1,2026-05-27 03:18:00,"bca balikin saldo gw males bgt bikin badmood seharian pdhl niatku pindah saldo dr mbanking payroll ke bca mau self reward hari ini malah loh pending sebel bgt males deh! gw udah ambil cuti 2 hari niat jalan jalan tp saldo gw lo pending bete bgt cuti gua sia sia gara gara lo, voucher gw hangus demi apapun nyebelin, bikin laporan yang bales cuma sistem balikin gaji imutku mo tutup akun sebel bgt benciiii",0,74,negative,customer_service,1,True
26f5e67f-9145-429e-b315-6e91b76e8a1f,3,2026-05-27 07:41:45,Sayangnya metode pembayaran Qris sumber dana cuma dr no.rek ga bisa dr kartu kredit yg sudah terkoneksi sma M-Banking sperti Bank sebelah yg bisa milih mau sumber dana dr rek. / kartu kredit bahkan ada juga yg dr paylaternya...,1,39,neutral,,0,False
02e7f431-daf8-4cb4-b112-183afa42cceb,1,2026-05-27 10:56:24,"verfikasi wajah selalu gagal,, apa ada solusinya",0,7,negative,,0,False
a378421f-bf83-4802-a1a9-639fa69615e3,1,2026-05-27 10:57:39,Parahhhh bngt masa BCA sekarang klo ada gangguan sampe berhari-hari dan tidak ada info lagi 😠😠😠😠😠😠😠😠😠😠😠😠😠😠,0,16,negative,app_performance,1,True
d945f88b-2cdc-4975-aa71-128a9eb9aed2,5,2026-05-27 13:51:52,"Meng m-BCA Lebih Simpel, Lebih Efisinsi, dan Lebih Profesional, saya lebih suka Aplikasi yang ini, Pertahankan Sangat elegan dan Nikmat dikendalikan, Mantap",0,22,positive,,0,False
5d882c0d-ea7d-4bca-9671-891e1df1d939,5,2026-05-27 17:22:02,Semoga lancar selalu,0,3,positive,,0,False
9be94b37-d2c1-4c1a-9d32-e5ed6dc40e4b,4,2026-05-27 19:41:18,kemarin saya sudah aktivasi layanan financial tapi kok gak bisa di gunakan ya,0,13,positive,,0,False
93add099-9d7e-48b2-a235-2bf4fedb2ab0,4,2026-05-27 20:04:01,saya baru login bca mobile lagi tapi pas peripikasi muka selalu gagal udah diulang berapa kalipun tetap gagal jadi saya ga bisa transaksi,0,23,positive,,0,False
d18f1ff9-caba-4f5c-a74a-08355b11436c,5,2026-05-27 22:18:23,ok,0,1,positive,,0,False
47b35571-b713-4fe8-aa8d-550c6af7377a,5,2026-05-27 22:29:43,keren aplikasi mbking BCA nya bos gampang mu kirim dana juga gampang saya kasih bintang5,0,15,positive,,0,False
252ad064-23f9-4421-96c8-6409a6983f87,4,2026-05-27 22:39:01,kenapa sekarang sering lemot nya,0,5,positive,app_performance,1,True
49f28c7a-f700-40a0-b794-065780097639,2,2026-05-27 23:21:03,baru make seminggu juga blom. rekening saya terblokir. mana baru isi saldo,0,12,negative,,0,False
dbb38cfa-e97c-4e7b-a00c-dacb041ee3f4,1,2026-05-28 00:05:46,gara gara bca mobile eror gw wd dari grab ke bca gk masuk di apk grab udah sukses kepotong di bca gk masuk gara gara error hadeh cape caoe ngojek duit ilang 100 rb,0,34,negative,"unexplained_deduction,app_performance",2,True
d27e92c8-5aec-4fb7-a4b9-367f97bbd619,1,2026-05-28 01:26:47,BCA kenapa dah transaksi saya dr tgl 26 mei 2026 sampe sekarang saldo ga masuk..,0,15,negative,,0,False
96f4aad5-1e5f-40ed-ad80-0ebf56a92b53,1,2026-05-28 02:14:49,"mbaking eror hampir 2 hari😭 tolong di perbaiki secepatnyaaa saya mau transaksi susahhh kalo begini, waktu itu uang aku nyangkut banyak ga tau nyangkut dimanaa, temenku baru tf ke rek aku buktinya transperan sukses pas aku cek di mbaking saldo ga nambah yg artinya belum masuk tp pas cek mutasi saldonya udh masuk tpi ga nambahh anjiirrr",0,57,negative,app_performance,1,True
7fed53c4-f250-489b-8641-3bb06da7993b,5,2026-05-28 02:23:57,Good,0,1,positive,,0,False
f6e4fbfc-205b-460a-9f08-f2a2f93077eb,5,2026-05-28 06:19:43,saya suka menggunakan apk ini walaupun ntah knp saat ini sistem sdg gangguan,0,13,positive,app_performance,1,True
d5834fc0-32e8-4171-8f12-c2d655a3afcc,5,2026-05-28 07:14:27,josjis,0,1,positive,,0,False
df430835-a4eb-47a4-a1dc-ebc64e80762f,1,2026-05-28 07:35:29,Lambat,0,1,negative,,0,False
d59f85d3-dae0-479e-ab16-946eb6b3a014,4,2026-05-28 08:39:28,saya coba duluh kalau bagus saya tambahkan lagi yah,0,9,positive,,0,False
961ea3a9-d7cf-4ddf-bce2-626cd458622d,1,2026-05-28 09:13:38,tidak membantu sama skali,0,4,negative,,0,False
579deee1-01dc-4499-ad21-4cdf310aba02,5,2026-05-28 09:22:35,memudahkan,0,1,positive,,0,False
5e2d85db-e9a2-4081-8a57-4f0f7a7e57de,1,2026-05-28 10:03:28,aplikasi ga jelas amat verivikasi muka ajh susah banget udh terang benderang harus gmna lagi hadehhh,0,16,negative,face_verification_failure,1,True
431b3c1e-c456-4497-afac-a09a0fe01bb8,1,2026-05-28 10:34:56,kenapa ya BCA mobile kalau penggunaan qris yg didownload dari aplikasi olshop untuk bayar susah sekali??? sampai berkali-kali gagal dan lampu indikator hijaunya sebentar sekali ya langsung ke lampu indikator biru. ya gimana mau berhasil transfer qrisnya kalau lampu indikator hijaunya saja cuma beberapa detik penguploadan qrisnya lemot. padahal sudah update segala macem. qris pakai living mandiri gampang aja. perbaiki dong jgn jelek begini.,9,64,negative,"indicator_light_stuck,app_performance",2,True
ca46a334-41a8-49d0-964f-bef0ee3f4133,1,2026-05-28 10:47:21,"jujur saya sangat kecewa karena pembayaran QR tidak tidakk berhasil tetapi saldo saya tetap terpotong hingga 4 kali kemudian sekarang aplikasi nya juga tidak dapat di buka dan tanpa ada nya alasan tertentu , padahal saya tidak melakukan kesalahan seperti lupa kata sandi dll Saya harap bca mobile bisa update dan juga tidak bermasalah dan merugikan nasabah nya trimakasih",0,59,negative,transaction_failed_balance_deducted,1,True
629ec927-978e-43f2-8ab5-1ee0173113f7,5,2026-05-28 11:20:41,memperrmudah transaksi apapun..,0,3,positive,,0,False
067dcba4-bc81-4eb2-b865-69e0e5aa8d6a,1,2026-05-28 12:14:27,"saldo yg terpotong qris ,tpi status pembayaran gagal,tidak di balikin",0,10,negative,transaction_failed_balance_deducted,1,True
25003d1d-6ab2-40fc-ad31-fdd31f07b363,3,2026-05-28 14:18:30,lemot aplikasi nya,0,3,neutral,app_performance,1,True
fc13cd21-37d7-4ea6-b0fd-d98a3bfbd48a,1,2026-05-28 14:24:05,"BCA MOBILE MAKIN KESINI MAKIN BOBROK LAMPU INDIKATOR SELALU LAMA MERAH TEROSSSSSSSSS, UDAH GTU SALDO SLALU TERPOTONG OTOMATIS!",0,18,negative,"indicator_light_stuck,unexplained_deduction",2,True
859f36fb-d95f-4466-95f7-484b27acf2da,5,2026-05-28 16:18:06,luar biasa,0,2,positive,,0,False
b95c6c85-c86e-49e3-833d-cd6c084a018f,5,2026-05-28 16:21:03,sangat membantu,0,2,positive,,0,False
3a01d079-6ae4-48a2-95bf-3890d7f2ddc8,4,2026-05-28 18:25:22,"tolong perbaiki lagi sistem qris,saya sebagai pedagang merasa di rugikan,tibatiba ada cs telpon katanya ada yang melaporkan bahwa ada pembeli sudah membayar lewat qris,tapi gagal terus akhirnya bayar lagi pake cash,saldo di rekening juga terpotong.padahal saya juga tidak tau ini siapa,orang mna,mlh saya yg kena peringatan dari bca.harusnya bisa di cek dulu dari pihak bca,kalau benar, bisa di konfimasikan lewat sms,di sertai no wa dan no rek jangan lewat telepon.",2,70,positive,"transaction_failed_balance_deducted,customer_service",2,True
12d686c0-c65f-4c01-b110-a4a5793cd2f1,2,2026-05-28 19:08:29,ini gimana sihh kok bca mobile erorr mulu lagi urgent ini haduh,0,12,negative,app_performance,1,True
6a998549-d6e3-4f1b-b7c2-f8f335c8e658,1,2026-05-28 19:35:32,jgn bikin ribet Kaya bank lain udah nyama malah ikutan bank BUMN,0,12,negative,,0,False
907bb9b5-1a1a-45a8-a345-056e9dd402c1,5,2026-05-28 20:15:14,mantap,0,1,positive,,0,False
e0590abf-3c29-4fb0-acc7-02653ca15288,2,2026-05-28 20:26:35,belakangan sering eror. sinyal HP pdhal lgi kenceng tpi masih merah aja di aplikasi nya. emang harus brpa besar sinyal nya sih buat apk ini? heran,0,26,negative,app_performance,1,True
7aef9ad6-01cd-40cc-a8ab-9081875b3253,1,2026-05-28 21:12:55,"payah, tiap kali bayar status warna merah. padahal sinyal tidak ada masalah",0,12,negative,indicator_light_stuck,1,True
151d8a30-a10a-449c-9306-4d18998737dd,5,2026-05-29 02:17:44,istimewa,0,1,positive,,0,False
a62a7d3f-e8b5-470b-b8e1-592cecdbc02e,5,2026-05-29 02:44:59,"mengapa saya isi saldo dengan ovo notif ada.tapi saldo tidak bertambah.dan kedua saya coba lagi dengan dana baru saldo bertambah.jadi saya bingung pengisian pertama tidak bertambah,atau karena biaya admin akun dan rek baru. tapi tidak ada notif keterangan saldo pertama buat apa",0,42,positive,,0,False
b336d363-374d-4209-8e72-64402e62a200,1,2026-05-29 02:47:03,jangan pernah dwonload kalau tidak akan menyesal saya punya terpotong trus saldonya,0,12,negative,unexplained_deduction,1,True
07538534-c32d-4d2e-bac1-626d5588e809,5,2026-05-29 03:45:21,saya menggunakan BCA mobil baru Ini asda masalah,0,8,positive,,0,False
95a6547e-462a-4b79-93c4-a16c7c679556,5,2026-05-29 06:55:15,ok,0,1,positive,,0,False
4c451006-1185-4bb0-8eb9-dc0d4d79101a,5,2026-05-29 07:57:34,Oke,0,1,positive,,0,False
c1d8f0cd-b85c-4743-8a1d-1e1e813bba70,1,2026-05-29 09:01:36,"Tampilan bca mobile sekarang jelek sekali, bagusan bca mobile yg dulu kenapa setelah update bukanny tambah memudahkan & mensimplekan ini malah jadi tambah membingungkan tampilannya. misalkan kita mau simpan nomor rekening seseorang tidak ada menu edit tambahan nama aliasnya, lalu kita mau simpen nomor virtual account lalu kita ga bisa namai virtual account itu klo yg dlu kita simpen nmr virtual account bisa kita edit misalkan xx123456 shope siska skrng hanya mncul nmr virtual accountnya aja..",1,76,negative,ui_ux_regression,1,True
8c2d5ad1-e8cf-41d5-9764-253aa960698e,3,2026-05-29 09:28:27,Aman aja,0,2,neutral,,0,False
1dc9a4e7-f8ff-4202-bcd2-74fe202bd5ec,5,2026-05-29 09:29:54,good,0,1,positive,,0,False
0e303df2-46a8-4ebd-8e4e-fbdd3569577b,5,2026-05-29 10:42:46,sangat membantu banget,0,3,positive,,0,False
70e14660-0836-4785-8c1a-e72f29d64292,3,2026-05-29 10:56:29,"ini kenapa selalu indikator pin merah terus ya padahal jaringan hp saya lancar² saja, selalu suka pin merah padahal mau buat transaksi dengan Qris bikin lama jadinya! gk mau konek, padahal saya sendiri pake kartu Simpati!",2,36,neutral,indicator_light_stuck,1,True
d17c5dd4-733e-4706-a6d5-a67b0eeb0d8e,2,2026-05-29 11:14:19,"bca makin lama makin susah banget masuk ke aplikasinya BCA mobile,kadang gak bisa masuk,aneh gak ada perbaikan ,kadang sebulan perbarui aplikasi bisa sampai 2 x",1,25,negative,login_otp_access,1,True
0dc8a2db-3fac-4151-b291-d2f728711399,1,2026-05-29 11:54:51,TOLOL BEGO KENAPA HARUS PAKAI VERIVIKASI WAJAH KAN SUDAH TAU NI ATM SAYA. SEDANG DI BUTUHKAN UNTUK BAYAR ANAK SAYA SEKOLAH MAU TRANSFER MALAH RIBET HARUS VERIVIKASI WAJAH IYA TUHAN KU HADUUHH. JAWABAN UJUNGNYA MAAF GA BUTUH MAAF SAYA BUTUH EMBENGKING BISA DI PAKE KALU KAYA GINI EMBENGKING GA BERMANFAAT,0,50,negative,face_verification_failure,1,True
728388aa-4d01-4076-98b1-bbd90370030e,4,2026-05-29 12:28:06,mau pindah bca Mobile ke HP baru ko susah yah kode otp tidak masuk ke pesan padahal nomer HP sudah ada pulsa,0,22,positive,login_otp_access,1,True
650e6c03-1554-4e2c-a242-2dcfebd608e9,4,2026-05-29 12:49:06,saya kasih 4 🌟 segini dulu sampai aplikasi nya bisa ganti no handphone tanpa perlu harus ke cabangnya untuk verifikasi pergantian no handphone.,0,23,positive,,0,False
88f99788-9d18-43ef-845c-42a786b9962e,5,2026-05-29 13:11:56,pelayanan sangat cepat dan baik,0,5,positive,,0,False
fe775f1b-19b2-4ff9-b225-0f346b666f57,1,2026-05-29 14:45:49,KUNYUK INI APK,0,3,negative,,0,False
2ef45c80-7511-4062-b102-7fa8ab423720,1,2026-05-29 14:46:30,Makin kesini makin idiot dan lemot mbanking BCA kadang mau transaksi kesel dluan sistem nya aneh padahal udh hijau tapi gk bisa transaksi.. perbaikideh,0,24,negative,app_performance,1,True
0c9ee0de-dc6a-4abb-a7fc-13afa0ead6da,1,2026-05-29 14:46:40,iih anjir sering susah nge cek saldo muter aneh kuota byk,1,11,negative,,0,False
f8552a06-aa94-47e6-8893-26403edeb76c,1,2026-05-29 14:47:15,ini gw transaksi sending doang ga jelas bner ini,0,9,negative,,0,False
8c38a3d2-1e18-41e5-9b70-be167ec8c637,1,2026-05-29 14:50:22,"sering banget merah si, lolol",0,5,negative,,0,False
dd1a6297-07c8-4e89-8c74-5c5b23474b40,1,2026-05-29 14:51:09,bca banyak masalah sekarang...kemaren qris terus mobile banking nya eror sekarang mobile banking nya lemot mulu mau pakai wifi tetep aja sinyal merah atau biru lama ijonya....perbaiki lah sistem nya jangan cuma cari cuannya doang sistem gak pernah di cek ada kendala apa engga nya !!!,0,46,negative,"indicator_light_stuck,app_performance",2,True
af1eb061-949c-4c73-8ea7-c1e35976e831,3,2026-05-29 14:51:22,ko sekarang penggunaan Qris makin sulit ya eror terus sistemnya,0,10,neutral,app_performance,1,True
a34bda28-30af-481c-97ca-74d30a26e8d0,1,2026-05-29 14:51:29,APK GA JELAS EROR TRUS...!!!,0,5,negative,app_performance,1,True
48bd7bd8-628a-4731-9181-707157d93c6f,1,2026-05-29 14:52:12,kenapa akhir2 ini sering trouble ya.? saya akan perbaiki ulasan jika aplikasi sudah di perbaiki juga tidak sering trouble,0,19,negative,app_performance,1,True
02672e12-bfe0-43fd-ae33-4e135a15c521,1,2026-05-29 14:53:19,makin kesini buruk banget,0,4,negative,,0,False
50256ff1-8bbc-4f3b-a0f6-c69a40e60937,3,2026-05-29 14:53:37,wadul bnyak ganguan mulu sekarang,0,5,neutral,app_performance,1,True
1a66eb7f-487d-4e66-b683-3b4797922d9d,3,2026-05-29 14:54:33,"QR nya kelamaan, kebanyakan lampu biru",0,6,neutral,indicator_light_stuck,1,True
86955ea4-7ae7-45a4-b88c-0eb3f4ca5672,2,2026-05-29 14:54:46,ko tidak bisa cek mutasi dan transfer virtual ya?,0,9,negative,,0,False
d2fc2d3b-6b35-4eda-9fee-8590009a9249,1,2026-05-29 14:55:47,"BCA LEMOTTTTTTT, MAU PESAN TIKET HANGUS KARENA LEMOTTTTTTT BANGET SUMPAH",0,10,negative,,0,False
828bce3d-3712-4e65-98b6-54072b1b8f06,1,2026-05-29 14:55:47,aplikasi mohon diperbaiki lagi sering eror tanpa sebab pdhal sudah di update tapi tidak berdampak apapun tiap transaksi loading lamaa tapi tidak bisa saldo tiba tiba ngurangi tanpa notif,0,29,negative,app_performance,1,True
b76d2603-5836-43da-8bb8-0ed6cf39d2bd,1,2026-05-29 14:56:59,"kaga bisa di pake skrng jadi jlk, tolong segera di perbaiki",0,11,negative,,0,False
6450f7a6-65c4-41da-984e-628a311d8e80,1,2026-05-29 14:57:30,"aplikasi tollol di buka muter2 terus lampu nya udh hijau tetep muter2 terus, bank nya besar tpi aplikasi nya murahan",0,20,negative,indicator_light_stuck,1,True
254c4f5e-e28a-4498-b7bd-44a3fe77c394,1,2026-05-29 14:59:13,sering trowble akir2 ini,0,4,negative,,0,False
153dd35f-3954-4b9b-8fc3-2901e3efeec5,2,2026-05-29 14:59:29,ini tiap hari bca mobile eror mulu transaksi jadi susah,0,10,negative,app_performance,1,True
832ef7f3-ca90-4991-9137-0290f6251fb4,1,2026-05-29 15:02:30,"makin kesini makin aneh,eror terus,sinyal merah",0,6,negative,"indicator_light_stuck,app_performance",2,True
51569757-fd79-4752-acc5-3188bb006560,3,2026-05-29 15:03:14,Tolong perbaiki aplikasinya krn sering bermasalah,0,6,neutral,,0,False
b7f1cd69-e68b-4980-90bd-4a558f1651d4,5,2026-05-29 15:04:05,mantap,0,1,positive,,0,False
1ab9f5a2-eea5-4edd-a5d8-3f790e556512,1,2026-05-29 15:04:07,"kalo emang lagi gangguan malem aje jangan siang siang bgni gangguan, orang yang kerjanya butuh Mbangking jadi susah",0,18,negative,app_performance,1,True
106f3c86-7456-4ee6-b5c4-e26082614731,1,2026-05-29 15:05:57,ERRORRRRRRR !!! SALDO KEPOTONG TAPI TRANSFER NYA GA MASUKKKK,0,9,negative,transaction_failed_balance_deducted,1,True
b43e85fb-7a79-4dbb-b21d-a038ffaf4e74,1,2026-05-29 15:06:37,"eror terus, system kadang tidak bisa digunakan",0,7,negative,app_performance,1,True
937ae135-3434-486b-a39e-2cfccd9e4b13,4,2026-05-29 15:07:10,"Appnya bagus, simpel dan gampang digunakan, tapi saya kasih bintang 4 karna mutasi rekening nya ketika saya cek suka error, dia muncul ""Sementara transaksi tidak dapat diproses, silakan ulangi beberapa saat lagi"". Jadi sqya agak susah kalau mau cek mutasi rekening.",13,41,positive,app_performance,1,True
d52975b4-9cb4-424f-b86c-ebfe8e4144e5,1,2026-05-29 15:07:38,tidak bisa cek mutasi rekening...,0,5,negative,,0,False
079e98e7-8682-4af6-8c85-ae9f7fb72498,4,2026-05-29 15:09:27,Kenapa ya akhir² ini setiap melakukan transaksi gagal mulu.. Tolong segera diperbaiki,2,12,positive,,0,False
8e90292b-fba1-4b28-9e1f-41d1c4458ea4,5,2026-05-29 15:09:56,sy baru transaksi Virtual account dan saldo saya sudah terpotong tapi transaksi belum berhasil . mohon penjelasanya dan untuk menu mutasi rekening tidak bisa ..,0,25,positive,,0,False
b63c1cb1-fbee-4b48-bb6e-3446314fe619,3,2026-05-29 15:11:42,"Ini gimana si BCA eror Mulu, Transaksi gagal tapi saldo berkurang gajelas.",0,12,neutral,"transaction_failed_balance_deducted,app_performance",2,True
20b29764-bf08-411f-940a-9ab5a683a1c3,1,2026-05-29 15:11:50,"aplikasi kkkntol, lemot ribeeetttt",0,4,negative,app_performance,1,True
b22ef223-ff6a-4d6b-966a-04027c467237,1,2026-05-29 15:12:23,"BCA lagi kenapa sih mau ngecek mutasi rekening aja susah banget, malah nongol popup kek ""sementara transaksi tidak dapat dilakukan, mohon mencoba beberapa saat lagi."" kalo emang lagi ada maintenance itu infoin bukan malah tiba² kek gini❗ seneng banget nyusahin orang. apalagi yg kerjanya di konter agen kek saya ini.",1,50,negative,maintenance_downtime,1,True
aabe36a0-69d8-4f91-8972-2ffb5bb9311a,5,2026-05-29 15:17:26,aplikasi sangat bagus dan membantu saya untuk bertransaksi lebih mudah,0,10,positive,,0,False
bcf3b40f-dac7-468b-9966-4820eb3b9824,1,2026-05-29 15:18:10,kalah canggih sama mandiri. kalo mandiri bisa topup e-money tanpa tap card. udah kesekian kali dapet masalah topup flash gagal terus. tapi kedebit saldo nya. sampai sekarang belum ada penanganan. KECEWA 1000 KECEWA,1,33,negative,transaction_failed_balance_deducted,1,True
b668ea5c-d814-4081-bb64-c0a2dd71b968,5,2026-05-29 15:20:08,sangat membantu aplikasi mempermudah pembayaran melalui transfer,0,7,positive,,0,False
e9c5df79-ab38-4264-9ec5-07ebcfbf9150,2,2026-05-29 15:20:17,"saya beli voucer paket 3 di mbanking bca, kenapa gagal dan saldo pun malah berkurang ?? . saya mau mengecek lagi, kenapa gak bisa masuk untuk memilih paketan lagi.. tolong lah",0,31,negative,login_otp_access,1,True
998fc7ab-5fbf-43b6-b3db-aa8787a1b2d2,1,2026-05-29 15:23:05,kebanyakan eror,0,2,negative,app_performance,1,True
ee9f02ba-f238-4ceb-ae04-86a9b56f875d,5,2026-05-29 15:26:13,aku suka,0,2,positive,,0,False
20979fb3-1c96-4e80-a782-bd62d39ad075,1,2026-05-29 15:27:11,admin bank lagu gangguan yg terimakasih🙏,0,6,negative,app_performance,1,True
6396e9e1-1f32-4202-b47e-2552a7464f63,5,2026-05-29 15:31:26,top banget selama ini tidak ada kendala masalah..,0,8,positive,,0,False
2b493be9-d2f3-4a5e-aeb9-9f1389b1befd,1,2026-05-29 15:32:43,BCA gangguan lagi tolong segera di perbaiki saya mau TF tidak bisa / bayar QRIS,0,15,negative,app_performance,1,True
6da4617b-d782-4383-93b1-97f600f08a8b,2,2026-05-29 15:34:11,"tiap kali mau transaksi indikator brubah biru, padahal sinyal normal, aneh 😑",0,12,negative,indicator_light_stuck,1,True
988a01ed-bf9f-4a41-a40c-b9710d3fa1be,1,2026-05-29 16:02:51,gangguan jelek,0,2,negative,app_performance,1,True
edf595ad-6205-41d1-a584-ea3e473264c7,1,2026-05-29 16:06:30,kenapa akses login nya susah banget sudah abis pulsa saya 20k tapi tidak bisa masuk juga,0,16,negative,login_otp_access,1,True
36169600-4f9b-4b5d-bc0f-0398e1ca05a5,1,2026-05-29 16:13:27,"sehabis update tiba2 transfer saya jadi gagal terus, tanda merah ga berubah2.",2,12,negative,transaction_failed_balance_deducted,1,True
d1fa3d11-9767-4aff-bc81-b0179fd74705,1,2026-05-29 16:16:41,buruk,0,1,negative,,0,False
ae58423c-7ba2-4435-97f2-99069305c629,1,2026-05-29 16:21:53,"parag sih sering bgt gangguan sekarang ,tiap* lagi genting mau tf aja susah nya minta ampun ,ga kaya dulu..",0,19,negative,app_performance,1,True
aad3ff5e-a33c-4e99-8f4f-9a0d90a1152f,2,2026-05-29 16:22:29,"sudah mode pesawat, restart hp, copot/pasang kartu tapi tetap lemot apk bca nya (buka apk, cek saldo, transfer, dll), butuh waktu lebih dari 5 detik untuk buka apk dan menu"" nya. tidak seperti apk mobile yang lain, lebih cept buka apk & menu"" didalamnya",2,44,negative,app_performance,1,True
4fd45b3f-58ad-45c6-b0df-e4216536d8b0,5,2026-05-29 16:31:33,"BCA lagi error ya, susah transaksinya",0,6,positive,app_performance,1,True
1d2d8ac0-fe67-4f38-b515-37f34679c4e9,5,2026-05-29 16:33:33,Recomended,0,1,positive,,0,False
2823099f-e562-4e28-8af6-4f4b5c70c69b,1,2026-05-29 17:17:37,"aplikasi babi setan, suka susah masukin pin nya tolol",0,9,negative,,0,False
351d1985-cfe0-49d4-8871-da8b3c01af26,5,2026-05-29 17:19:46,mantap,0,1,positive,,0,False
f19ff19f-0ecb-44e3-a1eb-f24906f9442c,1,2026-05-29 17:56:07,saya keluar di hp yg lain coba masuk pake hp baru tidak bisa masuk lagi di hp lama tidak bisa hp baru juga tidak bisa,0,25,negative,login_otp_access,1,True
bd6632fa-cc69-4ebb-9cf0-41b16b28ea08,3,2026-05-29 18:51:54,"BCA sekarang suka error, padahal jaringan udah stabil, tapi tetap gak bisa transaksi, merahh terusss",0,15,neutral,app_performance,1,True
73e86385-6594-432e-9fd3-120addb22fd7,1,2026-05-29 19:12:31,prepikaksi lambat sampe ngantuk gk di kirim kiril,0,8,negative,,0,False
f2785e82-9337-4d55-84a8-52c0133bb36c,5,2026-05-29 20:16:23,mantap,0,1,positive,,0,False
bc0cf736-df3e-407d-826a-b28176feca65,1,2026-05-29 20:41:49,"saya pengguna lama, ini knapa stiap mau pakai pembayaran qris/transfer selalu indikator merah padahal sinyal pada HP sya bagus, sudah pakai wifi ttep aja merah, kecewa parah sangat kurang, SEKALI LAGI MENGECEWAKAN PENGGUNA",0,33,negative,indicator_light_stuck,1,True
bf3ca898-a0c1-455d-865e-d39b63c334a2,4,2026-05-29 21:19:22,sekarang udah bisa mbanking tapi tidak bisa TF gimna ya,0,10,positive,,0,False
9cdc0cc9-bf8d-4e5d-b9b1-236878a1ab72,1,2026-05-29 21:20:05,"aplikasi sampah, selalu harus pake sinyal bagus",0,7,negative,,0,False
bc6d2dc5-f2ec-49ba-8e09-c81dcb78acca,5,2026-05-29 21:27:36,mantap,0,1,positive,,0,False
202cd73b-2014-492e-9f34-ace47be5386a,2,2026-05-29 22:01:51,sering merah loginnya,0,3,negative,,0,False
ffd65ee2-d335-4550-86db-3296f94ce8c7,5,2026-05-29 22:15:23,oke,0,1,positive,,0,False
b7550bf0-e49d-462c-bd62-86a36bc6286f,1,2026-05-29 22:19:29,karena tidak bisa dibuka,0,4,negative,app_performance,1,True
3253d534-afd1-4691-acd3-3ce6b07885a9,5,2026-05-29 22:30:42,ok banget,0,2,positive,,0,False
710bf1e1-5178-429d-a5e3-2deeae1083f8,1,2026-05-29 22:44:06,bloon merah trus,0,3,negative,,0,False
ce84309f-f0ef-4eda-917a-525efcbe971f,1,2026-05-29 22:49:00,"aplikasi paling lemot, tiap hari eror indikator merah terus,",0,9,negative,"indicator_light_stuck,app_performance",2,True
bc90b250-eff0-4d2f-acfa-8c135728dd59,1,2026-05-29 23:02:44,"sudah hampir 1 bulan, saya perpanjang kartu ATM karna memasuki exp, dan melakukan aktivasi dengan my bca, kartu saya minta dikirim ke rumah, dengan biaya cetak kartu ongkos kirim sebesar 40.000 , 2 Minggu kemudian kartu saya gagal dikirim, saya hub hallo BCA untuk bertanya , dengan alasan tidak ada orang ditempat, saya cek cctv tidak ada kurir dr pihak bank yang mengantarkan kartu selama 2 Minggu tersebut, dibuatkan jadwal ulang, kartu saya pun gagal lagi terkirim, pelayanan anda semakin turun",0,81,negative,,0,False
a6c29d6a-97ad-4b13-8cef-185df9bb45df,1,2026-05-29 23:13:00,"Apk anj, mau bayar kaga ijo"" lampu indikatornya,udh bolak balik force close juga",1,13,negative,"indicator_light_stuck,app_performance",2,True
cb2f3412-2fb8-43e5-9b6f-c81c8cd0500c,2,2026-05-29 23:16:48,"Buka aplikasi lain bisa, ini mbca merah Mulu signal, tolong di perbaiki",0,12,negative,,0,False
26a7b0ae-cb66-4d02-b497-07ecc58834e8,3,2026-05-30 00:32:59,"bca saya ini merah terus pak,saya tidak bisa transaksi",0,9,neutral,,0,False
ef1d90d6-cfd9-4e21-a7e8-56782eaf5fb3,1,2026-05-30 01:09:59,"sangat lambat,padahal jaringan sangat bagus.nunggu warna hijau aja 1 jam",0,10,negative,,0,False
20d51c2d-2c4b-4b84-a3fb-2a4b1ae2c0a8,5,2026-05-30 01:10:05,"sederhana,mudah di aplikasikan",0,3,positive,,0,False
aecf7895-6594-4347-8765-05819ffe7c59,5,2026-05-30 01:35:24,tetap well pokonamah 👍,0,4,positive,,0,False
63bcfbcb-0263-4d76-8736-ee590089f582,1,2026-05-30 02:15:42,nggk bisa di perbarui lagi bca skrng nggak bagus,0,9,negative,,0,False
98fbef8f-b153-4211-a2e5-c083c23fb2e3,3,2026-05-30 07:27:35,"gagal terus ih, data udah bener, verifikasi wajah di tempat terang juga udah, kenapa masih gagal yaa?",0,17,neutral,face_verification_failure,1,True
82c694e8-c02f-4779-a96d-61551f6625a0,5,2026-05-30 09:25:33,sangat membantu.tks BCA mobile,0,4,positive,,0,False
be20827e-aadf-456a-8f7d-2611cc562a99,2,2026-05-30 10:12:20,"Susah transaksi, MERAH TERUS, padahaln sinyal bagus...",0,7,negative,indicator_light_stuck,1,True
325a01cf-d615-4c54-992d-b323594307d9,1,2026-05-30 10:24:51,"mohon bantuannya, setiap au menbuat rekening tidaj busa melakukan sesi foto dikarenakan ada peringatan matikan developer mode, dan sudah saya matikan tetap tidak bisa tolong bantuannya",0,26,negative,,0,False
db33b017-61b8-44d4-bc43-700bae7da1bf,3,2026-05-30 10:56:20,"kenapa ganti perangkat malah sering error ya ga bs transfer dan ga bisa log in, pdhal posisi kartu SIM tetep sama",0,21,neutral,app_performance,1,True
412a8a5c-61f0-4df1-a7da-4bc7863eee78,5,2026-05-30 11:02:55,ok,0,1,positive,,0,False
6ccd364b-c45a-4c3d-8d1a-ab20b20b4354,1,2026-05-30 11:51:16,kecewa setiap mau transaksi qr merah terus gak bisa 2 transaksi. jadinya hrs ambil cash dulu baru bisa bayar. sinyal bagus tapi lampunya merah Teruus kecewaaa,0,26,negative,indicator_light_stuck,1,True
c4715487-9c43-448f-951c-be78f46c62c7,5,2026-05-30 12:05:30,sangat baguusss,0,2,positive,,0,False
1820f728-2596-43c2-ab9d-dcf890654c7a,1,2026-05-30 12:52:41,"banyak bug, indikator aplikasi sering nge bug padahal jaringan lancar",0,10,negative,indicator_light_stuck,1,True
c53b6b4c-ecff-4b3f-9dae-941188436f44,4,2026-05-30 13:00:01,ga dapet uang pengguna pertama 🤣🤣,0,6,positive,,0,False
cc39eaaa-06f7-49c1-bf1d-8b08ec18db6b,1,2026-05-30 13:06:28,sudah 1 hari di transfer tapi saldo gak pernah masuk,0,10,negative,,0,False
a6fb20b5-ceeb-407b-9918-158df7d9ca03,1,2026-05-30 13:34:26,lemot banget.. saat mau dipakai tunggu hijau dulu baru bisa.. aneh.. yang lain aja gampang banget bisa dibuka tanpa harus nunggu warna indikator gak jelas,0,25,negative,"indicator_light_stuck,app_performance",2,True
91747f69-4517-4095-ae2d-3aa72faa255a,2,2026-05-30 14:22:15,saya tidak tahu siapa yang salah. jaringan ada. login sampai cek saldo bisa tapi kalau mau cardless selalu biru.. memang tidak setiap saat. di saat penting slalu seperti ini,1,29,negative,,0,False
0c2edfff-e85b-4cfc-a5e1-eb392c964e3e,1,2026-05-30 14:46:29,"mengecewakan, qris gagal saldo ga balik ud 3 hari, miris sama aplikasi BCA, kalo seperti ini apa bedanya sama maling",0,20,negative,transaction_failed_balance_deducted,1,True
13345c32-fb56-472d-9856-7cadcb77cd59,5,2026-05-30 14:49:33,mantap,0,1,positive,,0,False
051b9c77-4ce4-4bdd-a7cb-63bf7e042386,1,2026-05-30 15:22:13,"tolong min, masa tiap buka aplikasi anda harus 2x login. login pertama mesti merah, login kedua baru sampai ijo. whyyy??",0,20,negative,,0,False
380dd0b1-462e-4659-a70f-c7da949636c6,5,2026-05-30 15:27:39,jos,0,1,positive,,0,False
77d5ebc3-ec55-433c-af47-cf46e86ff0da,5,2026-05-30 15:35:57,error terus ini apk,0,4,positive,app_performance,1,True
619f2882-65ab-4ede-a32f-03c7c20a5e77,3,2026-05-30 15:53:12,"ini kenapa sih gagal melulu, mu aktivasi aja sudah banget internet harus stabil pdhal kuota sama wifi stabil . keambil Mulu pulsa 10x",0,23,neutral,,0,False
7d953271-08f5-4fa4-9ed0-896de92a25d3,1,2026-05-30 16:36:26,bank kentang.. roduknya jelek... bagusan MANDIRI,0,6,negative,,0,False
592bde94-a0bb-4965-b6c5-2aa6616e2f57,5,2026-05-30 16:50:58,sangat bagis,0,2,positive,,0,False
1d8584b0-684c-4128-8382-7cab3104b7b6,1,2026-05-30 17:47:38,"performa makin turun, lampu sering bgt merahnya, buat transaksi nunggu lampu ijo, ga ijo2",0,14,negative,indicator_light_stuck,1,True
d33f5dc7-e575-4eb8-a1c6-e28bd232553f,5,2026-05-30 18:20:13,ok,0,1,positive,,0,False
91969f72-6515-480e-a997-08b4e3b63ac9,1,2026-05-30 18:40:00,"otp susah, pulsa sudah berkurang tapi otp tidak masuk. saya sudah habis 45 rb tapi belum masuk juga",0,18,negative,login_otp_access,1,True
a46f864e-d51d-492e-991f-858b09d16a45,5,2026-05-30 19:01:48,lebih mudah d,0,3,positive,,0,False
19004387-a33d-4519-86ec-e274870dadcb,2,2026-05-30 19:19:09,"saya sangat kecewa dengan M-banking BCA mobile kenapa setiap saya login sinyal selalu merah padahal sinyal di hp saya full buat sosmed lancar kenapa buat transaksi m-banking BCA ini selalu sinyalnya merah, tolong perbaiki system m-banking ini",1,37,negative,indicator_light_stuck,1,True
28b399c2-08cb-4625-9427-0b2c2e9d994c,1,2026-05-30 19:23:46,"terlalu banyak peraturan , kadang kalau login pun balok masih warna merah , padahal sinyal bagus",0,16,negative,indicator_light_stuck,1,True
bbe18d7a-f60c-4abb-9cce-e1bcec07556c,2,2026-05-30 19:29:46,"baru kalinini saya verifikasi susah sekali.Sudah berulang saya foto tetapi tidak bisa ,dan ketika saya verifikasih mbangking bank lain cukup 1kali foto lgsg bisa.",0,24,negative,,0,False
9e107678-5cdf-4a25-a1cf-dd16057b5fb7,5,2026-05-30 20:43:46,aplikasi cepat dan responsif,0,4,positive,,0,False
148f0976-8691-42b4-84e9-6eb13d823cdb,1,2026-05-30 20:45:56,kecewa banget masa banyak potongan uang masuk potong 10 rbu penarikan di atm bca potong 10 rbu sehari sampai 3x pemotongan parah..mending beralih ke ewalet lah ga bnyak potongan,0,29,negative,unexplained_deduction,1,True
c314b2fb-16de-494d-90a7-cd875dfe2487,1,2026-05-30 20:55:31,kebiasaan buruk bca. gagal transaksi atau transaksi sedang di proses. tapi saldo terpotong. tlpon ke halobca. harus tunggu 20 hari kerja. lu pikir gw ga butuh duit? ga ngotak,0,29,negative,,0,False
9abafc4e-2178-477c-bde9-cb2edefb4d1c,1,2026-05-30 21:28:50,kenapa verifikasi wajah gagal terus Kouta internet stabil dan cahaya terang dan bagus tolong benerin sistem bank anda jgn customer bank anda pada kecewa dan pindah ke bank lain,1,29,negative,face_verification_failure,1,True
7a066527-a807-4b43-b72d-4202a46e96ad,4,2026-05-30 21:32:51,"hari ini tidak bisa dipakai transfer, topup gopay dll. Keterangannya, ""maaf transaksi tidak dapat diproses.""",0,15,positive,,0,False
50d74865-f997-4b2b-9d3a-889799a56953,1,2026-05-30 21:43:05,"Update tapi makin nggak beres,di komplain malah pembelaan terus,enakan versi yang lama,bukannya di benerin ini aplikasinya,yang ada malah nyalahin sinyal dan device",3,22,negative,customer_service,1,True
b72ed0ab-1fba-436a-9007-2d843ad2a535,1,2026-05-30 22:26:52,"bca jaringan merahhhhhhhhhh, pdhl paket data aman, wifi amannn, maksudnya gmna kok gak isa konek",0,15,negative,,0,False
bd9a18dd-3ec8-4637-8afb-afbbbcf73ba0,3,2026-05-30 23:06:03,kenapa lampunya sering merah sih kalau di buat transaksi qris padahal koneksi stabil😭,0,13,neutral,,0,False
99260646-4a40-41c9-8e1b-ebe9ad135515,2,2026-05-30 23:20:54,indikator merah terus semenjak update terbaru. nyusahin aja,0,8,negative,indicator_light_stuck,1,True
20d6fe80-a79b-4d95-a213-909a6053c861,5,2026-05-30 23:27:00,good,0,1,positive,,0,False
2742f840-d95c-48a7-913e-80a0f5bf02f8,1,2026-05-31 00:23:14,"ini kenapa ya sering bgt minta aktivasi aneh , padahal kartu sim udh sesuai ga d pindahin juga , tolong d pebaiki , jgn smpe pindah ke bank sebelah nih .",0,31,negative,,0,False
65e25b1b-249a-413b-a8e5-920438aa424b,1,2026-05-31 02:11:13,sering eror,0,2,negative,app_performance,1,True
418e8bb1-35f0-44bc-86e6-5728293e623c,3,2026-05-31 02:27:27,jadi lama prosesnya,0,3,neutral,,0,False
8de901e2-c474-44ac-96fc-9c4096574bcd,1,2026-05-31 03:46:20,kurang otp aja kok gak masuk masuk ya,0,8,negative,login_otp_access,1,True
4b234085-c6b4-4dbf-a2e5-c68977565bfb,2,2026-05-31 05:22:15,kok error si . saal mau poto wajah malah gak nongol kamerah y tolong min di perbaiki . makasih,0,19,negative,app_performance,1,True
769413e4-d518-4896-b21a-8f1550c63264,5,2026-05-31 06:14:38,lancardan efisien,0,2,positive,,0,False
46194f7b-ef28-4b4e-9e58-f4df88c5d674,2,2026-05-31 07:39:08,hy boleh brtnya mengenai kendala apakah di awal ada potongan admin 100 ribu pas pembuatan kartu soalnya saya nabung prtma 100 ribu itu di ambil apakah gmna ya mohon penjelasan nya terimakasih 🙏🙏,0,33,negative,,0,False
90b794b7-fb3d-4a87-9a7e-3f4b06a54843,1,2026-05-31 08:36:18,setiap bulan transaksi lebih dari 20 kali. tapi signalnya lemah. sering menyala merah dan biru. jarang hijau. kalau transaksi gagal.,1,20,negative,,0,False
9357a23a-f600-4b2a-8973-41ca4e2d9ea9,5,2026-05-31 09:49:17,Mantap.,0,1,positive,,0,False
79e3c146-8b31-4a52-ada0-19fbe07ee8dd,1,2026-05-31 11:43:06,"selalu gagal verifikasi wajah, sudah habis pulsa berapa tau tetap saja gagal verifikasi wajah",0,14,negative,"transaction_failed_balance_deducted,face_verification_failure",2,True
027d1eb4-e411-4511-8e5c-cae3111310ae,1,2026-05-31 11:55:49,verifikasi data skrng susah banget kenapa sih ? padahal yg punya akun.. orangnya itu sendiri.. jadi ke blokir gara gara skrng verifikasi susah banget,0,24,negative,,0,False
c5b8b31c-847f-49fd-8d3e-0a5cc6b5607b,1,2026-05-31 12:26:08,"menurut saya agak ribet ya aplikasi BCA mobile , dr cara memasukan norek baru, cek mutasi yg harus pake batasan tgl dan memasukan pin, dibanding aplikasi bank kuning , liat saldo, langsung deh berderet dibawah nya 5 transaksi terkahir kita, cek saldo tinggal scroll kebawah, TF antar bank simple ...maaf ya untuk aplikasi mobile banking BCA ketinggalan jauh dr bank lain...",1,61,negative,,0,False
ec75b6f9-b8f2-43d5-b787-e885ef645f27,5,2026-05-31 12:30:24,ok bngt,0,2,positive,,0,False
eab37fad-6a22-4d27-a863-d481e3e71a03,1,2026-05-31 12:34:03,makin kmari makin eror ajh gimnh si di saat penting malah eror,0,12,negative,app_performance,1,True
84c244ee-3c22-46f3-90df-471229e1615f,5,2026-05-31 12:49:46,semakin ke dpn tbh bagus,0,5,positive,,0,False
bda84514-6184-4f1a-a120-d8d34fdc38e8,4,2026-05-31 12:57:17,ok,0,1,positive,,0,False
37470195-ec46-4d73-ab65-ab3b259f4dd3,2,2026-05-31 13:44:05,aga bolak balik buat tranfer nya,0,6,negative,,0,False
07642a02-689d-49cc-aa14-b295a1da55b4,5,2026-05-31 13:56:40,terima kasih BCA,0,3,positive,,0,False
bf016c68-fca4-4342-9e97-3c1e21588095,5,2026-05-31 15:38:45,ok cuma lupa password buat logn,0,6,positive,,0,False
77d31cbd-17b1-44ee-9c9b-6dcc7751e07b,3,2026-05-31 15:44:54,"sering banget gangguan ini bca mobile , sinyal bagus masih aja sering merah tolong diperbaiki biar pengguna bca makin nyaman",0,20,neutral,"indicator_light_stuck,app_performance",2,True
493702a0-7d79-4939-b307-b0ca4b424d7a,1,2026-05-31 15:49:51,"mau bayar pake qris malah aktivasi ulang, setelah selesai semuanya mau transaksi ehh di suruh datang ke cabang BCA terdekat untuk aktivasi layanan finansial !!! jengkel banget uang cash gk cukup, udah lapar dan haus antri panjang juga, giliran pesan mau bayar malah ruibet banget, ke cabang BCA terdekat di kira mudah gitu? saya aktivitas naik angkotttt, gk bawa kendaraan sendiri....",0,61,negative,customer_service,1,True
845bbb26-8250-4fea-a8cd-426ffc47f382,5,2026-05-31 16:21:06,cukup membantu,0,2,positive,,0,False
18cbe519-85c6-4f38-9958-6563d6103b0b,1,2026-05-31 16:22:06,Mencoba beberapa kali SMS selalu Gagal untuk mendapatkan kode akses. untuk apa di buat aplikasi jika rumit.,0,17,negative,login_otp_access,1,True
a5691e20-ef53-4509-b0da-7bdeb655c588,2,2026-05-31 17:24:59,sering trouble....,0,2,negative,app_performance,1,True
95d74a8b-92ba-4c8b-8398-67c95fb97409,1,2026-05-31 18:53:51,"apk ga jelas kebanyakan bug ini ga bisa masuk, kena close Mulu",0,12,negative,login_otp_access,1,True
912789be-e481-4848-b744-ff358ee13350,5,2026-05-31 20:53:05,matap mudah,0,2,positive,,0,False
eb222089-b1cd-4ad9-ac9e-da2af5b7ef80,5,2026-05-31 20:56:29,tolong di perbaikin lagi aplikasi bca kadang2 lemot,0,8,positive,app_performance,1,True
653bce32-a1c2-43ea-8f1a-ed6c883c25dd,5,2026-05-31 21:38:30,jossssss,0,1,positive,,0,False
139b57cd-2394-4e4d-bd05-6ad0a8bbc0d5,1,2026-05-31 21:53:13,"Tunggu lampu hijau,udah kaya lalulintas 🤣😂😅 BCA doang yang kocak, Mohon maaf lampu lalulintas sedang di perbaiki, dimohon untuk para pengguna mbanking BCA , agar segera mencari alternatif jalan mbangking tetangga sebelah. 😂🤣😅",0,33,negative,indicator_light_stuck,1,True
9f5153f2-0d56-4e3a-9419-707c88b0067f,1,2026-05-31 22:30:32,"WOIIIIIII NGAPA SIII BIRU MULU TUH SINYALLL HETT, GUA MAU QRIS SUSAH BANGETT INIIIIU",0,14,negative,,0,False
dbc35274-9279-4e44-b11d-e4568f3ef41d,5,2026-05-31 22:44:05,bagus nyaman mudah,0,3,positive,,0,False
c7b9f47c-e4da-46cd-ac41-77b2962e8605,5,2026-06-01 00:22:06,"Cepat dan peraktis, dalam satu gemgaman.",0,6,positive,,0,False
94c0479c-2ec2-43eb-bf4f-f998ca5861fe,1,2026-06-01 00:22:59,BCA ngelek lemot gak usah buat aplikasi kalau gak niat,0,10,negative,app_performance,1,True
dfb23e8f-c97f-4ac7-924c-f3565475792e,1,2026-06-01 00:43:38,klau update susah untuk transaksi kasih bintang dulu 1,0,9,negative,,0,False
cc70200f-948f-45ac-9a28-09a61a515fa8,1,2026-06-01 01:57:45,gajelas,0,1,negative,,0,False
b72c4aa0-91b7-4e8a-91c9-6821f8d5c97c,5,2026-06-01 04:05:26,good jobb,0,2,positive,,0,False
87cd4390-ca36-4ef3-a04d-fc5fd8cb113a,5,2026-06-01 08:18:55,baik semua,0,2,positive,,0,False
fde908de-7136-444b-9b6d-8cf2b8bc014b,5,2026-06-01 10:05:54,"untuk sayat ini bagus, mudah²an kedepan'nya masih bagus",0,8,positive,,0,False
82a68e6c-a930-4736-ba29-ae821198c70a,5,2026-06-01 10:07:48,sangat nyaman dan mudah menggunakan BCA mobile ⭐⭐⭐⭐⭐,0,8,positive,,0,False
ebf901d7-c3a5-4ec3-b8f2-303a974267a9,3,2026-06-01 11:12:29,sering logout logout padahal sudah diupdate,0,6,neutral,,0,False
91f83101-739e-4004-b93f-f0f153df5298,1,2026-06-01 11:27:03,potongan admin 1 bulan 2x.konyol. ribet tidak seperti livin.,0,9,negative,,0,False
d23b4e45-d9f3-4a14-b1bf-ab51d2c82422,5,2026-06-01 11:33:29,good apps,0,2,positive,,0,False
591f4bd7-9c4a-4bfb-a435-3d39efa56840,3,2026-06-01 11:53:28,tidak bisa scan barkot di galeri knapa ya,0,8,neutral,,0,False
6982156e-8ee1-4e2c-b51a-f497452f9c97,1,2026-06-01 11:59:44,maaf cuma bisa kasih 1 bintang dikarenakan untuk verifikasi masih tetap dengan pulsa terlebih lagi minimal ada pulsa 10k diera jaman yg sudah canggih tp masih dipersulit. tidak seperti bank bank lainnya untuk verifikasi bisa dengan wajah atau sidik jari.,1,40,negative,face_verification_failure,1,True
8e5f9c75-8f3d-4d26-91ee-cec48b3e88f3,1,2026-06-01 12:04:51,maaf knpa saat saya mendaftarkan akun itu tdk bisa pdhl saya udh bnr,0,13,negative,,0,False
ecddac7f-9964-4958-83f2-c282dfbaae8d,3,2026-06-01 12:43:33,suka gaada jaringan,0,3,neutral,,0,False
caf63dec-6948-4107-93c1-3e3d168af5a9,2,2026-06-01 13:49:16,"kenapa potongan adm nya makin besar ya, udah 10 rb sekarang, Tolong di perbaiki lagi yaaaa...",0,16,negative,unexplained_deduction,1,True
789f1743-229e-4224-b74d-c21b53f278a1,1,2026-06-01 14:02:13,"kenapa akhir2 ini susah skali transaksi Qris dgn BCA mobile..udh sering bgt lg d depan kasir slalu lampu indikator merah..bikin esmosi,masa malah lbh gmpg mbanking plat merah d banding BCA..tlg d perbaiki donk,dr dulu BCA slalu jd andalan sy..sekarang jadi mengecewakan",0,41,negative,indicator_light_stuck,1,True
3789b70c-30ef-4190-a2f8-5654a4a57f97,5,2026-06-01 14:38:56,yaaa,0,1,positive,,0,False
d59cd1df-1f8a-4341-bffb-a091322939e7,1,2026-06-01 14:56:31,sekarang lemot bener. udah gitu susah masuk.,0,7,negative,app_performance,1,True
e7a783b1-9548-481e-8d2f-eb542133690e,5,2026-06-01 15:26:21,bagus,0,1,positive,,0,False
82ea3b35-b61c-448c-b593-1878f67cca66,3,2026-06-01 15:33:25,ditunggu fitur update dengan sidik jari,0,6,neutral,,0,False
8e05a9b2-97ee-48db-94e4-3ee3180806bc,2,2026-06-01 15:38:34,sudah sesuai sesuai tapi tetap kode kagak masuk masuk.,0,9,negative,,0,False
f3c9e418-c0b4-48c4-b8ef-282572a4369e,2,2026-06-01 16:09:20,"tolong penjelasannya kepada pihak BCA, kenapa tanggal potongan pajak seperti suka2 dari pihak BCA, bahkan untuk bulan ini saya dipotong 2 kali untuk ppn bulanannya",0,25,negative,unexplained_deduction,1,True
2b07f5af-5afc-4f0e-901c-bea6c34c88b5,5,2026-06-01 16:25:03,terbaik,0,1,positive,,0,False
5d10a4d2-4cb8-4758-8221-37fced2a90fc,1,2026-06-01 17:50:08,sering eror,0,2,negative,app_performance,1,True
6656eaf9-3ff4-49a9-a633-fd972ab3931a,1,2026-06-01 18:15:02,services sangat jelek m banking eror terus tiap pembayaran ampas,0,10,negative,app_performance,1,True
761b362f-2848-4fb5-a06c-3f9d545529c5,5,2026-06-01 18:21:10,hp sy samsung note 5 kenapa tidak bisa download bca mobile,0,11,positive,device_compatibility,1,True
e9974312-02f3-45ba-9212-4a095f07bf91,5,2026-06-01 18:37:29,bagus,0,1,positive,,0,False
a28b8d75-a40e-49c8-85d6-fa93432f6855,1,2026-06-01 18:46:26,gmn sih ini mau qris aja lampu indikator merah trs sedangkan kalo pake wifi normal giliran pake data seluler kyk apa tau tolong lah dibenerin padahal gua make kartu data seluler buat buka yt sosmed yg laennya normal2 aja,1,39,negative,indicator_light_stuck,1,True
a47488c2-9cbf-446c-92fc-9919c70ff2b4,5,2026-06-01 19:15:37,Lebih puas pake apli ini,0,5,positive,,0,False
895017d2-7843-4933-83ee-96bf30e93d0e,1,2026-06-01 19:28:18,"payah, baru juga awal bulan masa udah kena adm aja",0,10,negative,,0,False
85c4cfb8-b732-4670-b929-f2103507c7b9,5,2026-06-01 19:29:09,mntap,0,1,positive,,0,False
66e3d432-86b5-43b8-8cc1-8b4d133d203b,2,2026-06-01 19:33:22,"kasih bintang 2 , tiba2 saldoku berkurang keterangan biaya admin , biasanya per tgl 15",0,15,negative,,0,False
ba82160a-79c4-48bb-aa9e-a4dc544a682b,5,2026-06-01 19:54:48,kerja bagus,0,2,positive,,0,False
e817d44a-8050-4b7d-883e-638e0708d2f1,5,2026-06-01 20:08:22,saran dong buat BCA Adain Kya bjb lagi jadi ada 2 penyimpanan dalam 1 saldo,0,15,positive,,0,False
2646849a-39cb-49e0-b08e-7645b4fba2bd,1,2026-06-01 20:15:59,"ini parah banget mulai bulan mei 2026 saldo aku di potong terus,awalnya di potong 5 RB, terus di potong 15 RB terus di potong 14 rb , terus di potong 5 RB bulan mei 4 kali dipotong saldonya dan terus di potong lagi 14 rb tadi tgl 01 Juni 2026.ko BCA jadi jelek gini parah banget, nanti setiap uang yang masuk masa di potong terus rugi dong saya",0,68,negative,,0,False
6615249e-d0af-4cb8-8f5c-482530e5932b,1,2026-06-01 20:42:53,gak bisa buat verifikasi wajah terlalu rumit untuk login akun,0,10,negative,face_verification_failure,1,True
7da57b34-6fdb-441f-b991-af5b111dad7e,1,2026-06-01 20:46:17,"bisa ga si sinyal lo di benerin , najis banget tiap buka merah mulu lemot !!!!",0,16,negative,app_performance,1,True
f2cf8a52-7e26-4341-a737-6013ad76d647,1,2026-06-01 21:03:37,merah terus lampunya ..,0,4,negative,,0,False
753a26e1-e842-4dc4-90f3-e748bd2fc037,1,2026-06-01 21:15:02,"tolong bantu proses pembatalan pembelian item game saya, karna saldo saya sudah berkurang",0,13,negative,,0,False
bd6e87db-5a40-4097-94c1-2a060c8725c4,1,2026-06-01 21:21:26,tumben tgl 1 udh di potong adm biasa nya tgl 15,0,11,negative,,0,False
5b805aa4-6627-4918-ab84-c8eafac9a0d9,1,2026-06-01 21:22:23,ini apa2an ya. tanggal 15 ada potongan biaya admin tanggal 1 ada potongan biaya admin lagi. sebulan 2x?? udah naik jadi 17.000 malah 2x jadi 34.000???udah nomor whatsapp cuman bot.,0,30,negative,,0,False
3519a6d5-40c3-482e-86ce-6fee2ceea445,1,2026-06-01 21:35:49,belum sampai 1 bulan kok udah potong bulanan lagi... ini sistem yg rusak apa macamana?,0,15,negative,,0,False
89f379b8-6e4e-4cfe-a207-52c49f9a071e,3,2026-06-01 23:54:07,"mau tanya, knp biaya admin saya terpotong 2x ya? padahal cek di mutasi tgl 15 Mei 2026 sudah terpotong biaya admin 10.000. kok baru tanggal 01 Juni 2026 udh kepotong admin 10.000 lagi?",0,33,neutral,,0,False
33a3773b-fbe1-40bb-8fd7-45077c9152cf,3,2026-06-02 00:38:48,qrisnya gabisa dipake,0,3,neutral,,0,False
ba8c9de4-4e56-4ad1-9cae-1ab292fa3378,5,2026-06-02 01:04:24,good,0,1,positive,,0,False
0e801c74-cdb0-4f48-b33c-0910715fc2f7,1,2026-06-02 04:09:33,tgl 24 mei ud dipotong biaya admin bulanan 10k! masa tgl 1 juni ud dipotong lg aja 10k! sebel bgt klo lg ngepas!! mau korup apa gmn sih?!,0,28,negative,,0,False
c81463a1-5b3e-49ce-895a-7495a76a3b02,3,2026-06-02 05:25:26,Keyboard BCA mendadak tdk bisa dipakai di Hp Saya...,0,9,neutral,,0,False
02551550-15d3-41c5-b969-6bb9f47dc2d5,1,2026-06-02 05:53:50,"saya 3 kali melakukan transaksi Qris dan transaksi gagal tetapi saldo rekening saya terkurang, apa solusinya Min?",0,17,negative,transaction_failed_balance_deducted,1,True
8cef225e-2547-4d69-bb37-26e17ff26f21,3,2026-06-02 06:29:55,"kenapa Sekarang transfer BI fast ke BJB Syariah tidak bisa, padahal awalnya bisa",0,13,neutral,,0,False
e97c8d95-2a0a-4fb3-b80b-6eccc4dba081,5,2026-06-02 06:40:27,bagus,0,1,positive,,0,False
2fd5822f-2efd-4e47-bf74-de528141ba36,1,2026-06-02 07:10:51,sudah buat ferivikasi masuk m banking harus beli pulsa dlu terus bolak balik SMS gk masuk ngerugiin buang² uang aja ribetin pengguna,0,22,negative,,0,False
888495f0-6c7d-4c93-bb17-98cce28bcccc,5,2026-06-02 08:00:50,baik 👍,0,2,positive,,0,False
647e12fa-c441-47ae-9b0f-968da3967662,1,2026-06-02 08:26:23,lemot dan suka delay waktu di buka. harua klik 2x baru bisa masuk aplikasinya. tolong perbaiki lagi,0,17,negative,app_performance,1,True
cd850614-20d2-4b8a-b5df-076545650d65,5,2026-06-02 09:20:56,"Pelayanan hallo bca nya mantap, cepat tanggap membantu sekali. begitu pun di cabang nya tdk perlu lama antri, pelayanan ramah dari mulai Cleaning service,security sampai teller. terutama cabang BCA yg di proyek bekasi. semoga selalu seperti ini seterusnya.",1,38,positive,customer_service,1,True
3baa3de6-6536-4f55-bf1f-371ace194b31,4,2026-06-02 09:28:38,susah daftar na dibagian prikasi wajah tidak muncul,0,8,positive,,0,False
567834e2-e444-4dc4-ba86-29dc6523d02b,2,2026-06-02 09:40:49,"Makin banyak trouble, Scan Barcode Qris slow respon, kurang sensitif tangkap layar barcode. Notifikasi Transaksi Salary Gaji bulanan kenapa gak ada notifikasi. Justru itu yang sangat dinantikan. Tapi transaksi lain dana masuk ada notifikasi nya. Tolonglah solusinya.",11,37,negative,app_performance,1,True
19d09c30-47cf-4d85-8730-746f97077cbc,1,2026-06-02 09:46:14,"selalu gagal dlm mengirim sms buat verifikasi, padahal pulsa banyak dan setelan hp bawaan pabrik,jd saya hapus aja aplikasinya,GK guna",0,20,negative,transaction_failed_balance_deducted,1,True
24da97a2-bd59-4401-949f-530fda5d794e,1,2026-06-02 10:15:03,BCA Penipu Terlalu dalam 1 bulan 2x kena Admin mendingan pindah bank aja percuma di BCA,0,16,negative,,0,False
7490b1f6-3f62-4eeb-ab59-386a8b0f9303,1,2026-06-02 10:34:23,"tlol gua udah kirim sms dan di bales terus pas mau kasi kunci malah ga bisa, dan udah berkali kali sampe abis pulsa gua gajelas njis",0,26,negative,,0,False
af312869-1e49-45f4-9966-91afa90316a2,4,2026-06-02 11:01:13,kenapa sekarang potongan admin dipotong diawal bulan!? biasanya setiap tgl 20.tanpa info langsung dipotong. yg tadinya mau tf jdi gak bisa gara-gara udah kepotong admin.,0,25,positive,,0,False
d1402a45-f5c6-4cc6-9dc2-e252cd2d9d74,1,2026-06-02 12:21:05,kok sekarang susah mau masuk...merah terus...padahal sinyal lancar.,0,8,negative,indicator_light_stuck,1,True
ecc3c3a8-f1a2-45db-a6a6-7e3ec76ebff0,5,2026-06-02 12:34:50,sangat membantu untuk bertransaksi,0,4,positive,,0,False
01ebed96-70c0-4153-93b2-425a417e7d20,4,2026-06-02 12:37:08,kenapa ya indikator lampunya merah terus ga hijau2 ?,0,9,positive,indicator_light_stuck,1,True
53fd6c86-50e2-4bab-9e1b-62be188d5f74,5,2026-06-02 12:38:06,Dengan BCA mobile maka dunia ditangan saya...,1,7,positive,,0,False
9d703138-d0f2-44ec-908e-ff3f9d40272d,1,2026-06-02 12:48:41,saldo kepotong tapi uang tidak keluar,0,6,negative,unexplained_deduction,1,True
a3a8664a-e9dd-4f09-a3a5-032ebfd70080,5,2026-06-02 13:26:52,boleh lah harus enaken ya semoga jadi atm central terbaik di asia,0,12,positive,,0,False
5d35f6aa-4948-4c02-b89d-b13d723b384c,5,2026-06-02 13:42:50,terus terusan update terus,0,4,positive,,0,False
d2a6fd17-b9b9-4141-9052-8331c97ae150,5,2026-06-02 13:51:56,boleh.di.bilang.sangat.baik,0,1,positive,,0,False
143db822-24c6-4302-9366-579e09ad4ae1,1,2026-06-02 14:10:04,"potong,an perbulan di ganti skrng tgl 1 makin² nih BCA 👎🏼",0,11,negative,,0,False
e2411a8d-0c5c-43b5-8fb7-27001ac12c24,1,2026-06-02 14:19:09,ini potongan apaan tngl 1.10rb..baru minggu lalu admin 10.skrng admin lg 10.apa setiap minggu gitu di potong admin 10rb,0,19,negative,unexplained_deduction,1,True
cbcfd3d6-e918-4221-ade1-af5371d43013,5,2026-06-02 14:27:53,"skarang ini proses perubahan dari offline dengan indikator merah, ke online dengan indikator warna hijau sering lama proses nya. tp skarang udh mendingan barusan, saya rubah jadi bintang 5 deh.good",9,30,positive,indicator_light_stuck,1,True
bc1f8bce-f18c-449e-a26a-887205cda6c8,5,2026-06-02 14:47:51,"dari tanggal instal sampai tanggal hari ini masih proses, itu jawaban di apk nya,,,😁😇",0,14,positive,,0,False
758fc9e0-ea78-4d64-9132-8658b5601f55,2,2026-06-02 14:57:22,saya kesulitan masuk,0,3,negative,,0,False
ff6ab0a5-9558-40b6-90b7-97d98c8bb0c7,5,2026-06-02 16:43:04,knp ya sy mau aktifasi kembali moblie bankingnya tdk ad balasan kode nya,0,13,positive,,0,False
239a1dd1-6477-4d30-95e5-50069a9322b3,2,2026-06-02 16:54:22,hp lama gak bisa instal lagi,0,6,negative,,0,False
48b3f31c-d044-4d80-89ca-09d47a8c8b15,1,2026-06-02 17:08:39,"konyol goblog percuma punya BCA mobile buat transfer sama virtual account aja harus hub 1500888, peak hapus aja aplikasi gak guan",0,21,negative,,0,False
d1ceeb8b-8394-4c04-aac2-2dc73842648a,1,2026-06-02 17:35:30,"parah bngt skrng atmBCA!!! masa uang 50k buat pengendap ATM BCA!!! sya TF 100 , cuma ada 50k doang uang nya , 50 lagi buat uang pengendap ATM BCA!!!",0,29,negative,,0,False
5dc6856b-93d4-48da-8641-dae998959cc9,1,2026-06-02 18:17:51,"Transaksi qris ke Shopeepay 3jtaan, saldo kepotong, dimutasi rekening ada tp di inbox transfer ngga ada. Saldo juga ngga masuk ke Shopeepay, dan gilanya lagi harus menunggu seminggu lebih estimasi penangannya. Balikin uangnya cepet,, saya ga akan pake app ini lg utk perbankan!!",0,43,negative,transaction_failed_balance_deducted,1,True
a41dc818-18bd-4511-81e1-97ab3dc38c4f,2,2026-06-02 19:02:57,potongan perbulan tanggal 20 di potong masak tanggal 2 di potong lagi banyak bener potongan nya,0,16,negative,unexplained_deduction,1,True
36cfd00e-5f33-44ec-b24f-ce5ba7150e9a,1,2026-06-02 19:21:33,"makin lama makin jelek ini APk nya.. tiap buka apk ,lampu indikatornya merah mulu... nunggu berubah ke hijau nya lama sekali.. aneh.. tapi di apk bank lain ga begitu.. kacau parah ini apk.. jelek, padahal aku udh make dari thn 2021",0,41,negative,indicator_light_stuck,1,True
711ce685-c38a-483d-b3e9-d178e8c8fcef,5,2026-06-02 19:48:47,Terbaik,0,1,positive,,0,False
66244ca9-2b84-4230-a957-a8a709bf996f,1,2026-06-02 19:56:31,lola bgt jelek,0,3,negative,,0,False
a49488a4-533e-4d00-86d5-734bb4ac30b7,5,2026-06-02 20:01:04,nice,0,1,positive,,0,False
dc08aa63-f75b-4ca8-95d8-ecd1aaeb9af3,1,2026-06-02 20:03:11,banyak masalah,0,2,negative,,0,False
2ad5a66c-e326-4f0d-8a30-037dc6eba6c8,5,2026-06-02 20:17:26,Sangat bagus,0,2,positive,,0,False
1505a8f9-4277-4f13-ae18-5b389713fb72,1,2026-06-02 20:33:11,"jadi ribet, kebanyakan verifikasi",0,4,negative,,0,False
d634df57-955d-4f4c-9ed8-3ced66ef9a9c,5,2026-06-02 21:36:33,mntap,0,1,positive,,0,False
5bb338d2-1b28-4f99-bda5-8c5f8cb256f2,1,2026-06-02 21:37:59,sering nggk konek sinyal,0,4,negative,,0,False
47aecd28-f0fb-4452-9817-43b5aba80fb2,5,2026-06-02 21:50:36,aplikasi BCA Mobile aplikasi yg mempermudah segala layanan transaksi di gital,0,11,positive,,0,False
63a2f5bb-9f39-4a6d-973f-40c35e13eb0a,1,2026-06-02 22:12:45,kecewa pakai mbanking selalu vervikasi ulang yaa klu posisi LG ada pulsa enak aj,0,14,negative,,0,False
831e1719-f416-422c-ac4f-71788bd28d07,5,2026-06-02 22:16:46,mantap bagaimana cara menerbitkan lagi kartu atm. setelah tertelan,0,9,positive,,0,False
fd5bb5fe-f4cd-40fc-974f-e31a5558de04,5,2026-06-02 22:34:41,responsif terimakasih sehat selalu,0,4,positive,,0,False
d078def8-d4ce-48f2-a579-5e76cff8c31c,2,2026-06-02 23:07:58,"kemaren di perbarui..knp stlah itu jdi susah masuknya,layarnya lama muncul halaman utamanya..mau transaksi jg indikator merah terus..",0,17,negative,indicator_light_stuck,1,True
23c65156-89be-4b00-b33a-a443e49b2b3b,1,2026-06-02 23:09:56,"transaksi setoran tunai tanpa kartu duit tertelan tapi tidak ada notif saldo masuk d rekening BCA Mobile,sudah hampir 3 minggu d suruh proses cek berkala terus dari hallo BCA... tolong secepatnya d proses saldonya 🙏🏻",0,35,negative,,0,False
8b5b1254-08af-466a-9b4d-8bf13c66c03a,1,2026-06-02 23:45:48,APLIKASI SAMPAH,0,2,negative,,0,False
a4bbe200-ed56-469a-9e88-11eec79dc86b,1,2026-06-03 00:01:57,"gangguan mulu sudah berhari hari , heran banget gua",0,9,negative,app_performance,1,True
fceb649d-967a-4942-a2f6-23cada2a202f,1,2026-06-03 00:27:05,makin ke sini makan Parah ajah bca mobile sinyal merah terus,0,11,negative,indicator_light_stuck,1,True
04e7accd-03fc-4328-b273-6d39d910c108,5,2026-06-03 01:37:32,Up jv,0,2,positive,,0,False
da496422-e7d1-4f9b-8c35-38d8b093a826,1,2026-06-03 01:53:08,"Payah! pembayaran Qris lemot, indikator merah terus, udah restart, mode pesawat sampai berulang kali masih aja ga bisa dipake! ga guna aja jadinya! niat mau yg simple malah jadi ribet.",3,30,negative,"indicator_light_stuck,app_performance",2,True
04af1ff7-2c2e-4a54-9d7f-08b9852af31c,1,2026-06-03 02:01:11,banggsat,0,1,negative,,0,False
71b4c770-53f2-45cd-8a0e-5218ea066053,1,2026-06-03 02:36:17,HALOO BCA. SAYA kehilangan uang di BCA . ini gimana ya BCA ? uang hilang 10rb. cek mutasi rekening tidak ada transaksi uang keluar . call HALLO BCA penjelasan berubah ubah .saya nasabah BCA SUDAH BERTAHUN TAHUN BARU NGALAMIN BGINI .,0,41,negative,unexplained_deduction,1,True
2d2ed94a-af6e-49dc-96e6-bcad7dd502d4,3,2026-06-03 04:46:44,"Aplikasi bca mobile di hp sy tiba2 kehapus dan pada saat mau download lg gak bisa, keterangannya perangkat hp sy tidak kompatibel dgn versi yg terbaru... Jadi solusinya gimana?",0,29,neutral,device_compatibility,1,True
338c80ae-ad07-4ead-80f2-726f9f497165,3,2026-06-03 04:55:35,"kenapa belum tanggalnya sudah ke potong terus, baru tgl 3,ko ngga jelas ,kadang tgl 11,20, tolong lah klo mau d potong yg jelas tglnya, dan juga klo mau d potong yg jelas, kdang"" 15rb, kdang"" 20rb, yg pasti"" lah,,",0,39,neutral,unexplained_deduction,1,True
eff52543-ffff-4c56-b2f8-2bbe168dd4b7,5,2026-06-03 06:13:18,bgus,0,1,positive,,0,False
988bc13d-c648-4ffa-995b-54b1178b23b1,5,2026-06-03 07:48:02,pelayanan cepat dan ramah syarat pun mudah GK ribet,0,9,positive,,0,False
78a2ad22-8519-41fd-9fd8-1b4febc85c69,1,2026-06-03 07:59:12,lihatlah.. semenjak bulan MEI 2026 semakin banyak komplain ke app ini... semudah ini ternyata memahaminya. kl server blom siap.. ya jangan sok-sokan deh...,0,23,negative,customer_service,1,True
929aeb5b-e3a5-4835-8dd1-ae48d1974f01,3,2026-06-03 09:50:16,top up e-toll 50k saldo sudah berkurang tapi knp saldo e-toll masih gk nambah?? mohon pencerahannya,0,16,neutral,,0,False
34a66c69-21a3-4a29-8372-0f8893d08690,1,2026-06-03 10:35:13,update ya aplikasinya. jelek banget ketinggalan jaman tampilannya. kaya apk scam,0,11,negative,,0,False
cbe37b25-defa-4a1d-a742-8fc0262281c1,5,2026-06-03 10:49:40,ces pleng,0,2,positive,,0,False
ed246bb8-25cb-4b56-a0af-8df91dad49f8,5,2026-06-03 11:45:55,bagus pelayanannya,0,2,positive,,0,False
60aabf0d-cbb3-4178-a693-2b5a9bc6ccf4,5,2026-06-03 12:52:56,bagus,0,1,positive,,0,False
2943bcc2-6c6d-4e72-9854-926005fa530d,5,2026-06-03 12:54:43,baik mempunyai BCA mobile jadi lebih gampang ber transaksi melalui hp,0,11,positive,,0,False
0a612fe5-2dcf-4626-a481-039c80a2701a,1,2026-06-03 13:19:25,parah ga bisa vermuk,0,4,negative,,0,False
a4c27c5a-54a0-42ee-9fc1-d8f145e6157a,1,2026-06-03 13:46:56,"Untuk transaksi pending saldo udah berkurang tapi di merchant belum masuk,",0,11,negative,,0,False
6044f913-756d-448c-b998-baf02bdcc544,1,2026-06-03 14:23:06,"knapa hari ini ada saldo terpotong di rek saya, TPI cek di mutasi gak ada debit nya , kenapa aneh2 sih BCA ni",0,23,negative,unexplained_deduction,1,True
d84df54c-e305-4b96-9dd2-e8b2369c8c2e,5,2026-06-03 14:45:50,mantap apilkasi bca sukses selalu,0,5,positive,,0,False
c76c7a06-f237-4989-a6ed-8d7b21226d6e,1,2026-06-03 14:49:56,"apa""an ini nunggu indikator hijau tapi yg muncul indikator warna merah aja apa lagi luama gk mau hijau hijau indikator nya. lama"" sistem perbangan ini aneh gk semakin canggih malah semakin jelek aja",0,33,negative,indicator_light_stuck,1,True
b22c00e5-d9ad-401c-ae10-407685cd7e57,2,2026-06-03 14:53:16,baru saja bikin rekening baru. sudah jadi terus coba saya isi pakai rekening gopay dan masuk. tapi setelah saya lihat di aplikasi bca mobile malah gk ada saldonya sama sekali. tolong jelasin..,0,32,negative,,0,False
0e881ce7-6430-4d7b-a551-1c97208ed4ef,5,2026-06-03 15:52:23,thanks Terbaik,1,2,positive,,0,False
d99dedf7-ad88-48cd-8d20-7d547ee083d9,1,2026-06-03 16:19:38,verivikasi data diri susah poll gabisa lanjut cape banget,0,9,negative,face_verification_failure,1,True
3459eb7e-7bd5-4f73-9950-8057f4674955,1,2026-06-03 16:31:54,"bca , komisaris lu suruh liat usut noh kcp jatiwangi ga profesional bangetcs dan kepala cabang nya, mau bikin rekening anak dan update tabungan mati , ribet, ga ada solusi,malah batal, suruh tutup rekening di kenain biaya 20 rb,gila lintah darat apa bca,16 thn gua pake bca se kecewa gila ini sama bank terbesar di indo selain bank pemerintah,ngambil pekerja nya lulusan sd apa, ga bisa human resourch juga",1,69,negative,customer_service,1,True
f041922a-214f-47fd-8219-0e346ce5be42,1,2026-06-03 17:19:49,pelayanan buruk. sangat lambat !!!!,0,5,negative,,0,False
d9cea638-3bd8-4007-b8cc-f977f168b6ea,1,2026-06-03 17:29:45,busetttt ni apk !!!! minta kode otp aj Ampe seharian klik gk dapet2 ....,0,14,negative,login_otp_access,1,True
cbefaca8-8149-44f9-a01f-171b7bd42afb,5,2026-06-03 18:26:58,"saya ganti bintang lima.. karna sigap nya admin, dalam menjelaskan pertanyaan saya.. meski hanya masalah nominal kecil.. ttp sigap dan menjelaskan dng mudah untuk di pahami orang awam seperti saya.. makasih..",1,31,positive,,0,False
25fd1440-0eb5-41c1-ac29-691025d5e0ba,1,2026-06-03 19:27:16,"hari ini Tiba2 uang yg sisa di rekening BCA 40rbu lebih hilang dan tdk ad di mutasi padahal di situ ad potongan admin 14ribu jdi hrusnya masi ad sisa 30rbuan terus sisa uangnya yg lain hilang entah ke mana, ini BCA gimana yahh 😡 Nominalnya memang ngak seberapa tapi 30rbu itu msih sangat berguna. Mulai ragu pake BCA klau sistemnya gini, untung blum isi bnyak, gimana klau sdh isi bnyak ketarik semua pasti tampa ad di mutasi. Bagus klau ad pertanggung jawaban kalau ngak enk di BCA dong😒",0,88,negative,,0,False
e7c1871b-80ad-4d88-bd2b-601b7ba12cd8,1,2026-06-03 19:51:33,"kecewa, akhir akhir ini sering mnta verifikasi via SMS terus, makan pulsa....",0,12,negative,,0,False
472d8fda-2545-403a-88f7-0f7d11834d9d,5,2026-06-03 20:16:26,mantap mantap mantap mantap,0,4,positive,,0,False
ed627208-dfbf-42d8-a56a-67cbc02ecb86,1,2026-06-03 21:17:32,"kecewa berat SMA BCA ,anak saya salah tf trus uang itu udah di hold janjinya 2 Minggu tiba2 bilang itikat baik yg kena TF ,trus skrng bikin aduan katanya udah close trus suruh iklasin ,gmn enak bener duit orang suruh iklasin ,padahal ada bukti2",0,44,negative,,0,False
a5213a6a-2d40-4c7a-abb8-97d2e7c68f32,1,2026-06-03 21:21:23,gila aplikasi sampah banget. lemot nya udah kyak pakek internet 3 G,0,12,negative,app_performance,1,True
7bb70475-32a8-4d9c-bfa6-bdb39d7494fc,1,2026-06-03 21:29:26,"Qris loading mulu, bikin orang malu saat transaksi udah lama malah kgak bisa. jadi Qris pake bank lain.. huh",0,19,negative,,0,False
e9c0b9f2-ceae-4b69-a277-1f0e2dfc015d,4,2026-06-03 22:26:34,masalah loading nya terlalu lama. padahal jaringan di hp saya bagus,0,11,positive,,0,False
8b2dd629-d996-4912-830c-64bb27aa198d,1,2026-06-03 23:39:15,makin kesini makin gak ngebantu di saat di perlukan koneksi stabil sinyal hp bagus tapi lampu indikator merah terusss,5,19,negative,indicator_light_stuck,1,True
bd9395cc-de8b-46d3-926a-7bf7a0afa5db,3,2026-06-04 00:15:44,saldo yang diterima dari nominal transfer tidak sesuai. diluar potongan bulanan dan deposit awal. tanpa andanya mutasi pemotongan apa.,0,19,neutral,transaction_failed_balance_deducted,1,True
7b86b344-ad07-4f56-87f8-d9da9d125e52,1,2026-06-04 01:43:43,gangguan mulu it dongo,0,4,negative,app_performance,1,True
8883e73f-c733-468e-ac43-124c36c9fc9c,1,2026-06-04 04:18:18,"sinyal merah terus, padahal sinyal kartu penuh",0,7,negative,indicator_light_stuck,1,True
05e24a4f-bb22-46a3-924a-bc016aa2bff7,5,2026-06-04 04:33:42,👍👍,0,1,positive,,0,False
24553c5d-8645-4a75-826c-7d5194c3a55e,5,2026-06-04 05:34:26,bagus,0,1,positive,,0,False
ef2cffc7-8bc7-4bba-a1eb-f4ddb3b8414f,1,2026-06-04 06:31:57,kirim kode lemotnya minta ampun tingkat kan pengembangan dong kirim ke wa kek SMS lemot lol,0,16,negative,app_performance,1,True
c75d299e-7b7f-481b-8722-98aeadb977bd,5,2026-06-04 07:04:36,sangat bermanfat,0,2,positive,,0,False
efb80e83-f96b-47d2-91df-5f300f9bae68,1,2026-06-04 09:56:21,sering erorr,0,2,negative,app_performance,1,True
70b4d352-652c-4850-8721-154c8cff4f81,1,2026-06-04 10:19:09,SETIAP MAU TRANSAKSI LAMPU MERAH TERUS. yakaleeee habis login dimode pesawat duluuu / direstart duluuuu,0,15,negative,indicator_light_stuck,1,True
868c840d-1a2f-482a-9956-0073a522e382,1,2026-06-04 10:28:32,"jelek banget costumer service mu, orang mau verifvikasi aja susah buat direspon udah 2 hari ga ada tanggapannya",0,18,negative,,0,False
6314b01d-6651-4eba-8b30-3e37d6066c1e,1,2026-06-04 11:04:05,sering gangguan untuk transfer antar bank. jadi tidak bisa melakukan transfer,0,11,negative,app_performance,1,True
ed8e67fd-2232-4bd4-9dda-8c82c0d48f0d,3,2026-06-04 13:26:13,mbanking bca eror mulu sinyal nya merah mulu padahal jatingan 5g buka aplikasi yang lain lancar giliran buka mbangking bca sinyal nya merah terus gak bisa transaksi apa2,0,28,neutral,"indicator_light_stuck,app_performance",2,True
9c2ebd61-7bbc-42d4-9eab-bb6d49757e8d,5,2026-06-04 13:29:30,sangattttttt the best pokonya🔥,0,4,positive,,0,False
0c930e53-31ce-4d8c-ada2-db26a955754f,1,2026-06-04 14:20:12,"pengen buat rekening xpresi tp pas mo foto ga bisa mlu, disuruh matiin developer mode pas dah matiin semua tetep ga bisa wae",0,23,negative,,0,False
502a24c4-0fc5-4875-8833-3f09b6388d20,5,2026-06-04 14:39:04,BCA mobile menu pilihan transaksi aman,0,6,positive,,0,False
672c229c-f7d1-41c7-9fa0-28880b1b74b5,1,2026-06-04 15:10:42,"mbanking burik, registrasi ulang gabisa bisa, suruh nunggu lampu indikator warna ijo, di tunggu 1 jam ngga ijo ijo. bahkan lampunya indikator pun tidak ada. aplikasi aneh",0,27,negative,indicator_light_stuck,1,True
61f9d47e-17ca-486d-9ce0-6ccdf668b30b,1,2026-06-04 15:30:33,semakin kemari semakin sering tidak bisa digunakan indikator merah terus ga jelas niat mempercepat nunggu hijau nya setahun it nya anak magang kah tolol bener,0,25,negative,indicator_light_stuck,1,True
3232b5b9-6937-4d1a-937a-c9b389faa32a,4,2026-06-04 17:14:01,kok sekarang lemot banget ya,0,5,positive,app_performance,1,True
fc7460cc-fbeb-4459-a0e0-c6ce5d70b7d8,1,2026-06-04 17:20:12,SAYA SANGAT KECEWA,0,3,negative,,0,False
21347ec2-20b6-4fe1-abe9-bb3cec8a6ab7,5,2026-06-04 18:04:04,bagus,0,1,positive,,0,False
b76dabcc-847d-430d-8d0f-cbb23325fd67,1,2026-06-04 18:50:07,ntah kenapa BCA belakang ini kurang oke aplikasi BCA Mobilenya padahal signal ok banget,0,14,negative,,0,False
75bf0187-d3cf-41a3-8605-32c158ab8dbd,2,2026-06-04 19:12:20,"Akhir akhir ini jadi apk sampah Bukanya lama banget, loading, merah mulu indikatornya, harus ditutup paksa, dibuka, tutup lagi, buka lagi, baru bisa hijau, jadinya susah kalau mau scan Qris. Tapi pas buka apk lain malah lancar, ig, tiktok, youtube, dll, bahkan mobile banking lain kayak mandiri juga lancar banget. Malah bca yang sampaj",12,54,negative,,0,False
6b3cee35-8a1a-405a-a6f5-7b50ddaac844,5,2026-06-04 19:22:13,bagus dan tdk pernah eror ( kecuali dr jaringan sinyal hp kita ),2,13,positive,app_performance,1,True
43e05e8f-cbb6-4df5-94a2-9bc83a0764fb,1,2026-06-04 19:42:31,"kok ada ya sistem bank begini. singkat cerita ada Transfer masuk dari tokped 150.848 setelah ke ATM ternyata tinggal 100.848 ku tarik 100.000 sisa 848 rupiah tidak berselang lama ku cek tinggal 0.00 yang mau ku tanyakan kemana uang 50.000 ribu saya? biasanya admin ATM di potong tanggal 17 - 20 stiap bulannya. kalo mau potong silahkan masak iya 50 ribu hilang potongan 15 ribu kan harusan nya sisa 35 ribu bukan 0.00 ayolah cari uang susah loh, bukan gampang",0,80,negative,,0,False
18f3f425-51cf-451a-b276-272378c2499b,1,2026-06-04 19:45:33,"mau login ke akun saya yg sudah ada lama sekali, pulsa cukup banyak dan jaringan internet sangat stabil tapi dicoba berulang kali tetatp gagal masuk dengan alasan koneksi internet, Gajelas",0,30,negative,,0,False
e647ede3-f65e-4acb-a2b0-3f7824e2d645,1,2026-06-04 20:44:41,"koq jadi horor yah pake mbanking bca sekarang,,kemarin2 hilang 40k n sekarang hilang lagi 20k...gawat bank kyk gini makin kesini makin menghilangkan duit",1,23,negative,,0,False
a97cd18d-a328-412f-a52e-1c4ef24755bb,4,2026-06-04 20:49:58,bagus,0,1,positive,,0,False
8240e46b-e5ab-4b46-bc06-8b657554d74d,5,2026-06-04 21:38:01,baik sekali,0,2,positive,,0,False
97c36f32-9634-4910-8505-6f90086dd51f,5,2026-06-04 22:46:09,"tolong di perbaiki lagi, sering banget gangguan di jam"" tertentu",0,10,positive,app_performance,1,True
d00340c5-1015-455c-bf01-717b13b11d8f,4,2026-06-04 22:47:12,nice,0,1,positive,,0,False
e04550af-a417-4259-968c-ad1bfec7e17d,3,2026-06-04 23:47:52,tolong tambah fitur finger akses,0,5,neutral,,0,False
a9828171-f3eb-411f-91a2-e1c8248e4056,1,2026-06-04 23:48:25,waktu saya kirim saldo sejumlah 750K ke bca tiba-tiba saldo yang masuk hanya 685K lalu sisanya kemana? padahal waktu isi saldo tidak ada keterangan admin sama sekali memang nominalnya terbilang kecil akan tetapi berpengaruh pada orang-orang tertentu saya berharap agar ada pengembalian dana sesuai kekurangannya.,8,45,negative,,0,False
3cce699d-d310-4c13-bd59-f8a3c3b972dc,1,2026-06-05 01:14:42,gangguan mulu,0,2,negative,app_performance,1,True
d3d95193-facd-4eeb-9d37-61adcc3583b9,5,2026-06-05 01:20:49,BCA terbaik👍💯,0,2,positive,,0,False
b9f6167e-f04c-4183-923c-4c2a91e0be86,5,2026-06-05 07:27:33,mudah dan tidak ribet,0,4,positive,,0,False
73add96d-3aa7-4f1c-9fd7-d84f07f1ffca,5,2026-06-05 08:31:58,sangat membantu pekerjaan saya,0,4,positive,,0,False
6a1b824a-5b81-4565-9b4f-03eb65ecd0d6,5,2026-06-05 09:08:47,kenapa pada saat malam hari dan hampir setiap hari indikator lampu berwarna merah terus menerus ka ? jadi gak bisa transaksi atau sekedar cek saldo mohon solusinya ka,0,28,positive,indicator_light_stuck,1,True
f54a5ae3-d75f-465b-8d75-e8bea724b0b1,4,2026-06-05 09:44:25,iklan sangat mengganggu,0,3,positive,,0,False
139038ae-fbc5-4919-81ac-265341ec61aa,2,2026-06-05 10:23:21,tidak bisa aktivasi,0,3,negative,,0,False
c9b48231-9ef5-41ee-857c-c8702a981976,3,2026-06-05 11:21:54,"kok lemot ya bca mobile akhir"" ini...lampu indikatornya merah terus, ini saya mau lakukan transaksi gk bisa, saya pakai BCA sudah hampir 10 thn baru kali ini aplikasinya lemot..tolong di perbaiki",1,31,neutral,"indicator_light_stuck,app_performance",2,True
285b7a3c-2ceb-44a6-b64a-b960ff5486a3,1,2026-06-05 11:43:19,tolong diperbaiki kembali. saat dibuka lampu merah terus sulit lampu hijau,0,11,negative,indicator_light_stuck,1,True
9f0062fe-1c72-4839-9f84-c66dacb84278,2,2026-06-05 11:45:06,susah sinyal apknya,0,3,negative,,0,False
7e32b1e5-e804-4262-90db-55ef391fc6e9,3,2026-06-05 12:44:20,"ini apk. lg knpa ya ? masa saya mau verifikasi wajah saja sudah berjam² tidak bisa2 juga, baik didalam rumah dengan semua lampu dinyalakan, maupun diluar rumah, yg udah jelas cukup cahaya dari sinar matahari ,,tolong dong di follow up ?!",2,41,neutral,face_verification_failure,1,True
c991e0c2-763d-407b-af23-435a907c4a81,5,2026-06-05 12:48:20,ok,0,1,positive,,0,False
2f896a0d-3f3c-49cc-9ce0-2562f79b4d68,5,2026-06-05 12:59:28,bagong,0,1,positive,,0,False
7931d139-e009-4df5-bdf5-872185996b4b,5,2026-06-05 13:18:09,mantap,0,1,positive,,0,False
d86f3179-c1fb-459c-a9d8-635a8994f833,1,2026-06-05 13:42:12,"saldo saya hilang tanpa ada transaksi mohon untuk perbaikan nya, kalo gini saya rugii niatnya mau nabung di mbanking ini malah ke ambil tanpa sepengatahuan saya dan tanpa transaksi",0,29,negative,unexplained_deduction,1,True
5fcff85b-1945-40b4-8224-2053aef1857d,1,2026-06-05 14:06:54,"di ke 2 hp saya tidak bisa koneksi terputus terus padahal sudah berbagai cara saya coba dari,ganti internet,restar hp sampai uninstal dan instal lagi aplikasinya tetep koneksi terputus",1,28,negative,,0,False
0251e627-85f9-4311-afd7-a2c834c92065,1,2026-06-05 14:19:25,"verifikasi wajah nya susah bnaget,brapa kali ulang masa masih lanjut aje gue pusing ini verifikasi nye",0,16,negative,face_verification_failure,1,True
8dc4332d-3e80-4e66-adb7-0bad092bf2a5,5,2026-06-05 14:57:35,Ko gak bisa login,0,4,positive,login_otp_access,1,True
3cf32376-d4eb-4d41-91ba-fdf87529220d,5,2026-06-05 15:16:44,oke,0,1,positive,,0,False
f02893eb-00e5-49d1-aa9f-4fad95af44bf,5,2026-06-05 15:35:33,ok,0,1,positive,,0,False
e27c25b2-ba21-4f15-8467-46e880165e8c,4,2026-06-05 16:48:12,parah masa saldo ilang mulu kadang 3.000 sehari kadang lebih,0,10,positive,unexplained_deduction,1,True
7b95a6df-5481-45a3-bb7c-0eb7c879af8b,1,2026-06-05 16:56:07,gk bisa login. kode otp gk pernah dikirim. apk gendeng,0,10,negative,login_otp_access,1,True
9381e53d-cf77-46c1-adb0-1537d38a3e43,1,2026-06-05 18:18:57,"ini kenapa ya, kok TF di cek gak ada tapi di mutasi ada",0,13,negative,,0,False
341474d9-3098-4233-bd0f-a3d294683f3c,5,2026-06-05 18:22:15,thank you,0,2,positive,,0,False
6d141b85-bcb6-4a29-85d4-08e8525cbfc1,3,2026-06-05 18:33:02,saldo tiba tiba hilang,0,4,neutral,unexplained_deduction,1,True
4126e085-cdef-4f7a-881d-c289aa21ab80,1,2026-06-05 18:33:51,aplikasi ribet,1,2,negative,,0,False
99fa8648-e900-4241-9087-03eac18a1b65,2,2026-06-05 21:11:36,mohon mutasi rekening ada keterangan waktu jam menit detik karena itu sangat penting,4,13,negative,,0,False
23191dd4-b520-4e7f-9b48-aa9a2c0d60ef,1,2026-06-05 21:48:21,habis pake qris BCA saldo berkurang tanpa sepengetahuan nasabah d bobol maling tidak ada perlindungan aplikasinya,0,16,negative,,0,False
290471c5-42e6-4f76-809e-693b07180806,5,2026-06-05 22:29:33,cukup gahar,0,2,positive,,0,False
4e905151-441e-4074-8f8a-048ddfea69ef,5,2026-06-05 22:35:42,sangat bagus..,0,2,positive,,0,False
718568ee-aca1-4cbd-b4a8-3684d88b7869,1,2026-06-05 22:47:03,"Aplikasi yang aneh tiba tiba kena potong debit otomatis 170rb tanpa penjelasan yang kongkret, sudah lapor di Kantor cabang tidak membantu. sudah lapor lewat Halo BCA tiba-tiba pelaporan selesai tanpa jelas, mengecewakan sudah lama pake BCA baru kali ini kena potongan otomatis",0,42,negative,"unexplained_deduction,customer_service",2,True
7467f78f-5dd7-4269-97b5-cfa5f1be3a90,1,2026-06-06 00:34:54,lemot bgt nangkap signal aplikasi busuk,0,6,negative,app_performance,1,True
69eb9179-4aa7-433a-9f62-02eb89f1ccf3,1,2026-06-06 00:48:24,"Tolong diperbaiki masalah lampu indikatornya, kalo pendapat saya lebih baik tidak perlu ada yang namanya lampu indikator, suda jelas sinyal lancar bahkan untuk membuka aplikasi lain lancar dengan mudah, tapi kok buat aplikasi BCA mobile ini ruwet sekali koneknya, tadi baru saja saya alamin ingin melakukan pembayaran via QRIS sudah ditunggu oleh penjualnya sampe ditanya² tapi itu lampu indikator ngga hijau², alhasil saya nanggung malu karena menunggu sangat lama, bintang 1.",13,71,negative,indicator_light_stuck,1,True
a8b8a69d-3214-464a-a8ec-7a4a5d32fcdf,3,2026-06-06 01:34:18,"belakangan ini, kenapa lampu merahnya bisa lama banget. padahal apps udh di update, jaringan sya aman. mohon di cek lagi apps nya",0,22,neutral,indicator_light_stuck,1,True
27450861-b125-43e8-b503-da54cbaaf871,5,2026-06-06 03:17:58,good,0,1,positive,,0,False
990d7afb-967c-411e-b508-86e6c1b4e7b5,1,2026-06-06 04:51:22,mau masuk ke my bca gagal mulu karna koneksi terputus padahal pake wifii anehh,0,14,negative,,0,False
28c28724-0001-49c4-bedb-58a5500d1b03,5,2026-06-06 06:20:11,sangat bgs,0,2,positive,,0,False
6d85b3e2-1e26-40e5-a8f6-4ffd5eb49035,5,2026-06-06 08:39:10,bagus,0,1,positive,,0,False
a1107723-21af-4f48-975e-e81bd66118c0,5,2026-06-06 08:57:44,"Alhamdulillah aplikasi sdh bs dipake lg , dengan bantuan mbk CS , bintangnya ku rubah jd 5 deh karena semua transaksi jd lancar lagi , semoga gak error2 lg ya, mksh",2,31,positive,"app_performance,customer_service",2,True
aab78054-abcf-4786-9aba-e23e5aeba90b,1,2026-06-06 09:28:18,"Saya tidak diterima jadi Nasabah BCA, walaupun punya gaji tetap sebagai ASN. Tapi temanku yg blom punya kerjaan tetap diterima. Kocak 😅",0,22,negative,,0,False
5ef2afbf-3431-48dd-b26f-fb33ba69f026,5,2026-06-06 10:25:59,bagus,0,1,positive,,0,False
3796b298-8458-42ae-bb06-bc9f64e8ff0c,5,2026-06-06 10:35:56,sangat bagus memudahkan aktivitas keuangan,0,5,positive,,0,False
563e2004-b058-42b0-bbeb-0a7c177db209,1,2026-06-06 10:43:20,knapa susah bnget untuk masuk cek saldo,0,7,negative,,0,False
60a39e2b-9b4e-4efd-b6fc-be99a9ed7d53,5,2026-06-06 11:25:02,ok,0,1,positive,,0,False
ea66fb12-0a66-408f-bb0b-95863254023d,1,2026-06-06 12:56:51,rebet harus nunggu lampu ijo dulu,0,6,negative,indicator_light_stuck,1,True
7580e91f-f7e3-406e-8602-14c1a62322cd,3,2026-06-06 13:30:59,ini saya kok di tf gak masuk saldonya ga bertambah tetapi si pengirim transaksi berhasil,0,15,neutral,,0,False
0c2a5afa-5d26-4869-866b-128e4c2b5fa1,1,2026-06-06 13:40:24,Aplikasi ini lambat dan tidak sepraktis m banking lainnya,0,9,negative,,0,False
5f21ee1e-ea1a-4fbb-b4c4-a200c0bce6d7,5,2026-06-06 14:29:08,"iya sekarang kenapa bca mobile jelek sering error,teransaksi pulsa udah kepotong saldonya, pulsanya gak tlp ke hallo bca bilangnya tunggu 24 jam, padahal saya beli pulsa karena darurat malah dilamain, udah 24 jam blm ngisi jg ,isi kartu Flazz jg sering gitu🤦",1,42,positive,,0,False
fd611dcd-d6fd-45ee-b522-864c8e3e0d3b,2,2026-06-06 14:37:39,"kenapa sih akhir akhir ini aplikasinya susah banget masuknya,selalu keluar keluar sendiri,setiapau transaksi jadi susah.",0,15,negative,app_performance,1,True
b5c1086a-7dc9-43ee-a9bf-e4c3486e7772,4,2026-06-06 15:17:15,"ini bca kenapa ya saya baru dapet transferan uang 100rb tau2 kepotong semua nya, tolong bisa di jelaskan admin",0,19,positive,unexplained_deduction,1,True
feba7803-e982-49df-a1ae-29df8205bcac,1,2026-06-06 15:52:15,"bagaimana ini qris gagal tapi saldo kepotong lagi??, call center susah banget dihubunginnya",0,13,negative,"transaction_failed_balance_deducted,customer_service",2,True
20c1e89d-9a4a-4319-bc2b-637053e720cd,1,2026-06-06 17:19:12,GA USAH PAKE INDIKATOR BISA GA SIH?,1,7,negative,indicator_light_stuck,1,True
fbde937d-1858-4c8f-9058-da00ac5bd234,1,2026-06-06 17:38:47,"knpp ya min BCA suka tiba Tiba merahh servernya padahal wifi bagus, tolong diperbaiki ka terganggu bngtt",0,17,negative,,0,False
f50f44fb-cae6-48ee-b45f-e870d79839ba,1,2026-06-06 19:28:10,sim tidak sesuai terus anj,0,5,negative,,0,False
affc0a6e-004b-402b-9524-dc24d303b353,1,2026-06-06 20:05:09,mau download aja lama,0,4,negative,,0,False
e003ca84-a329-4fe9-b9d3-61d6af27b6d8,1,2026-06-06 20:55:43,"admin nya motong terus""n,sampe 50 perbulan",0,6,negative,,0,False
fc63e266-182b-430a-abd4-26d4e31da182,5,2026-06-06 22:33:23,ok,0,1,positive,,0,False
2a48ca6b-4c54-4116-8e72-062acadaee16,5,2026-06-06 23:08:59,"sangat bagus, tidak ada kendala ❤️ BCA",0,7,positive,,0,False
b13a0a2f-4cb8-46ef-9022-aec769a55dd6,1,2026-06-06 23:40:24,"aneh ini merah mulu indikator sinyal nya, padahal sinyal bagus. susah banget buat transaksi",1,14,negative,indicator_light_stuck,1,True
e6191364-2867-48ef-b125-0c9c4b0f51fe,1,2026-06-07 01:14:52,lemooot,0,1,negative,,0,False
8cf7286a-a3fc-407d-b58a-28a30af75dcc,5,2026-06-07 04:12:00,sangat berguna,0,2,positive,,0,False
c2d2a150-ce5b-4926-bd5b-344997f1d49f,5,2026-06-07 05:08:59,sangat membantu dan bagus,0,4,positive,,0,False
f1bb3e48-2744-409f-b4c6-91bed0657f57,5,2026-06-07 06:11:58,ok,0,1,positive,,0,False
422e689f-62d0-4c45-9543-de9f078b7558,4,2026-06-07 07:17:57,Nagus,0,1,positive,,0,False
c2d7b769-7ad7-454f-9367-4932b7ea5f68,5,2026-06-07 07:40:17,sangat membantu sekali,0,3,positive,,0,False
4d5fd735-f38f-49b6-8da7-6fc6cc4eee65,5,2026-06-07 07:46:53,sangat bagus dan mudah penggunaannya,0,5,positive,,0,False
99e8077f-b0d6-4c60-b5f3-0d59fa9f53be,5,2026-06-07 08:46:59,ok,0,1,positive,,0,False
5d2950ee-24e3-465d-809e-66f967389d53,1,2026-06-07 09:05:57,tidak ada info saldo potongan di muntasi,0,7,negative,unexplained_deduction,1,True
c81a4800-aab6-45cd-ace2-7cb29aceb5cf,1,2026-06-07 10:00:23,"proses buka rekening online gak bisa terusss,,, Setelah proses video call,, habis itu setelah beberapa hari suruh proses lagi dari awal,, ruwet",4,22,negative,,0,False
1c47a895-6972-497a-bdea-1941c9298e97,1,2026-06-07 10:33:57,kenapa susah sekali verifikasi nya padahal pulsa SMS ada... harus ulang terus tp GK bisa bisa,0,16,negative,,0,False
d2e1bea2-608a-4cf7-82ac-a64786be0cfb,1,2026-06-07 11:52:55,TOLONG DONG DIPERBAIKI QRIS NYA INI UDAH SEBULAN LOH SAYA MAU QRIS AJA SUSAH BGT,1,15,negative,,0,False
8e1ab26c-9444-492a-ade6-15c47d6634ac,5,2026-06-07 12:52:20,baik sekali,0,2,positive,,0,False
e1ec90de-9eeb-495f-ad06-8ca1ea5355d0,1,2026-06-07 13:03:54,"sekarang indikator lampu hijau lambat banget. entahlah, dulu dulu gak kaya gini. apakah ini paksaan buat pindah ke my bca",0,20,negative,indicator_light_stuck,1,True
f769f9d0-9bdf-4a86-9aed-078350614119,5,2026-06-07 13:14:01,Sangat Bagus & Nyaman,0,4,positive,,0,False
a9e5bdf3-02dd-4f43-8556-642a17a98b02,3,2026-06-07 13:15:46,"anu, cara untuk mengakses mbanking yang terblokir karena lupa kata sandi bagaimana ya? soalnya kartu mbanking saya terhubung dengan kartu ATM saya yang masih aktif. saya lupa password sampai 3 kali dan mbanking saya langsung terblokir, saya bingung untuk mengaktifkan nya lagi.. MOHON DIJAWAB🙏",0,44,neutral,,0,False
6b4c3409-8255-4ce4-90b7-761184a65cf4,1,2026-06-07 17:20:07,"gajelas ni aplikasi, sinyal aman aja, tapi pas mau bayar lewat qr malah sending ga selesai selesa, gajelas",0,18,negative,,0,False
c271f064-8b70-471d-80e6-6ee7ce40dfd6,1,2026-06-07 18:16:40,"ribet bngt perihal abis masukin sim card baru ke hp aja langsung harus keluar dan harus log pakai no kartu, dan harus aktivasi sms tapi sampe 10x kirim aktivasi tetep aja nggk bisa ""jaringan internet buruk"" gitu trs aja",0,39,negative,,0,False
0c992ab8-a39e-4a71-9e0e-472984b5f6cb,5,2026-06-07 19:15:59,👍👍👍👍👍,0,1,positive,,0,False
3a4c62cb-eb2d-4360-9ac0-ee92b7bbf5e2,1,2026-06-07 19:23:21,kode otp lama,0,3,negative,login_otp_access,1,True
13559434-1acd-4604-b457-236941c56ca7,5,2026-06-07 20:03:00,"sebenernya apaplikasi ini cukup nyaman untuk di gunakan, namun untuk orang yang tidak terlalu mengerti teknologi pasti sangat kesulitan contohnya ketika ingin melakukan transfer kita harus menyimpan nomor rekening terlebih dahulu kemudian baru bisa melakukan transaksi padahal bisa saja langsung melanjutkan transaksi ke no rekening yang di tuju lalu kemudian no rekening tersebut secara otomatis tersimpan di daftar transfer/transaksi dan untuk desain sujujurnya terlalu membuat bingung",24,66,positive,,0,False
020d60cc-4708-4b36-b2bf-7b2ca74ddbf6,1,2026-06-07 21:07:51,ini cocok bgt buat org tua. tapi ga cocok buat anak muda yang pengen cepet transaksinya tanpa nunggu lampu indikator hijau,0,21,negative,indicator_light_stuck,1,True
f0e3b2a7-0c7e-4acb-b290-965f3c94c8e9,5,2026-06-07 21:45:37,mantap..sangat membantu,0,2,positive,,0,False
2a3159d3-67e6-4494-b300-f4da5785731a,1,2026-06-07 22:37:45,jaringannya parah sekali kadang urgen mau tf selalu saja lampu indikatornya merah,0,12,negative,indicator_light_stuck,1,True
5e76da20-e540-4245-ad1f-958c57272e36,1,2026-06-08 01:15:43,💩,0,1,negative,,0,False
8af5e4ff-2a57-43f7-8fac-be0960ff5380,5,2026-06-08 06:01:19,lebih mudah untuk transaksi,0,4,positive,,0,False
7510c2d2-4406-429f-9410-da826507a95f,1,2026-06-08 07:18:58,"bca mobile ada potongan tapi gak ada keterangan, meskipun gak gede itu berarti yang jelas dong di ptong apa2 nya jangan ngambil ke untungan meskipun 1000rupian 😡",0,27,negative,unexplained_deduction,1,True
c776913e-e29b-4028-ba77-901cfee10aba,3,2026-06-08 08:14:24,kenapa kok saat buka bca mobile tertera simcard tidak sesuai kenapa begitu minta veripikasi kembali pan nomor hp untuk akun bca mobile cuma ini saja mohon bantuan,0,27,neutral,,0,False
ac81c93e-fd74-4239-b284-ea16d2bcc975,5,2026-06-08 08:49:05,👍👍👍👍👍,0,1,positive,,0,False
12fff5c3-ee3d-4a66-acef-db341c4b7c14,1,2026-06-08 08:51:21,"hampir tiap mau transaksi indikator warna merahh, dan jadi lama jika mau payment",0,13,negative,indicator_light_stuck,1,True
66045d65-1dd2-4d7f-9471-f0e02aaed211,1,2026-06-08 09:26:38,bca ni gimana ya saya beli etol keterangan gagal ko saldo ilang kemana tuh di makan jurig apa.,0,18,negative,,0,False
d96e9ff0-0138-4a30-bf86-eb3d546a5994,1,2026-06-08 09:49:46,aplikasi abal2 mau masuk akun sendiri aja susahnya minta ampun. aplikasi busuk,0,12,negative,,0,False
79053a72-d4a3-48d0-b715-7de6528f1e58,2,2026-06-08 09:50:08,"kenapa saya g bisa masuk/ato vermuk di mbangking bca,,sblomnya bisa dan g ada kendala gmn gmna",0,16,negative,,0,False
dd1be5e5-e63e-4c8d-a92b-d00991c20554,5,2026-06-08 10:32:00,ok,0,1,positive,,0,False
94dd9b1b-f864-4b35-bb41-9ea863baca93,4,2026-06-08 10:35:12,"udah coba ganti kartu ATM lewat aplikasi (23/4) tapi kartu tidak terkirim tapi di SMS sudah terkirim (29/4), udah hubungi di chat hallo bca (1/5) katanya akan di proses tapi belum ada kabar sampe sekarang (8/6) saran aja nih, kalo ada kirim barang kayak gini kalo bisa dikasih resi atau info pihak pengirim biar bisa dicek kayak belanja online, karena tempat tinggal saya jauh dari jalan raya dan pelosok jadi jarang diketahui oleh kurir baru, terima kasih",0,77,positive,,0,False
2266441a-3a99-4e6d-acdf-124dbbc4399f,5,2026-06-08 12:26:48,mntap,0,1,positive,,0,False
6bf12335-57b1-4273-a6b7-e9438d0f7905,1,2026-06-08 13:48:14,saya tidak terima kode otp sudah habis pulsa 12k,0,9,negative,login_otp_access,1,True
cdbf7780-c0ca-4218-8625-553707bfe5b7,5,2026-06-08 14:08:12,good,0,1,positive,,0,False
68e058a5-59cd-4b29-ac43-2f227b0090f8,5,2026-06-08 16:02:42,"sangat membantu teller ramah,KCP prima Sunter josssss",0,7,positive,,0,False
c2b2a2cc-4e55-442c-a451-f30f874a132b,5,2026-06-08 17:29:27,sy blm bisa menggunakan aplikasi BCA mobile Karena notifikasi pakai pulsa berulang² terus,0,13,positive,,0,False
f34d2eb3-47b6-4f18-82fe-960f1700aa3c,5,2026-06-08 18:04:40,jos jis,0,2,positive,,0,False
701a1888-2dfd-4267-8a17-597898e7a723,4,2026-06-08 18:25:30,"verifikasi ktp ,tapi setelah foto ktp nya gak muncul itu gimane ceritanya?",0,12,positive,,0,False
1d154296-ea9f-4fdf-bfdf-bc55af11555c,5,2026-06-08 18:42:45,BCA tetaplah Bank Terbaik... sempurnakan terus BCA... Terimakasih BCA...,0,9,positive,,0,False
c73003ae-2ecb-448d-9b31-c32063c0ad35,5,2026-06-08 19:17:17,Sangat Mantap Membantu Sekali,0,4,positive,,0,False
07bcce49-89ea-468d-a1d0-f1a8053c2236,1,2026-06-08 19:22:07,kenapa gagal terus mau buka rekening baru lewat hp,0,9,negative,,0,False
5dffe295-151b-4cb9-9748-90ef8d28cc06,4,2026-06-08 19:29:49,"sayang ga bisa buka saldo kayaknya ada kecurangan di BCA, nomer hpnya ini juga, yg punya saya juga udah foto ,udah pake KTP tetep ga bisa payah BCA ini udah kayaknya ga usah buka bank lagi,kalo di bikin susah mah",0,40,positive,app_performance,1,True
3d4efd80-199f-4f77-8f27-06352ab02683,1,2026-06-08 20:36:05,"untuk hp kentang sudah tidak compatible, saldo saya ga bisa di ambil, parah ne BCA mobile sekarang, tidak merakyat...",0,19,negative,,0,False
44b05809-0125-441f-8ae8-e81518f19812,5,2026-06-08 20:38:43,jadul tapi mantap,0,3,positive,,0,False
d95ba076-2193-46f3-8195-e22401f96fc6,5,2026-06-08 20:56:18,Sangat puas,0,2,positive,,0,False
068c66d5-64aa-4254-9de7-017238786bf0,5,2026-06-08 21:15:31,coba dulu kalau bagua bagus saya pakai terus,0,8,positive,,0,False
383fea71-aea5-4161-beeb-dea11c94679d,1,2026-06-08 21:53:03,Jelek merah mulu,0,3,negative,,0,False
edd2f861-ea2b-4bc6-ac8e-d69450f7176c,1,2026-06-08 22:31:27,"ini BCA gmn si otp dari tadi gk ke kirim²,padahal pulsa udh di isiin",1,14,negative,login_otp_access,1,True
5156f3b9-0e5b-499e-b7ff-6d2c9e2dc2ef,5,2026-06-09 02:04:00,Good job,0,2,positive,,0,False
b49612c7-0f91-407a-812a-b7f55a85c0f8,1,2026-06-09 02:15:47,makin ksni makin boborok,0,4,negative,,0,False
f16817f2-3abd-4f08-8b0b-9b1a7ec5d061,5,2026-06-09 05:34:32,nice,0,1,positive,,0,False
4bc2d3be-b16e-498a-8498-7eb92ec79fbb,4,2026-06-09 05:48:44,"saya kasih bintang 4 dl minta bantu untuk di mutasi rekening nya,gimana kalau tiap bulan ada di e-statement nya di apk mybca nya bisa di dwonload pdf",0,27,positive,,0,False
c02fffd3-5000-4db6-b406-eb787bbc0feb,5,2026-06-09 08:33:17,good! singkat padat jelas!,0,4,positive,,0,False
9931723a-b3d8-4281-8cd6-258dd85fce29,5,2026-06-09 08:59:32,belom bisa masuk,0,3,positive,,0,False
465e7a5b-e625-4a6c-bd50-f6c5316bc774,2,2026-06-09 12:11:38,"kmrn duit gua gocap gak balik jadi kesel sm bca bukanya kasih kejelasan, ada duit masuk di mutasi tapi saldo kosong ketarik duit gak balik.",0,25,negative,,0,False
2520f0b4-e770-4035-8b84-3149c5828737,4,2026-06-09 12:25:36,kasih 4 dulu habis di update malah ada masalah di bagian transfer antar rekening dan antar bank... virtual account masih bisa di gunakan.. tolong please saya perlu transfer sana sini...,0,30,positive,,0,False
e9219f81-b842-4b98-98f0-83ea6ba48ba5,1,2026-06-09 12:26:46,"sekarang2 knpa jadi susah, pdhal sinyal ok, tp tetap merah ngga bisa transaksi. bukannya ngebantu, malah ngehambat.",0,17,negative,indicator_light_stuck,1,True
bdf3704d-d7ed-499e-ab08-a0d16be3c360,5,2026-06-09 13:52:29,good,0,1,positive,,0,False
4f50f93b-74d4-4334-8a0a-3fd1fd2ccbed,1,2026-06-09 15:46:42,maaf ya aku kepotong 1 RB ya tadinya 825 RB ah gak masalah kenapa kepotong nya 25 ya jadi 800 RB gitu pas aku sering tranfer Mulu gitu tolong yang jujur ya jangan ambil duit saya seenaknya ambil walaupun gak ketahuan transfer tapi saya sering screenshot dan sering kepotong hadehhhh kecewaaa saya sama mbanking BCA kalian jangan nabung di aplikasi mbanking BCA aku Uda sering kepotong cek mutasi nya gak ada jujur aku kecewa bangettt tolong dong admin jangan maling ngapa saya kesel jadinya hadeh😤😤,0,85,negative,transaction_failed_balance_deducted,1,True
76b05516-1c13-4f21-8810-b828ea0da052,1,2026-06-09 16:59:34,belagu lama2 ya,0,3,negative,,0,False
ddd48667-e7b8-4bba-b409-653e006a10d2,1,2026-06-09 17:01:52,aplikasi ribet,0,2,negative,,0,False
722716aa-62cf-4775-aebf-da2ce7a1ee83,5,2026-06-09 17:35:40,siip,0,1,positive,,0,False
508e7753-fb4c-43a2-ab74-6eb5b3e4e9ec,1,2026-06-09 17:37:00,"LEMOT! siapa sih yg menciptakan indikator hijau? ini biru mulu woi! BCA makin sini makin jelek! lagi antri antri dan mau bayar scan Qris harus nunggu si ijo sialan itu ada 5menit buat nunggu indikator ijo, update? SUDAH! Makin lemot! 😠😠😠😠😠😠😠",1,41,negative,"indicator_light_stuck,app_performance",2,True
c28f4812-4f69-4ba8-8641-018f48ab243a,4,2026-06-09 18:10:26,sperti biasa tergantung jaringan,0,4,positive,,0,False
e496ad1b-6a35-45b0-9af4-a8a3a503a0ec,5,2026-06-09 18:41:55,saya suka,0,2,positive,,0,False
8082cd9b-a828-4a2b-9bca-a3d0d76a3636,3,2026-06-09 18:59:36,"tiba2 merah pas mu byr gk jelas penyebabnya, pas udh byr cash baru jadi ijo warnanya ampun dah BCA",0,19,neutral,,0,False
7ba4e48c-d58f-402e-ae82-5b2c38da6811,5,2026-06-09 20:04:13,Alhamdulillah saya sangat terbantu sekali dengan adanya BCA mobile memudahkan saya,0,11,positive,,0,False
5f5180e0-ec2f-4c2d-9eb2-5ebfdf8fa085,1,2026-06-09 23:34:56,"Aplikasi sampah tapi minta update sebulan bisa 2 sampai 3 kali, baru di update minggu lalu udah minta update lagi tapi layanan tetap buruk lampu indikator sangat langka warna hijau, apakah setiap kali mau transaksi harus restart hp nya?! seribet itu padahal yang mau di pakai uang sendiri!!! sampah!!!",2,49,negative,"indicator_light_stuck,app_performance",2,True
972da6c1-a45a-405d-97ea-0521aec38b74,5,2026-06-09 23:55:17,Terpecaya,0,1,positive,,0,False
127fbe0f-9fd9-4035-a924-24866848dbd8,5,2026-06-10 01:15:31,Sangat terlindungi,1,2,positive,,0,False
9de9713d-9b07-4ab6-86e3-42c82ff138aa,4,2026-06-10 07:21:16,"error, atau kebobolan, saldo saya harusnya ada sekitar 500 an tiba tiba sisa 50rb, cek mutasi ga ada uang keluar sampe 450rb, tolong tingkat keamanan nya, trus masalah saldo saya yang hilang gimana?",0,33,positive,"unexplained_deduction,app_performance",2,True
72ebe43e-bfeb-43da-b3fd-5adb5fc502de,1,2026-06-10 08:21:02,sudah tidak support lagi untuk Andro 7,0,7,negative,,0,False
13ff6c7a-f332-4877-98b3-a2440e1564a5,2,2026-06-10 08:36:01,"kenapa ya kemarin saya baru aja buka rekening online status sudah berhasil, waktu saya coba isi saldo 50.000 saldonya malah hilang,",0,21,negative,unexplained_deduction,1,True
8d80d95c-f456-4544-a458-71909b30e994,5,2026-06-10 09:23:04,Ok,0,1,positive,,0,False
e836db30-97d1-48ff-8a11-1478cbeda150,1,2026-06-10 09:29:30,tidak bisa digunakan di luar negri. baru seminggu di luar negri aplikasi sudah tidak bisa masuk. padahal aplikasi bank lain tidak ada masalah,1,23,negative,login_otp_access,1,True
a995457c-4c11-431f-ad39-d2ac889df00f,3,2026-06-10 09:32:52,"ribet apk nya harus ada indikator hijau sama merah segala, kurang canggih sudah 2026 kocakk",0,15,neutral,indicator_light_stuck,1,True
5efd6936-6128-4ed3-9e8b-230b873bdcc6,1,2026-06-10 12:39:35,"gimana nie BCA,masak pindah hp ngk bisa verifikasi terus banking nya,pedahal email sama no hp sama,sudah di coba beberapa kali tetap aja tidak bisa,apk BCA mobile banking nya kocak,payah",1,29,negative,,0,False
27ae2c2b-d220-4b06-8c22-4a4ab4c33595,1,2026-06-10 13:38:12,"HADUHHHH... Apk di perbarui terus tapi hasil gini² aja, notif gk pernah muncul. segera perbaiki jangan pembaruan terus menerus hasil 0",0,21,negative,,0,False
a75d8874-0281-48a5-935a-6369082daa9c,1,2026-06-10 14:07:42,"di-update jadi loading lama, login jugaa susah, sering kembali2 terus, selalu keluar aplikasi sendiri padahal belum apa2 jujur kecewaa",1,19,negative,login_otp_access,1,True
7b12b716-a945-4196-8833-096f93caee2c,5,2026-06-10 15:08:57,BCA Keren Abisss,1,3,positive,,0,False
50dd2427-d179-4ee9-8aa8-e1ed2aa27cab,5,2026-06-10 17:13:52,terimakasih bca,0,2,positive,,0,False
aa427f19-ed71-49e3-a58c-7049a027ab81,5,2026-06-10 18:18:49,mantap,0,1,positive,,0,False
cf780f23-3300-47c6-8a99-a505adf75283,1,2026-06-10 18:45:46,knp tabungan saya hilang ya dari 16.298 JT jadi 16 JT 140.000 ribu padahal saya gak melakukan tf,0,18,negative,,0,False
8a104769-5dd6-4975-b5a3-b850d2fe8d8a,2,2026-06-10 19:09:40,mutasi dan beberapa inbok tidak ada isi,0,7,negative,unexplained_deduction,1,True
beee5193-5c30-4c4b-84f1-2c2299523a59,5,2026-06-10 19:44:16,sangat bagus sekali saya suka,0,5,positive,,0,False
e3f70806-6050-448d-88bb-7ef5785e1ddc,1,2026-06-10 20:55:14,"ga tutup aja aplikasinya merugikan , balikin saldo saya yg udh kepotong gara² beli token listrik tapi code nya ga muncul karena sinyal tiba² merah dasar aplikasi sampah",0,28,negative,indicator_light_stuck,1,True
95fa37d9-9e54-4169-8efe-4f2dfccf5e02,5,2026-06-10 21:12:43,Good Jobs... 👍👌🤝,2,3,positive,,0,False
f00a2526-0d7c-41bb-b155-40bc88d46ac3,1,2026-06-10 23:15:14,"sangat jadi tidak nyaman kenapa sekarang BCA tarif ADM nya 2x dalam sebulan yang biasa 1 bulan sekali ,, bagaimana ini saya nasabah lama juga kenapa skrng begini tolong perbaiki lagi jangan begitu mana ADM nya perbank kan nya mahal lagi..",0,41,negative,,0,False
5713a6b1-2f8d-45a7-b001-6fc791692aa6,1,2026-06-11 01:39:18,"input saldo selalu lambat,harusnya lewat jam 24.00 saldo sudah masuk🤨",0,10,negative,,0,False
09d0ea6d-b78c-4629-aa27-e9a77f87f718,5,2026-06-11 05:46:53,Ini update terakhir...ko masih belum bisa,0,6,positive,,0,False
80ad9f37-0e0f-4dcd-96c2-ccbcd794d12f,1,2026-06-11 07:00:04,"Perlu contoh BANK MANDIRI...apps cuma 1 ga ribet..mesin DIGITAL diluar, klo BCA mesin digital dikelonin satpam. Takut rusak mesinnya hhuuuhuu",0,20,negative,,0,False
53b0ed25-c24c-4463-a6a4-2cf6b20863b8,5,2026-06-11 08:11:36,full komplit,0,2,positive,,0,False
1132c6e6-36e2-4ff9-b6e1-ef3b4d2b087b,5,2026-06-11 10:21:49,ok,0,1,positive,,0,False
643b3beb-8834-4cdf-abf7-5575c67bf955,1,2026-06-11 12:15:53,"aplikasi ngerampok pulsa, masa isi 20 ribu aktivasi berhasil tapi pulsa habis, kocak lu",0,14,negative,,0,False
999c2728-2e35-4a1c-9e3c-abe7a3102096,2,2026-06-11 12:51:32,sy ganti hp untuk mengaktifksnnya sulutm,0,6,negative,,0,False
f8721403-e1b8-4818-b639-785c9cef2bef,4,2026-06-11 13:07:08,"ini kenapa ya uang di m bhangking kaya berkurang mlu sedikit2 tp secara signifikan?? saya inget betul jumlah uangnya selalu saya cek ,kayanya bukan perasaan saya deh. soalnya mau bayar motor ,kekurangannya tinggal sekian tp kok pas diliat nambah lg, perasaan udh berkurang buat admin perbulan deh tp kok ini kaya berkurang mlu siii coba di cek bca nya pak/bu, uang saya aman kan di bca? 🥹",0,67,positive,,0,False
466c3d34-ab4c-435f-a81f-c3c758ed1ed5,1,2026-06-11 13:42:42,kenapa susah bikin mbangking nya ya gagal terus,0,8,negative,,0,False
b095d676-e34a-4e41-83a1-06e11c9963d9,1,2026-06-11 15:07:05,tidak bisa login secara mandiri harus datang ke kantor terdekat.,0,10,negative,login_otp_access,1,True
4553640e-47ff-425f-8113-7634eb097d05,2,2026-06-11 15:07:16,buruk,0,1,negative,,0,False
43f17f55-6551-42e5-8eee-d37c24645502,1,2026-06-11 17:22:42,aplikasinya knapa sering ngelag,0,4,negative,,0,False
9ed31b84-99f9-4446-9445-4468effbf4e7,5,2026-06-11 17:36:54,"hallo, apakah memiliki bca mobile harus sudah punya kartu ATM dahulu,karna saya pengen daftar online",0,15,positive,,0,False
d8dcd25a-2b1c-4a12-8d81-adb8819aa905,4,2026-06-11 17:40:37,"indikator offline ke online lama banget, padahal jaringan tidak ada kendala",0,11,positive,indicator_light_stuck,1,True
444fcf16-2bfc-4688-8859-2ec1211be6e4,5,2026-06-11 17:59:51,pelayanya ramah dan sopan,0,4,positive,,0,False
c2fdb58d-28f5-40fa-880c-79a02984e3b9,5,2026-06-11 19:07:54,"Terimakasih tutorialnya, dengan informasi, institusi, intelektual, investasi, independen, internasional ECU sistem pengawasan lalu lintas mata uang digital di perangkat lunak desentralisasi Global Holding AI singkronisasi merajut perdamaian ekonomi dunia yang adil dan beradab ber KETUHANAN YANG MAHA ESA 💯❤️🙏☝️",0,39,positive,,0,False
c2a511ca-2287-4147-9d0e-6730c1680e9a,2,2026-06-11 19:45:19,"tolong dihapus fitur lampu indikator karna sangat annoying dan mengganggu, berkali² mau bayar sesuatu gagal mulu, mesti nunggu lampu ijo udah kaya di lampu merah aja, tapi jujur saya juga kurang tahu fungsinya lampu indikator itu apa",2,37,negative,indicator_light_stuck,1,True
73f888df-d04e-456f-a223-915199afe113,5,2026-06-11 20:04:02,"Saya pakai MyBCA sudah 2 akun terblokir karena salah sandi, akhirnya saya pakai bca Mobile, ternyata lebih enak walau ada lampu indikator gitu untuk lihat saldo dan bayar, tapi okelah ga terlalu lama nunggu berubahnya",6,35,positive,indicator_light_stuck,1,True
8976a93b-00e2-48df-a51e-d57d396aa483,1,2026-06-11 20:06:25,"aplikasi baru"" ini gk bisa di bukak",0,7,negative,app_performance,1,True
a8f91250-2b87-4b4a-8b21-d818342822ef,1,2026-06-11 21:29:53,ilangin aja tu indikator lampu nya . sumpah nyusahin klo lagi buru buru makin lelet bngt . makin kesini malah makin susah ni afk,0,24,negative,indicator_light_stuck,1,True
23450c6f-7089-4a94-b02b-33351175a423,1,2026-06-11 21:54:51,"rusak di kelola org indo mah,, bukannya naik malah menurun gk konsisten. kapokkk isi listrik pake m banking,, Dana kepotong no token nya gk masuk 😤",0,26,negative,,0,False
0fc40e45-d726-4cc6-9156-148f21c638d1,5,2026-06-11 21:56:00,Ok,0,1,positive,,0,False
e3099a9b-3d55-447e-aac0-8f54bde7247a,1,2026-06-11 22:48:02,"Sekarang BCA mobile sering eror, indikator merah terus, pdhl sinyal hp stabil jd gk usah ksh saran periksa jaringan atau suruh restart hp, tp perbaiki aplikasinya pliss",0,27,negative,"indicator_light_stuck,app_performance",2,True
3b3221aa-36e1-4c5f-aa2d-5812a87e63b0,2,2026-06-11 23:58:32,bca knpah sih ko skrang jelek bangt . padahal sinyal baguss tpi knphh ko gangguan mulu,0,16,negative,app_performance,1,True
073b5939-ec42-45ac-a889-b2a1c5dcdb84,1,2026-06-12 00:50:12,ini kenapa lagi BCA sistemnya udah error apa jaringan saya ya. transaksi lampunya merah terus ini.,2,16,negative,app_performance,1,True
f3abece9-4afd-4990-b071-8bb0b6bb3ec0,4,2026-06-12 00:50:53,lebih peaktis,0,2,positive,,0,False
caa94be0-0d8f-40d5-9cf7-250348bcf87a,5,2026-06-12 04:41:51,ok,0,1,positive,,0,False
887068f2-331a-4c55-a3fb-b4b29012a1df,5,2026-06-12 05:49:11,mantap,0,1,positive,,0,False
3a28990d-d7d1-4579-b67a-cd884e75d6d2,2,2026-06-12 07:40:31,"kenapa sih fitur hapus inbox yang sekaligus banyak nya diilangin? skrmg jadi bisanya cuma 5 itupun harus selalu masukkin sandi, dan ngulang lagi ke bagian atas. Bikin numpuk jadinya dan bikin lama, buat yang sering transaksi transfer jadi agak berat karena inbox numpuk",3,43,negative,,0,False
1a69da33-82c0-468d-997e-c5b3be07621b,2,2026-06-12 08:19:24,pelayanan lemot saya melakukan pembayara Qris di salah satu toko tidak ada keterangan gagal tidak ada keterangan sukses tapi saldo kepotong sdh laporan ke hallo bca tapi nunggunya gk tanggung tanggung harus 20 hari kerja gila sih bank sekelas BCA pelayanannya buruk bgt,0,43,negative,"transaction_failed_balance_deducted,customer_service",2,True
9cc6da96-6f0e-49ad-b64b-3280dbf24bed,1,2026-06-12 09:23:20,parah error. mana harus regis ulang. giliran regis ulang SMS nya tidak terkirim terus. pulsa masih ada. kacau ini bca makin sini makin paraaah!!!!,0,24,negative,app_performance,1,True
3406cd34-f2cc-43e9-be61-efeee2716bb2,5,2026-06-12 10:48:03,mantap,0,1,positive,,0,False
a7e878b6-624f-4fb0-be94-dd667f511af6,2,2026-06-12 11:21:48,"lampu indikator merah terus, padahal sinyal bagus. Saya buka youtube dan medsos lainnya lancar, tp transaksi perbankan indikator merah terussss...",1,20,negative,indicator_light_stuck,1,True
4c3a6398-efc3-4094-931e-f3b11e0d4c6b,1,2026-06-12 13:06:34,"permisi kak, mohon dibaca kak, 🙏🏻 kalo bisa BCA mobile bisa update lagi kak, biar nggak kayak jadul aplikasinya kak, beda dari aplikasi"" lainya kak.🙏🏻🙏🏻 semoga aplikasinya di-update lagi biar makin bagus, dan tampilan mewah, nggak ada kendala sih aman, lancar, cuman yang bikin kecewa itu tampilannya aja kurang update kak.🙏🏻🙏🏻🙏🏻 kayak jadul gitu. semoga dibaca ya kak🙏🏻🙏🏻😊",0,58,negative,,0,False
9723b5eb-c34e-4f81-903f-b74b5bbe7110,5,2026-06-12 13:26:59,pengalaman yg luar biasa sy selama menggunakan m-BCA mobile semoga lebih baik lagi pelayanan nya,0,15,positive,,0,False
3f381339-bd88-415a-bd10-fd1e57e2b582,1,2026-06-12 19:23:20,"bertahun2 pake BCA mobile jarang sekali ada kendala. belakangan ini sangat sering ""LEMOT"" banget. Padahal wifi normal/data seluler normal. sy coba test pake mobile banking bank sebelah saat itu jg normal ga ada kendala. Indikator sering nyantol warna merah dan biru lama banget, beberapa kali (cenderung ke sering) saat mau klik transaksi/transfer tiba2 indikator merah dan app ke back tiba2. jd khawatir transaksi nyendat. cek mutasi jg sering error. sudah coba tlp halo bca, blm ada solusi.",9,77,negative,"indicator_light_stuck,app_performance,customer_service",3,True
7fda2ec7-4a2f-4c32-9e63-43199235522c,5,2026-06-12 19:52:33,sangat 👍👍👍membantu,0,2,positive,,0,False
0452a05d-8976-4ddc-8b41-1d050ab40fe7,5,2026-06-12 20:00:14,blm coba,0,2,positive,,0,False
ee1c8658-8a65-4c41-8d18-ca2cc7f87f4c,5,2026-06-12 20:42:43,sangat baguss,0,2,positive,,0,False
6dade37e-a13a-4dd1-aa59-80f475e2fd84,5,2026-06-12 21:24:07,baik banget,0,2,positive,,0,False
cc8da1a9-a446-46b0-ba6a-8e0b4ce89ddc,1,2026-06-12 22:16:54,bca moblie sekarang lemot asli dah bikin darah tinggi lampunya merah mulu TOLONG DI PERBAIKI,0,15,negative,app_performance,1,True
cd485d68-a765-4657-882c-0a6b37826519,5,2026-06-12 23:21:42,oke,0,1,positive,,0,False
b73600ba-17e6-426f-91aa-d5e37ab6040e,1,2026-06-13 00:22:42,aplikasi pling nyusahin.... banyak perbaikan.... disaat urgent isi etool lemot minta ampun...,0,12,negative,app_performance,1,True
5e35e9a8-d9ed-423c-9bd2-ebd7cd254513,5,2026-06-13 00:26:09,💯,0,1,positive,,0,False
1b5f9b24-14c3-43d1-a39a-a67ee488ce77,1,2026-06-13 01:20:30,"Mbanking BCA kenapa ya udah 4 bulan gak pernah hijau. Merah terus padahal jaringan bagus, wifi lancar kenapa mbanking BCA jelek terus ya udah 4 bulan kaga bisa liat tanda warna biru & hijau. merah teruss..kenapa ya",1,37,negative,,0,False
50279875-a8ba-4202-84ab-c285b865fa29,5,2026-06-13 02:05:40,bca memang bagus,0,3,positive,,0,False
8e24d818-f6d7-4968-a07e-3e67faf59924,2,2026-06-13 06:48:31,Susah mau login ulang,0,4,negative,,0,False
fff9e2a3-729a-426b-a22c-354811003927,1,2026-06-13 08:04:34,"aplikasi sering eror,",0,3,negative,app_performance,1,True
77fb6689-1bcc-4c99-8000-a20ac61bf84d,5,2026-06-13 09:05:03,OK IS THE BEST,0,4,positive,,0,False
f0f41976-059e-4c79-a142-8d9d786b0e24,5,2026-06-13 11:08:14,mohon di bantu....ada tranferan masuk knp tak pemberitahuan notifikasinya.....terima kasih,0,10,positive,,0,False
64b9cb50-db64-4b17-99ab-2b4f768bf4f8,1,2026-06-13 11:08:27,mau verifikasi wajah juga gagal terus aneh mw login ke hp yg lain ribetnya verifikasi wajah brengsek brp kali gagal terus di tempat yg bagus juga gagal maunya gimana kesel lama lama,0,32,negative,face_verification_failure,1,True
fdc1e04e-f653-4cf2-ad02-d2ba4972b229,5,2026-06-13 11:08:57,sya suka pakai banking bca walaupun kadang jaringan masalah tetapi bca cepat kok pelayanannya makanya sya suka pakai bca 🙂 sukses selalu ya bca,0,24,positive,,0,False
86d7929c-fbea-4232-9516-e1a674769fc4,5,2026-06-13 11:43:21,👍,0,1,positive,,0,False
cd4484f5-7ba1-478a-b904-60918b0aa151,2,2026-06-13 13:17:40,kenapa si bca gue pasti 3 minggu ngak kepake harus verifikasi ulang harus beli pulsa terus baru bisa verifikasi,0,19,negative,,0,False
2b035acf-3a92-4216-b3ca-a611cbabed6b,1,2026-06-13 16:35:56,"gangguan terus ni aplikasi,nungguin kode verifikasi sms gagal terus padahal pulsa baru di isi, transaksi qris gagal tapi saldo tiba tiba ke potong,ga ada pengembalian saldo juga ampe sekarang,anehh!!",1,29,negative,transaction_failed_balance_deducted,1,True
f31a59d1-a008-4311-bde3-e000dec7db4f,5,2026-06-13 18:05:11,baik,0,1,positive,,0,False
79ce957b-c050-4c7e-9f4a-46d9e9fd3e5f,1,2026-06-13 18:19:33,lemot,0,1,negative,app_performance,1,True
e7d736ab-ca73-4a38-b411-5ce154b82a82,3,2026-06-13 19:28:38,"coba benerin sistem nya, sekususah banget harus ulang masuk keluar masuk keluar",0,12,neutral,,0,False
5fa08a53-8c71-4d01-97d0-7ca9b87278dd,5,2026-06-13 19:48:15,oke,0,1,positive,,0,False
0758f937-4d8c-453b-8f48-9a90b21cae9b,1,2026-06-14 00:55:44,m beking sya ke blokir apa kah bisa lewat online,0,10,negative,,0,False
6656bb2e-e64a-4b80-98ed-19fe2d3c7a9b,3,2026-06-14 00:59:14,"masih kurang efektif untuk notifikasi bilah atas tidak muncul setiap transaksi harunya ada notifikasi keluar masuk nya uang biar pembisnis dagang yg menggunakan qris tau info customer sudah tf jika sudah membeli barang atau jajanan, tingkatkan notifikasi.",1,37,neutral,,0,False
de7e6e9a-8089-4b83-a569-420419495c5e,1,2026-06-14 03:13:54,"ai sia iraha rek bener na perbaikan wae,di perbaikin juga percuma tetep sering lemot sia teh",1,16,negative,app_performance,1,True
227f0a8f-066e-43aa-9c7e-709d2ad2c7cd,1,2026-06-14 03:25:53,"mau perbaikan sampe jam berapa lagi,dari tadi fak bener2,makin hari makin parah pelayanan nya,tiap buka aplikasi nya lemot nya luar biasa,sekarang perbaikan gak kelar2,mending2 klo ada perbuhan,percuma perbaikan lama juga klo tetep lemot pas di buka mah",0,37,negative,app_performance,1,True
960fad36-59fa-4692-a4fb-77b348f3a39f,5,2026-06-14 04:02:34,aplikasi sangat membantu nasabah,0,4,positive,,0,False
55930a41-e1c2-4c74-9aab-1484cda0b71a,1,2026-06-14 05:37:12,beli pulsa saldo terpotong tapi pulsa tetep tidak masuk dari kemarin,0,11,negative,transaction_failed_balance_deducted,1,True
1a17a6ae-4c09-449c-aaaa-b917c15b7100,1,2026-06-14 07:12:07,"kalo aplikasi blm siap pake jangan di luncurin, 1 jam gue ngga bisa keluar dari aplikasi gara2 ngga bisa scan",1,20,negative,,0,False
fc2d824a-61b1-4aa1-b17f-69bf006a5e26,1,2026-06-14 08:05:50,"sudah berberapa bulan tidak ada perubahan dan perbaikan. Setiap transaksi cardless ataupun Qris selalu terkendala indikator yang selalu berwarna merah dan sangat lemot. Kadang bikin malu di depan kasir menunggu lama untuk connect indikator nya. Kalau alasan jaringan kurang stabil, kejadian ini tidak terjadi hanya di suatu lokasi dan jaringan pun lancar untuk aplikasi lain. Mohon segera di tindaklanjuti kendala ini. Karena aplikasi BCA mobile yang dulu sangat jarang kejadian seperti ini",5,72,negative,"indicator_light_stuck,app_performance",2,True
7ca35407-33f6-4f24-bb2f-2cc050d7828e,1,2026-06-14 08:17:06,"Aplikasi bobrok, jaringan 5G, sinyal full, pambyaran Qris Buffering terus pdahal sudah warna Hijau, untung bawa uang cash, udah feeling akan bermasalah saat pembayaran, padahal sblum ada update , pembayaran sblumnya lancar aja‼️",4,33,negative,,0,False
7ffb4b14-18ec-45fe-a2ed-b68c861eb6a6,5,2026-06-14 08:26:06,"mengapa bca mobile hari ini gangguan ya, setelah saya login, selalu ada message 205-transaksi tidak dapat diproses, mohon konfirmasi nya yaa",1,21,positive,app_performance,1,True
211c2218-4f81-4136-9db5-5f57887bf58d,1,2026-06-14 08:28:55,"ganti 1 bintang aja lah,,ga tau kenapa sekarang sering gagal klo qris",0,12,negative,transaction_failed_balance_deducted,1,True
ee55c280-fb5b-47bf-9d3e-c4b1de8fe38a,2,2026-06-14 08:40:42,apa cuma mabnk ini yang makin lama makin lelet,0,9,negative,,0,False
dc9e773a-d4ca-47f7-87ca-2aabcffd24c6,2,2026-06-14 08:41:24,"Makin kesini bukannya semakin membaik, malah sebaliknya 👎",0,8,negative,,0,False
e2c436fc-408f-4bd8-9cc9-587ce737c2d9,1,2026-06-14 09:00:26,transaksi qris gagal saldo hilang!!!!!,2,5,negative,transaction_failed_balance_deducted,1,True
ffabea0f-d977-498b-86e6-505999f59a41,5,2026-06-14 09:11:27,nyaman dipake,0,2,positive,,0,False
d207dc2e-ad20-4cc3-9f76-abb81c4998ba,5,2026-06-14 09:32:58,kirim kode otp tapi gak di kirim kirim sama bca,0,10,positive,login_otp_access,1,True
21dddaf2-eac6-4d36-8950-366307294c9e,4,2026-06-14 11:30:23,"bayar pake Qris kok sekarang sering bgt notifny merah, kalaupun jadi lamaaaaa bgt prosesnya akukasih bintang 4,5 krna cuma itu yg bermasalah",0,22,positive,,0,False
fc40b24a-e37a-400f-ab53-6a1c1b557ac3,1,2026-06-14 11:52:49,"tolong dong ini gimana sih, saya melakukan transaksi qris gagal mulu, cek saldo malah kosong, malah kepotong dimutasi pdhal transaksi ga berhasil, tolong lah segera dikembalikan saya perlu sekarang",0,29,negative,transaction_failed_balance_deducted,1,True
33c0c4ec-961c-405e-9dcd-5e00b4654958,3,2026-06-14 12:14:31,"Qris saya gak bisa buat pembayaran, gimana caranya agar qris saya berfungsi dgn baik",0,14,neutral,,0,False
f1b137d8-ea9a-4255-913f-cfd683089613,3,2026-06-14 12:17:50,semenjak update versi baru kenapa yah kalo menggunakan wifi lampu indikator nya merah terus ga jadi biru atau hijau jd ga bisa transaksi nih mohong kalo ada yang tau cara mempebaikinya share donh,0,33,neutral,indicator_light_stuck,1,True
caf4d691-baea-4656-a995-453350f2b516,5,2026-06-14 12:32:20,Mantap ⭐⭐⭐⭐⭐,0,2,positive,,0,False
249695c2-faf3-4b51-b1ec-35068c49f945,1,2026-06-14 13:55:05,jelek bayar qrs gagal tapi saldo kepotong,0,7,negative,transaction_failed_balance_deducted,1,True
c3ba4b1e-3dcc-448c-bd50-6449c49647e3,2,2026-06-14 13:55:46,susah banget verif wajah,1,4,negative,,0,False
76814ba7-5a26-4751-aa70-cfe6d40363aa,5,2026-06-14 15:02:26,sangat membantu segala hal dgn cepat,0,6,positive,,0,False
7d0950ef-9b0c-41fd-92fa-9d769d56da29,1,2026-06-14 15:24:55,kak kenapa saya tidak bisa tarik tunai padahal saldo ada dan kartu atm baru,0,14,negative,,0,False
8b5640a5-49dc-46b5-bb1b-65e9adbe0b6b,2,2026-06-14 16:53:56,ini kenapa indikator merah terus...gimana mau transfer kalo gini,0,9,negative,indicator_light_stuck,1,True
0e38c9d2-1050-4dd9-ad2e-05503eadd5b2,3,2026-06-14 16:57:13,"pusing saya pas ganti hp m-banking saya pindah ke hp baru close terus, mungkin disangka penipuan, padahal udah jelas saya masukan no ID nya",0,24,neutral,,0,False
7b2f1e5a-0d1b-4990-81e8-4ed6c5594119,3,2026-06-14 17:12:36,Kenapa ga bisa pindah device ya? Sy ganti HP. Sim card sudah di sim 1 dan tersedia pulsa. Tp SMS hanya terkirim saja tidak ada respon atau terima reply. Bagaimana mengatasinya? jd repot gak ada mbanking.,0,36,neutral,,0,False
9c2e28de-ab79-4fc3-a8da-a826d264044b,5,2026-06-14 17:35:34,Bagus semoga bermanfaat,0,3,positive,,0,False
ee0ae929-7706-4e3c-b9df-f4af07b0a06d,3,2026-06-14 17:41:03,"sebenernya semuanya bagus,.. hanya pembayaran qris saja kadang suka gagal tapi saldo terpotong dan perlu beberapa waktu untuk dana refund tolong lebih di perbaiki dan di tingkatkan kinerja aplikasinya dan untuk fitur tidak ada perubahan atau penambahan fitur seperti aplikasi perbankan lainnya..",3,42,neutral,transaction_failed_balance_deducted,1,True
6857c166-d3a9-43aa-8c6f-cd6bac1110ac,2,2026-06-14 17:43:56,kenapa yaa saya melakukan pembayaran QRIS gagal tapi saldo nya kepotong bingung,0,12,negative,transaction_failed_balance_deducted,1,True
690466f8-bbc0-4865-ad06-5f141640d134,2,2026-06-14 17:49:53,"ini bca knp ya, transaksi pake QR gagal tapi saldo berkurang",0,11,negative,,0,False
54298e54-7141-4d23-8cb0-4ee70b48dbf6,1,2026-06-14 18:57:40,jadi lemot banget sekarang!!,0,4,negative,app_performance,1,True
de6f8b27-8a24-41d1-97dc-2667eae9b238,1,2026-06-14 19:02:48,"sebagai pengguna yg selalu menggunakan qris sangat menjengkelkan karena aplikasinya nyusahin banget buat dipakai, jaringannya tidak jelas kadang ada kadang hilang hilang,tolong diperbaiki ,kesalahan seperti ini suka bikin antri di kasir",0,31,negative,,0,False
8ed2de34-b1d6-434a-b9f9-b8f472bce4bd,1,2026-06-14 19:34:46,"saya kecewa dengan bca sekarang, saldo saya sudah berkurang di mutasi rekening, tapi transaksi saya melalui qris gagal.., saldo saya sudah berkurang ini gimana ya",4,25,negative,transaction_failed_balance_deducted,1,True
c5bd676d-fcc5-4e56-a3bc-cdf4f0ce20bf,2,2026-06-14 20:05:17,uang hilang 50 ribu,0,4,negative,unexplained_deduction,1,True
6a6b3d53-8787-41d7-90a8-e7528aa2cb28,4,2026-06-14 20:05:19,sangat membantu sekali.,0,3,positive,,0,False
e76e5b9d-b1fa-4f1f-ae20-7f4a6e5e6ea0,5,2026-06-14 20:05:35,"memudahkan bertransaksi,mantab",0,2,positive,,0,False
79ea0083-c03d-4bd3-8a97-013bbf505b32,5,2026-06-14 20:32:39,bca ok,0,2,positive,,0,False
024746fd-5fa0-438a-8676-23f05aed767b,3,2026-06-14 20:41:44,sistem pemotongan saldo jika gagal transaksi Qris yang menyebalkan. kalau tidak telpon CS saldo pun tak kembali.,0,17,neutral,"transaction_failed_balance_deducted,customer_service",2,True
9eb15074-4873-460d-93ed-5f5080531fe8,2,2026-06-14 21:53:28,apk kudu sinyal kuat biar ijo aneh bener,0,8,negative,indicator_light_stuck,1,True
cc32e959-7968-4ca2-9228-c77600747b8c,3,2026-06-14 22:06:45,lampu indikator di saat qris di perbaiki masa tahun ke tahun gini terus,0,13,neutral,indicator_light_stuck,1,True
12259f0b-a477-4f1b-b824-18162c90c156,1,2026-06-14 22:11:53,BCA sekarang sering error jika transaksi menggunakan Qris. lama juga baliknya kl gagal transaksi,0,14,negative,"transaction_failed_balance_deducted,app_performance",2,True
fb67e8cb-06d2-4b48-a591-d6c1c993e717,5,2026-06-14 22:32:09,BCA Mobile the best,0,4,positive,,0,False
0eb959ba-faf2-4987-835d-e43232ad20d7,2,2026-06-14 22:32:11,"kenapa sekarang mbca banyak errornya, baru jg update tp langsung di kasih layanan error. Saya bayar QRIS, awalnya gagal, KETERANGAN LAYANAN TIDAK BISA GUNKAAN, terus di coba lagi ke dua kalinya baru berhasil... TAPI KENAPA REKAP MUTASINYA TETAP DUA KALI, DAN POTONG SALDO PUN JADI 2X, Kalaw memeng gagal, harunya gak memotong saldo, kenapa ini Transaksi yg GAGAL pun masih motong saldo, hadreeuuuh... merugikan nasabah kalaw begini terus,",2,68,negative,transaction_failed_balance_deducted,1,True
a47140a7-b5cd-423b-93ef-fefedf6edf79,1,2026-06-14 22:47:33,"sudah 2 kali terima transferan gak masuk2.. kebangetan.. padahal dari pihak orang yang transfer udah jelas sukses, tapi gak masuk ke rekening saya..",1,23,negative,,0,False
11f7e422-1050-4e95-935b-3e38966e28f6,5,2026-06-14 23:10:13,memudahkan,0,1,positive,,0,False
324ec94b-aeac-4055-8473-1e68627dee1e,5,2026-06-14 23:28:50,Mempermudah transaksi,0,2,positive,,0,False
41d24dd0-fb6e-456e-8992-c1665f76d251,5,2026-06-14 23:47:23,"tolong dong diperbaiki lagi, akhir² ini sering sekali gangguan. transaksi kita jadi terganggu. terimakasih",0,14,positive,app_performance,1,True
e9ee68b4-93ad-4113-8517-2ca1a075d005,1,2026-06-15 00:29:28,"sinyal bagus tapi tiap mau transaksi pake qris bikin kesal , lampu indikator warnanya biru mulu",0,16,negative,indicator_light_stuck,1,True
0284e978-d282-4fba-b335-907b91924dab,1,2026-06-15 00:38:10,"Tadi siang sdh sy update, giliran di pake malam jam 22-an masih merah terus lalu sy lihat lagi jam 0:35 suruh update lagi, ini knp bisa begini aplikasi mbanking BCA ada apa se..? masa hrs terus²an update berkali².",0,38,negative,,0,False
43ad2b13-3709-44d0-a330-7d1ac4509e3e,1,2026-06-15 00:56:15,aplikasi jelek bgt dah. ada transaksi error malah kepotong saldo. gmn si,0,12,negative,"unexplained_deduction,app_performance",2,True
37a321f9-d752-408b-9958-e8ead759b7ac,2,2026-06-15 01:01:49,"setiap menggunakan paket data internet (tidak menggunakan wifi), indikator lampu selalu merah",0,12,negative,indicator_light_stuck,1,True
e3d8b108-f5a2-4e56-9f3c-e452c2a68151,5,2026-06-15 01:34:31,mantap bca,0,2,positive,,0,False
8b38ba55-d005-424c-a7b4-c1b7868111bb,1,2026-06-15 02:33:14,"gak bener nih bank, setiap transaksi Qris gagal tapi saldo ILANG sialan....",0,12,negative,transaction_failed_balance_deducted,1,True
e8a9b7fc-6b78-4126-a9db-a8a4f3429d44,5,2026-06-15 02:43:58,"terimakasih Bank BCA, sangat bagus",0,5,positive,,0,False
cd90122b-3ad9-4c60-ae38-22973181a016,1,2026-06-15 03:25:49,"Tolong dong bca, udah sering berapa kali setiap Q-ris eror, sekarang juga 2x transaksi 1 berhasil 1 nya ga berhasil otomatis saldo kepotong tapi saldo ga balik, hubungin customer ga direspon, sering begini bca kemarin pulsa ga balik saldonya, skrang juga kacau emang",1,43,negative,,0,False
f8be6d85-2ad8-49c1-99cc-9197d7b43eea,5,2026-06-15 06:26:45,okay,0,1,positive,,0,False
86c224b8-4d2a-472e-bbf5-989b9d95119a,5,2026-06-15 08:17:23,Bisa gak aktivasi kartu baru lewat Bca Mobile,0,8,positive,,0,False
8fe4c71c-5f1a-48fc-a10d-088374d53147,4,2026-06-15 08:42:36,kenapa gak ada paylater buat nasabah bca... bukanya pemerintah menurunkan dana ke pada bank2 Himbara SE indo,0,17,positive,,0,False
77906bcc-c88a-41cf-925a-4fd387b43e9b,5,2026-06-15 09:41:58,sangat membantu,0,2,positive,,0,False
733327a0-716a-4e85-b334-dcb9e682966e,1,2026-06-15 10:22:29,tambah jelek banget aplikasinya krn sdh tdk bisa lg login semenjak ganti hp krn hpnya yg dulu lg hilang. padahal data yg dimasukkan sdh benar semua tapi tetap aja gk bisa masuk,0,32,negative,login_otp_access,1,True
86012cbc-8ba7-450f-a2b9-4a30706ec5eb,1,2026-06-15 10:41:53,proses pengambilan gambar tolong diperbaiki.. yg e walet sja sudah sangat cepat n responsip.. knpa bank bca yg besar kurang responsip..,0,21,negative,,0,False
4157db15-fc4f-4c21-aca4-2671ec3b0113,4,2026-06-15 11:00:44,kenapa transaksi qris saya eror tapi saldo saya kepotong dari kemarin dan belum kembali saldo saya. mohon penjelasanya bos,0,19,positive,transaction_failed_balance_deducted,1,True
8afee324-f5a9-42f0-b5dd-76e6030d08be,4,2026-06-15 13:56:27,"kenapa ya skrng transaksi nya agak lama . merah trus padahal jaringan stabil , dlu ga kaya gini deh",0,19,positive,,0,False
4207774d-709e-4d4d-ae50-f08706feb74a,5,2026-06-15 14:01:20,untuk semua transaksi ok banhet tp terkadang kendala disignal,0,9,positive,,0,False
9ad7bf40-3f4b-4fa4-b39d-c4a063c46a04,5,2026-06-15 14:09:15,"edit ulasan bintang 1 ke bintang 5, QR saldo yang gagal sudah kembali 1x 24",0,15,positive,,0,False
4c1dca87-ded9-46db-bf47-7bd6b30942a0,1,2026-06-15 14:22:06,"jaringan lamban, pindah akun ke lain HP susah minta ampun. banyak banget kekurangan nyah!!",0,14,negative,,0,False
80c5825b-8867-4d43-ad58-ab25b2764877,1,2026-06-15 14:32:22,"payahh, 20 hari kerja tapi di undur terus menerus endingnya zonk, komplen tp cs nya ketikannya kaya marah. ga sigap bgt kalo soal masalah aneh. pembayaran qris saldo udah kepotong tapi ternyata ke pending. akhirnya sampe sekrang saldo pun gabalik selama 20hari kerja. percuma komplen juga, alesannya lagi diperiksa oleh analis",0,51,negative,"transaction_failed_balance_deducted,customer_service",2,True
78f4b655-fc0d-4f65-b5e8-6e9a27781c3f,4,2026-06-15 14:44:50,bagaimana agar ada notifikasi transaksi,0,5,positive,,0,False
0907db43-5f91-43c8-8c56-5ebe93d33eef,5,2026-06-15 15:54:24,sangat membantu di saat genting,0,5,positive,,0,False
88a93195-be2b-4def-bf4b-7040bec95240,5,2026-06-15 15:55:08,amazing,0,1,positive,,0,False
42bd01fc-06b2-44f2-95b0-b29cd296ff6b,1,2026-06-15 16:24:31,kenapa aplikasi keluar - keluar terus...dan tidak dapat diproses,0,9,negative,app_performance,1,True
2b69fdbc-df16-4fc8-9754-484a5ddad298,1,2026-06-15 18:02:40,ini kenapa sih bolak balik centang,0,6,negative,,0,False
46868b44-ed7c-42db-b7a9-01235efd9362,5,2026-06-15 19:25:13,matap,0,1,positive,,0,False
d7fb07e3-81c1-4a65-97f0-37954c78f29f,5,2026-06-15 19:32:40,terbaik,0,1,positive,,0,False
63eb5bba-287d-4eff-9511-e555b427c5aa,5,2026-06-15 19:59:12,"Jujur BCA emang paling the best, saya berani ngomong begini karena se pengalaman saya 2 hari lalau. Dimana saya tarik tunai via cardles lalu uang saya nyangkut/nggak keluar, lalu saya wa dan telpon cs pakai apk haloBCA dah CS nya responnya baik banget, sopan, jujur, teliti dan benar-benar melayani costumer itu dengan sepenuh hati dan wow keren sih BCA memang the best 👍👍👍🙏🙏🙏 susah di nilai dan di apresiasi dengan kata-kata sangking keren banget ini BCA. intinya mantappp, terbaik, luar biasa",0,81,positive,customer_service,1,True
cef7db38-0b02-49c9-bb58-9737e6c90ef3,5,2026-06-15 20:41:15,aplikasi ini sangat mudah dan sangat membantu dalam bertransaksi,0,9,positive,,0,False
36900bda-1792-4caa-84e3-8f5b468e2b82,2,2026-06-15 22:48:37,makin kesini makin payah siyal bangus tapi lampu merah terus sampai gak bisa buat transaksi aneh makin gak jelas,0,19,negative,indicator_light_stuck,1,True
9657e188-3b43-400f-8c6d-ea4131bc4652,1,2026-06-15 22:48:40,bisa di bantu perbaiki saat mau masuk aplikasi selalu kosongkan riwayat tiap hari haru install ulang aplikasi san selalu sedia pulsa untuk verifikasi jadi males kalau urgent dan mau payment,0,30,negative,,0,False
ed21023e-8080-40ae-a23a-fceb454ab789,5,2026-06-15 23:07:39,okey,0,1,positive,,0,False
3036f6f3-79bf-46c4-9413-e61cfe191702,2,2026-06-16 00:23:22,"paraaaahhhh bgt buat ke warna hijaunya,,, lemotttt susah buat TF sama lihat saldo aja lemot,,, parahhh lah",0,17,negative,app_performance,1,True
399aa51e-cf92-402e-85f8-17224786bb55,1,2026-06-16 07:53:58,Saya kecewa sekarang. Kenapa biaya admin nya jadi mahal banget. 3500x3. saya transfer lewat aplikasi kredit grab ke bca mobile 50rb. tp adminnya 11rb lebih. Minggu kemarin cuman 500 perak. kecewa banget melebihi admin dari ovo ke bca mobile yang 2500 biaya adminnya.,1,43,negative,,0,False
ed89014d-3674-4af3-89b9-b49c078ea637,5,2026-06-16 09:26:10,sangat membantu sekali,0,3,positive,,0,False
d7611e06-b79c-4b7a-8f8e-2a862af58a58,5,2026-06-16 11:06:19,tlg aktifkan kmbali M.Banking sy,0,5,positive,,0,False
7de4f462-8fe1-4d7f-9784-3b9f42a48e4b,5,2026-06-16 11:27:41,Sangat menarik produk nya dan membantu.,0,6,positive,,0,False
3cc4b7e0-d472-4876-89ec-f0f66fe0360a,5,2026-06-16 11:29:20,mantap,0,1,positive,,0,False
9d3d76ed-7548-4c30-995b-cea449fc98de,5,2026-06-16 14:33:00,Sangat bagus aplikasi ni,0,4,positive,,0,False
dbf22f69-5fd7-4aa8-bade-df76cdd78981,1,2026-06-16 14:42:21,mohon maaf sy kasih bintang 1 ternyata app masih belum stabil sdh direstart tetap indikator birunya ga muncul,0,18,negative,indicator_light_stuck,1,True
99c1770f-142e-4c61-b470-82682d4814d3,1,2026-06-16 15:06:34,"sampai kapan Verifikasi Photo gagal terus.!! sekelas bank besar BCA, punya aplikasi buruk yg produk gagal. nasabah complaint, yg di salah kan, jaringan lah, pulsa lah, perangkat lah. aplikasi nya saja yg BURIK di perbaiki , bukan salahin nasabah !!!!",0,40,negative,,0,False
34c8c1f9-71ec-4a3e-a33c-6f46dc2b70eb,5,2026-06-16 15:18:06,berguna banget,0,2,positive,,0,False
c4010c68-3f7c-4681-8b73-87326b10570b,5,2026-06-16 15:37:11,bagus,0,1,positive,,0,False
f2ec4cb3-f4e7-414c-91f0-3f08c4eaea45,4,2026-06-16 15:42:43,mantap langsung Sukses,0,3,positive,,0,False
d17fb87c-9176-4bd6-aa7f-c7257f9313d4,5,2026-06-16 16:18:07,Susahhh buat loginnnnnnn,0,3,positive,,0,False
c5e1cff2-dd99-4763-aad4-9238dab70962,5,2026-06-16 16:52:39,"verifikasi wajah gagal terus heran knp yah tolonglah ditingkatkan kemudahanya jgn dipersulit tinggal ferivikasi wajah doang gagal mulu aneh ujung""setelah telfon dgn cs panjang lebar endingnya disuruh verifikasi langsung ke kantor jabang luar biasa👏best🤝",0,34,positive,"face_verification_failure,customer_service",2,True
d8b92ff8-ce00-45c2-b03e-33b217596adb,1,2026-06-16 16:55:44,"buset, ada transaksi bifast kgk masuk, kacao",0,7,negative,,0,False
65fd95fe-a911-4fdc-8b40-ca131d7dce3e,2,2026-06-16 18:05:07,lampu indikator merahnya terlalu lama. sangat tidak nyaman sekali untuk transaksi yang butuh cepat.,0,14,negative,indicator_light_stuck,1,True
a2f3091b-620d-4e42-a420-0bffb9542ab3,5,2026-06-16 18:17:00,very easy to use,0,4,positive,,0,False
a154a497-eff4-465f-a4f6-9065fad172de,5,2026-06-16 18:21:23,kenapa mutasi saya ketika melakukan transaksi apapun tulisannya berwarna hitam,0,10,positive,,0,False
99e9e0c3-e7b9-455c-9465-822d2a1a07bc,1,2026-06-16 18:48:34,"Kenapa tidak bisa digunakan atau update? kenapa malah lambat dan down setelah di update ? masih tetap lemot, kadang keluar2 sendiri saat transaksi.. IT BCA Kerjanya ngapain. ?",0,28,negative,app_performance,1,True
5c2de994-b8bd-4d90-b36b-5784dc1e7466,5,2026-06-16 19:53:16,bagus,0,1,positive,,0,False
32546add-0865-40c5-a36c-0e934037be4c,3,2026-06-16 20:57:32,aplikasi paling susah cara penggunaannya dan kurang transparan di banding m banking lainnya.,0,13,neutral,,0,False
06d848c9-040f-4585-8d05-aa4137545b0c,5,2026-06-16 21:22:48,sangat membantu,0,2,positive,,0,False
744a8f35-6e05-4621-99bc-f6655954425c,3,2026-06-16 21:40:55,Udh sejam indikator merah terus...padahal sinyal penuh ditengah kota...nyetel youtube atau tiktok lancar,0,13,neutral,indicator_light_stuck,1,True
24ed0d0b-b806-4b3f-ac36-a82af1c5f541,2,2026-06-16 22:44:42,"ini kenapa gak bisa transfer antar bank ya? transaksi lain juga susah,sinyal juga mesti bagus",0,15,negative,,0,False
80ae4d63-be71-422c-a0e0-e17fb03e70bd,1,2026-06-16 23:11:34,mangkin kesini mangkin lelet banyak gangguannya ngeselin sayah mau bayar bayar sampai ga jadi banyak gangguannya parah parah,0,18,negative,,0,False
4a08d9db-2a3d-4c77-ab7c-fd8bef5201dd,1,2026-06-17 01:07:23,skarang ko makin jelek kualitasnya.. indikator merah terus sinyal bagus wifi bagus jg gk ngaruh.. jd males pake nya lg,0,20,negative,indicator_light_stuck,1,True
cc9eb987-4d4d-4e5c-bd3a-3fa06b3bf667,2,2026-06-17 01:43:27,"makin gajelas ini apk, pas lagi butuh²nya malah indikator merah udh 1 jam gak bisa digunakan. jaringan full internet lancar udh restart hp berulang tp sama aja. tolong perbaiki 🥹",0,30,negative,"indicator_light_stuck,app_performance",2,True
22fe448f-79f2-4542-8fc3-5d17eec9694e,5,2026-06-17 02:09:41,kenapa saya tidak bisa pinjam lagi dana instan,0,8,positive,,0,False
86264e98-0249-4b48-980e-0091c20a6d92,1,2026-06-17 09:23:51,"tolong perbaiki untuk lampu indikator nya dari merah ke biru dan hijau sangat lama skali,kadang masih harus pakai wifi baru bisa,padahal jelas2 internet data sya lancar banget",0,27,negative,indicator_light_stuck,1,True
2eb3c0e0-00bc-4294-9f3e-1aa2a30c8918,3,2026-06-17 14:51:08,"BANK BESAR TAPI PERMASALAHAN LAMPU INDIKATOR GAPERNAH SELESAI², SAYA UDAH NONTON YOUTUBE 1080P AJA LANCAR, TAPI KOK PAS MAU TF DIWAKTU YANG SAMA LAMPU INDIKATOR NYA MERAH TERUS?? PADAHAL SINYAL SAYA LANCAR LOHH, TOLONG DONG SEGERA DIRESPON KELUHAN NASABAH, BANK BESAR TAPI PERMASALAHAN GITU AJA GABISA SELESAI SAMA AJA SAMPAHH.",0,50,neutral,indicator_light_stuck,1,True
dc97b089-42c6-4ba6-80e6-5071ae5a1a49,1,2026-06-17 15:39:57,aplikasi jadul,0,2,negative,,0,False
e6746c09-0a70-43c1-bafd-dbc3d87bf4cc,4,2026-06-17 17:24:00,"aplikasi cukup membantu saya bertransaksi secara online.Namun bbrp hari terakhir ini saya mengalami masalah,karena tidak bisa melihat Inbox transaksi.Saat mencoba membuka Inbox transaksi,selalu hang,lalu keluar otomatis dari aplikasi.Saya sudah coba menghapus Cache. Tapi tetap tidak bisa membuka Inbox transaksi.Mohon bantuannya.",7,40,positive,,0,False
d624c6df-65cb-414b-9a44-8d67d08c45ee,5,2026-06-17 17:53:39,Sangat puas,0,2,positive,,0,False
4435cea7-342d-48d7-888d-78b00bd66ed1,2,2026-06-17 18:39:25,lampu indikator yang payah,0,4,negative,indicator_light_stuck,1,True
af4eeb0a-7f27-4ec7-938a-2d90e59f50f6,5,2026-06-17 19:06:57,"halo tim developer bca mobile, aku pengguna baru bank BCA, aku mendapati error verifikasi wajah dimana camera tidak mau terbuka dan langsung terpental ke home screen login BCA Mobilenya, untuk device yg saya gunakan di android 16,tolong perbaikannya terkait Bug di android 16 ini, lebih tepatnya saat verifikasi wajah yg tidak mau terbuka pada saat pendaftaran akun",0,57,positive,"face_verification_failure,app_performance",2,True
7342ca2f-b41b-4d21-9f41-afc0b4c25ec7,1,2026-06-17 20:16:23,"lampu indikator hijau, tapi ketika ingin TF langsung berubah biru dan eror, mohon diperbaiki",0,14,negative,"indicator_light_stuck,app_performance",2,True
d77145ee-8fc0-483e-9197-b830ac1b6ba5,5,2026-06-17 20:20:15,Bagus..!,0,1,positive,,0,False
47d36302-dc9e-472f-9670-90a8ddac3a49,2,2026-06-17 22:27:36,"parah lemot, bug tidak bisa kebuka lampu indikator merah terus sinyal 5g kuota full parah parahh, bagaimana dengan kondisi yng sedang mendesak",1,22,negative,"indicator_light_stuck,app_performance",2,True
688f91d3-7c05-42b6-90fd-7d358305a076,1,2026-06-17 22:51:45,aplikasi bego. jaringan jadi lebih sering warna merah padahal sinyal full & kuota/internet available! tolong perbaiki secepatnya! aktivitas banyak terganggu!,2,20,negative,indicator_light_stuck,1,True
aa6b87b4-ef17-4d2b-9ce1-190e8893a27f,1,2026-06-17 22:55:41,dulu aku bangga dngn aplikasi. aplikasi ini simple cepat..tapi kini semua mulai meredup..trutama hny Krn lampu indikator yg bikin transaksi gagal..dana terpending..QRIS pun byk gagalnya Krn lampu indikator..tolong ditinjau ulang... demi kelancaran..kita bayar admint bulanan sbg kewajiban nasabah maka kami Pny hak untuk nyaman dan tenang dlm transaksi jgn kaya gini gelisah alias teu PD,0,55,negative,"transaction_failed_balance_deducted,indicator_light_stuck",2,True
3f9134bc-6712-494e-a701-b02f399f0874,5,2026-06-17 23:08:01,sangat bagus,0,2,positive,,0,False
41c25aea-aef0-4604-ae13-44527df36859,5,2026-06-18 00:04:32,good,0,1,positive,,0,False
1b36e07b-94c3-44dc-8486-7d7f2d43decc,3,2026-06-18 00:39:25,"aplikasi mbca saya lemot, terbukanya lama, bagaimana mengatasinya",0,8,neutral,app_performance,1,True
e6d559ce-d829-4209-b244-ebb3da448bac,1,2026-06-18 00:43:08,malam hari kenapa ga bisa di gunakan BCA mobile. sangat mengecewakan. lebih baik sangat bagus mandiri. koneksi lancar terus. jelek BCA mobile,2,22,negative,,0,False
fbf2bdb3-2d73-4ee5-a47d-a4a87ad78213,1,2026-06-18 01:09:11,"indikator merah terus udah pke data pake wifi tetap aja, pedahal signal dan jaringan bagus .. harus buka close terusss.. maaf bintang 1",0,23,negative,indicator_light_stuck,1,True
ba8c946f-208d-41c1-979f-d15c6831521a,1,2026-06-18 01:10:06,"tolong diperbaiki kualitas indikator sinyal,beberapa transaksi pembelian sampai ke db 2 kali perkara indikator",0,14,negative,indicator_light_stuck,1,True
ce7f0888-1301-4051-9cc7-12c6e6dcaee8,5,2026-06-18 01:12:49,transaksi lebih mudah dan cepat di segala penjuru daerah,0,9,positive,,0,False
874d4037-029c-47bb-af6d-a82a2387ac0f,1,2026-06-18 08:17:29,bca harus nya ga pake lampu indikator masih kaya jaman kadal aja. masalah safety bca udah pasti unggul lah dgn aplikasi lain. tolong di pertimbangan kan lagi pihak bca. terimakasih,0,30,negative,indicator_light_stuck,1,True
c4cd5534-6e92-4912-9f81-687ee2b3d3b0,5,2026-06-18 10:02:49,bagusss,0,1,positive,,0,False
2c34c69d-a28a-4e27-a3d9-97cf3cd1cbe0,2,2026-06-18 10:12:12,setiap buka apliaksi merah terus ga bisa d pake. harus beberapa kali,0,12,negative,,0,False
b23195b2-25ea-44b4-be53-c1f74f10ac92,5,2026-06-18 11:19:32,selalu melayani dgn sepenuh hati,0,5,positive,,0,False
8bb8fa0b-0960-4606-8f25-ffca32ecc5f7,1,2026-06-18 12:04:38,"sama seperti kebanyakan komen yg lain indikator merah ke hijau lemot, padahal aplikasi yg lain di waktu yg sama normal aja. jangan di bales komen ini dengan suruh matiin hp dulu atau restart sinyal nya ke mode pesawat, itu udah sy lakuin berulang kali berarti bukan salah sinyal, bukan salah hp, bukan salah operator, perbaiki lagi aplikasi nya, koreksi aplikasi nya, jangan nyalahin pihak ke 3",9,66,negative,"indicator_light_stuck,app_performance",2,True
ada6c788-ba4b-44f5-985e-9c7a3eb7ead5,5,2026-06-18 13:12:25,"Belum di cek min, nanti kalo udah di test, saya kasih tau, okeh? 😀",0,14,positive,,0,False
9cfca129-68c7-4b7e-b6a0-1663e27b721f,1,2026-06-18 13:33:59,"aplikasi apaan ini susah amat,. buat verifikasi wajah selalu gagal kalau kiranya gak bisa di perbaiki buat apa di buat bikin susah aja",0,23,negative,face_verification_failure,1,True
a5f1d275-51b7-4d74-b8eb-931b3e3b7a1d,3,2026-06-18 15:27:23,Ko skrg lebih susah nge link nya...Lampu Indikator lebih banyak Merah...padahal jaringan saya Aman. tolong perbaiki Min,1,17,neutral,indicator_light_stuck,1,True
42ecc0bb-f126-4227-b45a-8852bbeaaeb6,1,2026-06-18 15:57:25,sistem BCA QRIS tolong diperbaiki lagi..gagal TF tapi saldo kepotong.. sampai sekarang saldo belum balik lagi.. apakah responsif dari sistem BCA QRIS tidak bisa merespon bahwa gagal transfer dan saldo dikembalikan...,0,31,negative,transaction_failed_balance_deducted,1,True
477eb362-4b6a-4e80-98d4-ed24d3f3e9b2,5,2026-06-18 17:01:22,mantap,0,1,positive,,0,False
8ed8f2ec-6f12-460f-a597-897710664fde,1,2026-06-18 17:12:34,UANG SAYA ILANGH,0,3,negative,unexplained_deduction,1,True
93797b9d-efeb-4d38-a02b-cf262e141e7a,3,2026-06-18 19:02:19,skrg BCA lama lampu ijo nya mau transaksi lama.jengkel SM BCA skrg,0,12,neutral,indicator_light_stuck,1,True
6f18360b-3eac-4ea6-9d6f-8d6d54d56fd5,2,2026-06-18 19:25:09,"sudah kesekian kali top up flazz transaksi gagal tapi saldo kepotong, tolong kalo lagi ada gangguan minimal ada notifikasi",0,19,negative,transaction_failed_balance_deducted,1,True
cdc40b9b-2941-4411-9c4d-483b86b32f4f,1,2026-06-18 19:35:48,sinyal bagus tapi muter2 terus perbaiki lah bios.,0,8,negative,,0,False
55b9c0c1-c2ab-44bd-b25f-179c0b2def88,5,2026-06-18 21:43:58,membantu,0,1,positive,,0,False
dfd4f05f-88bd-45c3-a2fa-018322ed21f0,1,2026-06-18 22:08:51,"aplikasi tidak bermitu baru juga buka rekening mau pasang mbanking nya juga ehh tpi di suruh dirumah aja daftar nya giliran daftar verifikasi wajah gagal terus asw ge dah nyoba 4 hari berturut"" kagak bisa terus harus gmna gw ??? bolak balik BCA ?? OGAHHH",0,45,negative,face_verification_failure,1,True
24c6f6bc-2980-42e0-a85a-6e7353b93606,1,2026-06-18 22:26:26,di update ke versi baru bukannya tambah bagus malah tambah jelek banget...!!! Sangat tidak puasa dengan BCA Mobile yang versi baru...!!!👎👎👎👎👎👎,0,21,negative,,0,False
9349c6af-dfa0-4576-b663-0f51c06ad552,1,2026-06-18 22:37:02,SMS berhasil terkirim tapi verifikasi gagal terkirim 89888 sangat sulit untuk buat ATM bca,0,14,negative,,0,False
7fcd6e95-164d-4401-84fa-30168671fbe2,1,2026-06-18 23:45:13,"Benerin nih lampu indikatornya. Masa mau Qris kaga ijo-ijo, Nunggu lama lama ampe restart hp masih merah juga. Kan malu ama yang punya toko. Het deh.",0,26,negative,app_performance,1,True
dbbe2f2a-4239-45b9-bfc6-b72f32f0c349,5,2026-06-18 23:58:13,Makasih,0,1,positive,,0,False
7d33eadf-48de-408b-a993-3e4c88584712,1,2026-06-19 00:15:21,"saya mengalami potongan saldo saat transaksi pembayaran melalui Qris dan saldo saya tidak kembali bahkan tidak hanya saya ,saudara dirumah juga pernah kehilangan saldo dengan masalah yang sama, sangat disayangkan bca mobile sangat buruk untuk masalah keamanan digital nya ratting 1 sudah paling bener ,ini baru kejadian pertama gatau kalo kedepan nya lagi pasti lebih banyak dan saya yakin banyak yang sudah mengalami nya🙏",18,64,negative,,0,False
f0d920d4-9367-449c-b4ee-b8ba298f2f4c,1,2026-06-19 00:19:17,"susah masuk, photo ktp sama verfikasi harus sama gitu? heh muka gue menuaaaaaaaaaaaaaaaa",0,13,negative,,0,False
69f61e2f-524c-4e03-8ab2-acb09978abfd,1,2026-06-19 00:48:24,"lampu indikator merah terus giliran pakai Telkomsel, buka aplikasi lain lancar, giliran bca merah terus ga berubah mau di mode airplane atau restart hp masih ajh merah",0,27,negative,"indicator_light_stuck,app_performance",2,True
b85ebac2-d18a-4ff0-9a88-59cda29021d0,5,2026-06-19 02:20:23,ok,0,1,positive,,0,False
8e67b86c-b46e-47fd-af67-9a193ae1cb1f,5,2026-06-19 03:29:09,Optimalkan dan tingkatkan stabilitas performa nya.. Trimakasih 🙂🙏🏻,2,8,positive,,0,False
32080542-345e-4844-8357-63a04ca91352,3,2026-06-19 03:39:35,tolong verifikasi wajah saya tidak bisa dr awal karena pindah hp,0,11,neutral,face_verification_failure,1,True
b38b2bb6-22a3-45f6-a9f1-627a20232ad6,5,2026-06-19 04:44:03,ok,0,1,positive,,0,False
d8406b29-f779-429e-be4c-7705d8415b97,2,2026-06-19 06:43:30,"Asli setiap mau transaksi lampu indikator selalu mentok di biru bahkan merah sangat menggangu , pada hal sinyal lancar tapi selalu begitu pas mau transaksi tolong di perbaiki",1,28,negative,indicator_light_stuck,1,True
29391999-5932-47bf-83ba-5c62dc24f414,5,2026-06-19 09:00:37,terbantu,0,1,positive,,0,False
76504244-2643-4530-9418-3b9feaf253e7,5,2026-06-19 09:19:11,mantap,0,1,positive,,0,False
15c3c239-9cd1-41e9-88d8-5b4afbca9332,1,2026-06-19 09:50:16,susah vermuk aj setengah mati,0,5,negative,,0,False
c3949710-1ea0-4f25-84da-fe656c60ec25,5,2026-06-19 10:09:24,ok,0,1,positive,,0,False
da52acef-6ac2-444a-8f9f-c2d5ed53d1be,5,2026-06-19 10:16:45,benar sangat sangat membantu,0,4,positive,,0,False
13278a63-084e-4cea-b518-f30ba4bbca1e,1,2026-06-19 11:35:28,sering troubel,1,2,negative,,0,False
7bcb698a-3885-4ed1-8635-d1dca15db838,1,2026-06-19 11:39:11,"apah sih susahh buat transaksii , gajelass bettt!!!!!",1,8,negative,,0,False
7a6e4419-877f-4674-8bd0-c7b733dab42f,4,2026-06-19 11:42:28,sangat enak pakai bca,0,4,positive,,0,False
25c86ec2-7883-4280-9a98-e000839ed320,1,2026-06-19 11:43:23,di jam 11 . 40 an atau mendekati siang. aplikasinya tidak bisa digunakan buat transaksi . sangat mengecewakan.,2,18,negative,,0,False
71bdf181-fca8-430c-8334-af1aadbabd84,5,2026-06-19 13:10:11,"transaksi lebih mudah, cepat dan tepat waktu",0,7,positive,,0,False
55b7045f-d3f9-4ff6-8006-ceea26e86b72,5,2026-06-19 15:23:07,hasil penulusuran baik skl cepat dan responsif,0,7,positive,,0,False
79ebc940-7d8e-4103-9e98-48d56111e6c4,2,2026-06-19 17:23:27,"lampu indikator dari merah ke hijau lama sekali, kadang kalo lagi buru² harus nunggu lama",0,15,negative,indicator_light_stuck,1,True
947054b1-f7da-47bb-937e-2ad304f0a713,1,2026-06-19 18:26:33,"sistem verifikasi wajah nya di benerin dong, gua jadi susah gini mau login mbanking BCA, gagal terus""",0,17,negative,face_verification_failure,1,True
c4a60328-c2eb-4d56-8134-1a0e5faf53d5,1,2026-06-19 19:55:54,"TERLALU RIBET, MAU VERIFIKASI WAJAH SELALU GA BISA BUKA KAMERA DAN TIBA2 KEMBALI KE MENU AWAL TERUS, SAMPE SEKARANG AKU BELUM BISA BUKA BCA MOBILE, KARENA SAYA GANTI HP JADI RIBET KAYAK GINI, APAKAH HARUS KE TELLER BANKNYA LANGSUNG? RIBET RIBET GAK KAYAK LIVIN YG SIMPLE",0,46,negative,"face_verification_failure,app_performance",2,True
bc895dc4-6ad1-4508-a081-b7658fa877ee,3,2026-06-19 21:27:18,kenapa kualitasnya makin kesini malah makin buruk ya 🥴 sering bgt tanda merah di signyalnya.. jadi sering bgt ga bisa buat mbangkingnya. tolong jadikan evaluasi dong BCA..,0,27,neutral,,0,False
1530ef0a-42ea-4f92-846a-5c14c50e4c2b,1,2026-06-19 21:29:51,lampu indikator sering merah ... lelet aplikasinya.. padahal udh pake wifi ...,0,12,negative,indicator_light_stuck,1,True
12852f34-3e29-44bd-9f04-568e509de35a,5,2026-06-19 23:00:05,sangat bagus sekali,0,3,positive,,0,False
b5d048a3-b269-443b-bdbe-dbf901775a6d,1,2026-06-20 00:30:32,"saya mulai kecewa, dibulan ini banyak sekali pemotongan dari admin. Dari tanggal 1 dipotong 22 rb kemudian tanggal 19/20 di potong admin 5 ribu. Tanpa ada konfirmasi terlebih dahulu.",0,29,negative,,0,False
9dfb7cf2-6912-4867-939c-7bc49d336133,5,2026-06-20 05:29:03,"Halo admin, aduh ini knapa si saya apk nya selalu minta verifikasi ulang terus (SIMcard tidak sesuai) padahal nomor saya ada di HP pulsa kepotong terus, setiap verifikasi, dan harus ganti pasword juga.. Sdh ke teller bank BCA keluhkan masalah ini, tp ini hasilnya sama tolong di perbaiki, aseli ini apk bikin jenkel, mau mudah transaksi malah jd ribet.. Saya baca komen di sini banyak yg keluhkan hal yang sama tolong lah ini,",12,73,positive,,0,False
ac2614b7-6887-4216-9cc1-14c38234a2e7,1,2026-06-20 08:03:54,woi ini kenapa sih ya elah jadi lemot banget !! kacau sampah !!,0,13,negative,app_performance,1,True
fe5d2970-e1fc-436c-b90e-c7493efae003,5,2026-06-20 08:49:55,TOP,0,1,positive,,0,False
8093194b-4288-44e5-8d75-c1b987e4d350,1,2026-06-20 10:15:15,kenapa harus ada kode 205 saat masuk ke bca,0,9,negative,,0,False
d2f14326-0715-488a-a14c-0ad129d4f785,1,2026-06-20 11:34:45,kamera tidak terbuka saat verifikasi data diri pada tab samsung s10 lite,2,12,negative,face_verification_failure,1,True
de5bf27a-76b8-402e-88b6-ad42f7697c5f,5,2026-06-20 12:59:59,keren,0,1,positive,,0,False
9d7f3571-a83e-4083-ad3b-2116f3917fae,3,2026-06-20 14:23:19,bca semakin gak jelas,0,4,neutral,,0,False
733e5461-4e13-41b4-9eed-764d72f89c9d,1,2026-06-20 14:29:55,gak kelas gak bisa tf elor.mulu ini bca,0,8,negative,,0,False
8875f1fd-6b1b-47c4-9b67-18cf715d0957,5,2026-06-20 14:30:38,Smoga Tambah Sukses Slalu...,0,4,positive,,0,False
5d928a4d-9b6b-4e04-a1c9-cb635ab629e8,5,2026-06-20 14:32:47,tidak bisa dapakai transaksi,0,4,positive,,0,False
b0a0efad-1cef-46ad-bfa9-84156c5ed8c8,1,2026-06-20 14:32:56,erorr terus nih baca aneh aneh mau bayar mau TF ke e wallet gabisaa semuanya kocak bank kocak anehh aneh,0,20,negative,app_performance,1,True
402e7943-fc22-422c-8ddb-1403480b9e50,5,2026-06-20 14:35:23,baik,0,1,positive,,0,False
04488260-9c4b-45b4-966d-1e531470696f,1,2026-06-20 14:37:29,BCA sangat mengecewakan,0,3,negative,,0,False
34cf50e2-d209-420c-ba16-7db605f87f93,5,2026-06-20 14:37:43,bagus sekali,0,2,positive,,0,False
f62a96a5-e987-4502-9464-790042f7cee1,1,2026-06-20 14:38:02,"makin ke sini makin aneh ini mbanking, , padahal lampu indikator hijau, tpi transaksi gagal terus, , sering gagal kalo transaksi, coba beberapa saat terus, ini sering terjadi akhir"" ini, mudah""n bisa di perbaiki ya",0,35,negative,indicator_light_stuck,1,True
9f986b4c-cb7c-4954-bc1e-879181f066f3,4,2026-06-20 14:39:28,"kenapa sekarang sering gangguan yaa mbanking pdhl dulu lancarlancar trs , mempermudah sebenernya tapi suka indikator nya ntr injo pas udah masukin pin nnt merah gajelas",0,26,positive,"indicator_light_stuck,app_performance",2,True
e9eebed7-7f57-4d4f-a4b8-a9c1093cf7d9,4,2026-06-20 14:40:42,ini banking kenapa. Mau transaksi kenapa tidak bisa gagal terus dari tadi,0,12,positive,,0,False
146a9a4a-b873-4adb-8da4-e63815845579,2,2026-06-20 14:42:06,sering gangguan,0,2,negative,app_performance,1,True
d38d4b15-dbac-4d07-a4a1-312b7f5990a1,1,2026-06-20 14:43:08,sangatt buruk,0,2,negative,,0,False
43951cec-dbcd-4400-ab30-93547b98c4a9,1,2026-06-20 14:43:11,sering gangguan dan lampu indikator dari hijau tiba2 langsung merah sendiri menghambat proses transaksi,0,14,negative,"indicator_light_stuck,app_performance",2,True
e11caad8-869f-42fc-9268-c3b22782d580,1,2026-06-20 14:44:07,eror Mulu mau bayar malu malu in!!!!,0,7,negative,app_performance,1,True
6e6324a7-081a-4fd0-8213-362fa394f14e,1,2026-06-20 14:46:01,ini knpa jadi cacat bgni bca,0,6,negative,,0,False
56b135d7-56be-4e08-b79a-173c7901ba0f,1,2026-06-20 14:47:26,ga jelas dari semalem eror terus Transaksi saya jadi terhambat,0,10,negative,app_performance,1,True
950e4b00-bb75-4d87-9550-c202b82da2f7,5,2026-06-20 14:47:54,lagi error skrng,0,3,positive,app_performance,1,True
a3e6cede-9f2e-4bc9-b86a-22daf6e4caa0,1,2026-06-20 14:48:32,"EROR MULU , LAMA BENER EROR NYA GANGGU AKTIVITAS NASABAH , BURUK SEKALI IT BCA APLIKASI EROR LAMA SEKALI.",0,19,negative,app_performance,1,True
9ccb2df0-ce43-4c9a-930c-d254cbb676e0,1,2026-06-20 14:49:23,aplikasi sampah,0,2,negative,,0,False
393f6b08-a9c1-40b1-b069-1caa3309e5ef,3,2026-06-20 14:49:59,knpa BCA mobile kadang suka susah kalo mau bayar pake Q ris ...saya jadi malu nih mau bayar makan hari ini di resto susah banget bayar pake qris sampe saya pake 2rek sama yg istri tetep g bisa bisa malu saya.hari ini jam 14:45,0,44,neutral,,0,False
422ffa20-1eac-45c9-9536-8f0d7bcfd0dd,1,2026-06-20 14:51:13,"sering gangguan , sering merah susah kehjau ,sekarang malah gangguan total , kalo tidak segera diperbaiki saya akan pindah ke bank lain ,",0,23,negative,app_performance,1,True
cd5bdd75-f2a8-4e72-9bde-fb6dcf96c473,3,2026-06-20 14:51:45,mbca sedang trouble kah? buat transaksi tidak bisa,0,8,neutral,app_performance,1,True
1740929d-26a7-4697-a530-581240b6937f,3,2026-06-20 14:51:52,mau bayar via qris ko gagal trs ya?,0,8,neutral,transaction_failed_balance_deducted,1,True
72f8a4b5-2ae6-4c89-aa47-9c2e48b88aae,1,2026-06-20 14:52:01,"sering eror, kecewa!!!",0,3,negative,app_performance,1,True
888b080e-498c-4e0d-a2d2-50b488a15ed9,4,2026-06-20 14:52:40,"lagi gangguan y,,kok duit masuk bisa ,,pas TF ke rek lain ga bisa",0,13,positive,app_performance,1,True
322d3070-ef93-4ea0-8068-391c015a1c9c,5,2026-06-20 14:52:56,mantapp,0,1,positive,,0,False
70d121db-aa3b-4608-ba54-22e2c2beb2a4,1,2026-06-20 14:53:18,"aiyoi BCA apalagi ini, trouble terus, gangguan terus, duit nyangkut, proses lama, halo bca nggak bisa diakses, call center nggak bisa ditelpon, apa coba maunya? orang sampe nggak bisa transaksi loh siang siang, luar biasa",3,35,negative,"login_otp_access,app_performance,customer_service",3,True
bd571daa-474d-4413-a269-63fd3784a3ef,1,2026-06-20 14:53:27,kebanyakan gangguan ..yg GK jelas,0,5,negative,app_performance,1,True
2645caed-689b-4307-bdd2-f2645ecb19a1,5,2026-06-20 14:53:47,ok,0,1,positive,,0,False
e6ab6eb5-341c-47de-ba12-732d2784bf65,1,2026-06-20 14:55:01,"wow aplikasi BCA nya kenapa lagi ini, gw lagi mau bayar dari gak bisa sinyal bagus giliran bayar gak bisa, transfer gak bisa, topup juga gak bisa, telpon cs juga bisa",0,31,negative,customer_service,1,True
f6ed7875-3a23-4074-83bf-9a3be5ae87e5,1,2026-06-20 14:55:03,"kode erorr 200. hendak transaksi tranfers gk bisa, pihak BCA tolong perbaiki bug ini.",0,14,negative,app_performance,1,True
2232fe1c-d2ef-406a-bb85-6091c95899de,1,2026-06-20 14:55:08,susah banget tuk beli pulsa,0,5,negative,,0,False
3b3f8d5d-1288-40a1-af01-39901de1c203,5,2026-06-20 14:55:40,ini knp saya ko gak bisa transaksi trs,0,8,positive,,0,False
a4afb0dc-a9ed-450f-862a-bb2ffd16244f,5,2026-06-20 14:56:00,kenapa ga bisa tranfer ya hari ini ??,0,8,positive,,0,False
073ff505-4197-4795-a5ed-d673e3830e4d,1,2026-06-20 14:57:11,isi pulsa selalu gagal lampu indikator hijau tiba-tiba berubah menjadi biru ketika tekan tombol ok mau sampai kapan errornya,1,19,negative,"transaction_failed_balance_deducted,indicator_light_stuck,app_performance",3,True
f7060030-17a6-49d2-9f4b-df8318cc6db4,5,2026-06-20 14:57:42,keren,0,1,positive,,0,False
82038400-751b-45b3-a790-3fb8dfeac080,1,2026-06-20 14:58:16,"gangguan gangguan,, kenapa selalu gangguan m banking bca",0,8,negative,app_performance,1,True
54853607-e01a-40ce-af21-a2393f3793e9,1,2026-06-20 14:58:30,bermasalah terus nih,0,3,negative,,0,False
e923be8b-696a-4415-ba71-d4c2bb8b71e4,1,2026-06-20 14:58:34,"Sering bermasalah, gabisa buat tranksaksi error terus",0,7,negative,app_performance,1,True
9385a87f-afc4-4b82-82e4-7edf51dc9e75,1,2026-06-20 14:59:38,aplikasi nda bisa diandalkan sering gangguannya pekok isi etol malah aplikasi gangguan,0,12,negative,app_performance,1,True
12891ae7-b1f3-49ce-ab29-3ac5b5d18dd8,5,2026-06-20 15:00:22,kenapa saya tidak bisa transaksi mohon bantuannya,0,7,positive,,0,False
3077d6a7-adae-4bb2-92c8-069624da28d4,5,2026-06-20 15:00:25,"saya rasa pemakaian lampu indikator terlalu bodoh ,bikin lama ,masa mau transaksi padahal sudah hijau berubah ke biru kan bodoh,begitu gitu aja terus ga bisa bayar jadinya.",6,27,positive,indicator_light_stuck,1,True
67357bdb-0ae2-42e4-83ba-7c6513dd1366,5,2026-06-20 15:00:27,membantu,0,1,positive,,0,False
0eae5975-202c-44ab-80f5-dc53b4bc3e71,1,2026-06-20 15:00:44,bca skrg menjijikan sudah kayak bank titil😄 tiap hari sabtu malam minggu pasti gangguan,0,14,negative,app_performance,1,True
9461b9be-6e8a-4139-8dac-cc022a8aa5c8,1,2026-06-20 15:02:12,tolol bnget sering bnget error skarang,0,6,negative,app_performance,1,True
6780fb9b-d7be-4c76-91e7-16756565295e,1,2026-06-20 15:02:55,"sistem ga jelas, banyak gangguan nya...???😇😇😇",0,6,negative,app_performance,1,True
1e82da36-471a-43af-959c-56d240bd6845,1,2026-06-20 15:03:14,buruk transaksi gagal terus gajelas,0,5,negative,,0,False
7ed01d63-173e-4fcb-90aa-0881542a42e0,1,2026-06-20 15:03:15,aplikasi jelek,0,2,negative,,0,False
ad88ba1f-4658-45c7-92cc-0a7864461601,5,2026-06-20 15:04:52,eror bca,0,2,positive,app_performance,1,True
a1ed8cb9-bafb-465d-a057-475b13c97c32,3,2026-06-20 15:05:07,lama logingx,0,2,neutral,,0,False
2cb2d1be-8fd4-4972-8378-5adaec6e5dc6,1,2026-06-20 15:06:18,gangguan terusss malesin,0,3,negative,app_performance,1,True
d5a017bb-f207-4446-96fb-8570185b5cd6,5,2026-06-20 15:08:40,mempermuda si apk nya tapi sering gangguan tlng di perbaiki,0,10,positive,app_performance,1,True
15c111dd-a5a8-41c5-ab5a-239f36ab3367,5,2026-06-20 15:08:46,di upgred kok gak bisa transaksi ya apa lagi gangguan,0,10,positive,app_performance,1,True
09944c22-7d2d-4287-a8ad-650eb8a74cc0,1,2026-06-20 15:10:21,ini kenapa transfer ngak bisa dan tarik tunai ngak bisa,0,10,negative,,0,False
a8892fd8-f7ab-4659-85ff-d83c35ae9f8f,5,2026-06-20 15:10:28,"hari ini punya aku tf , beli pulsa , dll tidak bisa. mohon di cek . trimz",0,17,positive,,0,False
616abd58-3718-4335-ac40-07d4d6416dd9,4,2026-06-20 15:10:52,bagus cuman ga bisa transaksi walaupun udah alamat udah benar dan password nya benar. katanya sementara ga bisa transaksi dan coba beberapa saat lagi. tolong fix ya,0,27,positive,,0,False
e5b3361d-3ec9-40d5-9a7a-7423f474e695,1,2026-06-20 15:11:09,"benerin aplikasinya kocak , mao transaksi udah indikator hijau masih ga bisa juga",0,13,negative,indicator_light_stuck,1,True
97bc7996-52fe-4a46-8703-1b97cc619f14,5,2026-06-20 15:11:20,gangguan,0,1,positive,app_performance,1,True
649a4d60-a4be-4229-871a-357e9708069e,4,2026-06-20 15:11:42,ini pas up date ga bisa pake qris,0,8,positive,,0,False
1ee29d4f-d67d-45bb-8872-ad145f000044,1,2026-06-20 15:12:01,apk knp error ya??,0,4,negative,app_performance,1,True
c32dc6b0-241e-44fa-a901-25f273ce6623,1,2026-06-20 15:12:07,eror terus kalo mau Qris,0,5,negative,app_performance,1,True
19e626cc-d6f4-4f4e-914e-c4ce2904ee8e,3,2026-06-20 15:12:21,tolong dibiasakan jika akan ada gangguan pakai pemberitahuan ya mulai dari jam sekian sampai estimasi selesai jam sekian.,0,18,neutral,app_performance,1,True
bf8c0cff-adea-4a2a-9e0d-8092b757536e,3,2026-06-20 15:12:38,"Sering Error , Tidak Tahu Kenapa ... !!! Aplikasi Bagus Jika Signal Harus Bagus ... !!!",0,16,neutral,app_performance,1,True
c5ca6365-405c-4cde-91da-c872ed133552,2,2026-06-20 15:12:41,ni aplikasi kenapa transaksi eror gk bisa ambil uang hadeh gimana sih,0,12,negative,app_performance,1,True
c96888f6-11d2-43b8-90e0-a241b17083b8,1,2026-06-20 15:12:42,sering sekali terjadi transaksi tidak dapat di proses padahal jaringan saya sangat lancar. tolong di perbaiki lagi admin.,0,18,negative,,0,False
def75329-a935-4890-bba7-6c12042e1abd,3,2026-06-20 15:13:38,bca knp di jam sekarang aku gk bisa transfer dan qris.. tulisan nya sementara transaksi tidak dapat dilakukan coba beberapa saat lagi,0,22,neutral,,0,False
14d52087-2483-4fea-9b33-857423f3e79c,1,2026-06-20 15:13:40,"TOLONG TERAMAT SANGAT TOLONG NI YE BUAT LU PARA DEVELOPER NI APLIKASI, JANGAN MAINTENNACE DI HARI DAN JAM YANG CRUSIAL LAH, GUA SEBAGAI USER YANG GA SUKA PEGANG CASH INI LAGI NYANGKUT DI MALL GEGARA GA BISA BAYAR BY TRANSFER, DUIT GUA DI SINI SEMUA SEMENTARA KITA KGA BAWA CASH, KLO MAINTENNACE PILIH PILIH JAM LAHH WOI, TENGAH MALEM KEK, INI SORE SORR MAINTENANCE DI HARI GINI PULA",0,68,negative,maintenance_downtime,1,True
735b931d-9f7b-4c12-acc3-bb20960bc7f5,1,2026-06-20 15:13:49,kek puqi anj,0,3,negative,,0,False
d9d4d4a7-74da-43ea-a00d-348cdd8a6702,1,2026-06-20 15:17:19,"kenapa sih ini 20 juni 2026 bca gagal transaksi terus. kesel bgt. mau cardless ga bisa, top-up ga bisa, tf ga bisa. g pernah se ga jelas ini bca 😒",0,30,negative,,0,False
ddcb6ac4-8ad3-4b3d-8ca6-053301cbd0db,5,2026-06-20 15:17:43,BCA ERORR tidak bisa melakukan transaksi tanpa ada notifikasi masalahnya,0,10,positive,app_performance,1,True
b1e8a063-752e-447a-9f0b-ca0de11098c3,1,2026-06-20 15:17:57,"tolong kalau mau maintenance jangan di jam sibuk siang hari sore hari, saldo jadi gak bisa di pake",0,18,negative,maintenance_downtime,1,True
581c1984-5393-4c5c-8e3f-12bd2486d0fd,2,2026-06-20 15:17:59,wooo Kenapa BCA jam segini gangguan ga bisa top up 🤦🏽🤦🏽,0,11,negative,app_performance,1,True
e5bf0c53-2254-4dbd-a55b-980dde362579,1,2026-06-20 15:18:17,buruk masih bagus bri gak ada angin gaada apa M-banking ga bisa dibuka,0,13,negative,app_performance,1,True
49ee0a20-9aa4-4ed6-af11-83d0dfa57148,1,2026-06-20 15:18:34,error ga bisa transaksi sudah sering kali,0,7,negative,app_performance,1,True
5b1671cc-3dfb-4b10-9ec4-6b0777742fd3,1,2026-06-20 15:19:30,"Mw masuk daftar gagal terus, pulsa dah abis 30 rb",0,10,negative,transaction_failed_balance_deducted,1,True
c24ab9f7-30b2-4b70-bed9-6e98a1725ca9,1,2026-06-20 15:21:33,Tidak Bisa Melakukan Transaksi Payah,0,5,negative,,0,False
988a6530-0692-4308-a14d-2b76b1f708a0,3,2026-06-20 15:22:30,sukah transaksi gagal,0,3,neutral,,0,False
17f6dfd5-6d31-4b51-933b-f648af0fc508,5,2026-06-20 15:22:43,baik,0,1,positive,,0,False
d055ffc7-cce4-44b6-8cb8-0d2c1a1d2145,1,2026-06-20 15:24:21,ini lagi eror apa gimana ya? gabisa transaksi,0,8,negative,app_performance,1,True
c360de6f-93bf-4eb5-8ee1-29e221ede4b7,1,2026-06-20 15:24:40,sering banget gangguan kalau di pakai transaksi ini aplikasi tidak jelas,0,11,negative,app_performance,1,True
dc59536c-1f18-4e55-9ecc-270fb9b69c67,5,2026-06-20 15:34:35,recomended,0,1,positive,,0,False
c137fb35-41ef-4408-94e6-47e4e57d6b41,1,2026-06-20 15:35:37,"woii bca eror mulu gimana sihh,mau jajan susahh duitnya di mbanking semua,jgn kebiasaan eror terus,tolong cepet diresponn",0,17,negative,app_performance,1,True
26295f0f-3577-412e-a4cd-61596b464356,1,2026-06-20 15:48:35,"semenjak ada banner gacha berhadiah, transaksi suka lelet dan tidak stabil.",0,11,negative,,0,False
514eb6d1-7e2a-464a-8b50-0bb62d679492,1,2026-06-20 15:49:50,"daftar dan udah verifikasi muka berkali2 gagal dan akhir nya di blokir, lanjut beli pulsa 20ribu di telfon layanan bantuan ga sampe 10mnt udh mati. emosi banget! ga paham lagi!!!! coba lah bca setidak nya jgn persulit hidup!!",3,38,negative,"transaction_failed_balance_deducted,face_verification_failure",2,True
71740eb2-9593-459a-871d-c9d4ce43af34,5,2026-06-20 15:58:14,sangat membantu sekali dalam ber transaksi,0,6,positive,,0,False
f104afea-afb3-4af2-8373-87be03d8f426,1,2026-06-20 16:15:40,sering gangguan,0,2,negative,app_performance,1,True
d7ab442e-1880-40c3-8395-053d327cdca4,5,2026-06-20 16:24:59,sangat membantu dlm bertransaksi,0,4,positive,,0,False
1ceda0c2-8ad0-4b38-900d-a2d13a5ac021,2,2026-06-20 16:32:40,lama maintenennya,0,2,negative,,0,False
6bb714bf-0778-4130-86f8-82c75d07e925,5,2026-06-20 16:37:24,thanks perbaikannya,0,2,positive,,0,False
eaf779ad-ae5e-44e1-8bdf-d4152b8b2d25,2,2026-06-20 16:45:33,"min kenapa eror lagi bca hari ini, saya kirim uang dari shoppepay ke bca udah nunggu ampir 2 jam setengah masih di proses mulu, butuh bgt pdhl ya ampun",0,29,negative,app_performance,1,True
63619c64-d016-416f-846c-3d8853345cba,5,2026-06-20 17:03:46,tolong perbaiki lagi ya,0,4,positive,,0,False
7079515c-e449-4828-9775-b06ea8f4a7b0,5,2026-06-20 17:06:32,Biar bintang yang bercara,0,4,positive,,0,False
e5580e88-22b0-4321-a34a-78d2f4cc5f12,3,2026-06-20 17:30:34,ini kok akhir2 ini lemot banget ya bca mobile,0,9,neutral,app_performance,1,True
d60e21aa-243f-4fbe-a612-9b9aab2000a3,1,2026-06-20 17:36:40,"Jelek sering gagal pake QRIS, mungkin butuh internet bandwith 1 GB baru bisa",0,13,negative,transaction_failed_balance_deducted,1,True
0bef19cc-c5d3-4961-959f-749e44b89d0f,5,2026-06-20 17:45:23,dah bisa,0,2,positive,,0,False
92e1bb0c-db5d-4614-9d43-164e57fad6ae,1,2026-06-20 17:46:18,Bodoh. Verifikasi gagal terus. Aplikasi Bodoh,0,6,negative,,0,False
5a04c2be-f215-4e14-b218-a39dc73c7941,1,2026-06-20 17:57:47,nabung disini uang gue lama²terkikis dikit² padahal udh dipotong uang admin 14k ehh masih juga kepotong au kena potongan apa sampe 20k ilang,0,23,negative,unexplained_deduction,1,True
fc82b747-b73c-4acb-a132-e68d607ef515,5,2026-06-20 18:10:20,memudahkan dlm bertransaksi,0,3,positive,,0,False
c21fd2dd-d54c-4b18-a827-de63b7093eed,2,2026-06-20 19:29:22,kalo misal mau perbaikan tolong kasih info saya tidak tau kalau ada waktu perbaikan karena tidak bisa melakukan transaksi,0,19,negative,,0,False
aab2857d-612f-4b44-bbd6-5b0152bad0e0,4,2026-06-20 21:31:59,kak kira2 kenapa ya pas pindah ke hp baru kok tidak bisa masuk,0,13,positive,login_otp_access,1,True
4cb5b09f-1015-4e00-96a9-710a2501f954,5,2026-06-20 21:32:47,oke bnget.,0,2,positive,,0,False
57ed4718-f691-44a9-8f18-0e05f0e3a296,1,2026-06-20 21:44:05,saya juga kebebanan sama lampu indikator.. sangat lama dan bisa gagal dalam bertraksasi..,0,13,negative,indicator_light_stuck,1,True
7565c1b6-c8cd-43ed-9bc3-ac65538700aa,5,2026-06-20 22:17:20,"sebener nya bagus, tapi tolong dong kalo misal diharuskan ferivikasi ulang tolong bikin jadi bisa feriv ulang sendiri dirumah tanpa harus ke bank, contoh kaya bank sebelah misal apk nya ke uninstall masih bisa masuk tanpa harus feriv ulang ke bank, sulit sekali.",0,43,positive,app_performance,1,True
a9ad0d94-623c-486f-bd7e-f660cb48610b,5,2026-06-20 22:20:19,Alhamdulillah sudah dapat di gunakan lagi. terimakasih,0,7,positive,,0,False
9ca6481c-2769-471c-a6b9-5cd4c0e06abe,3,2026-06-20 22:21:40,"tolong perubahan nya di percepat lagi, kalau mau qris atau pun transaksi nunggu lampu hijau nya lama banget",0,18,neutral,indicator_light_stuck,1,True
99df9621-b77d-446a-b9be-aae88c45d33d,5,2026-06-20 22:24:03,sangat membatu,0,2,positive,,0,False
da1f9312-bec2-4829-a435-509a2b9a93b2,5,2026-06-20 22:32:26,good,0,1,positive,,0,False
83a472ae-c98b-4327-bb1d-f729a0790f18,2,2026-06-20 22:36:03,"tolong benerin lampu indikatornya lah klo perlu ga usah pake indikator, masa jaringan full juga setabil tp ga bisa di pake, harus pake wi'fi apa hospot dulu ke orang baru bisa di pake, jari full data ada tp ga bisa di pake ya percuma, lagipula ga guna juga lampu indikator",8,50,negative,indicator_light_stuck,1,True
c470d7e2-6764-4c66-886a-fd3abcd7fdea,2,2026-06-21 00:13:20,sekarang jadi kaya sampah pake udah lama bukan makin bagus mau transfer selalu merah padahal pake kartu Telkomsel jaringan 5g tetep aja merah bikin dongkol setiap mau transfer',0,28,negative,,0,False
01b0352c-64ac-4b7a-9693-e5ccc61f1067,5,2026-06-21 00:27:11,sangat membantu,0,2,positive,,0,False
3616bd8e-58e5-45cb-a442-bc935b8dea88,5,2026-06-21 00:29:46,"sangat mudah di gunakan, aman, nice app",1,7,positive,,0,False
b1f8dfcd-71bb-4492-b3a8-d9357793395b,1,2026-06-21 00:33:16,ribet otp bca susah masuk,0,5,negative,login_otp_access,1,True
05330cee-be9e-49b1-a14c-a545e3573628,2,2026-06-21 01:14:04,tolong diperbaiki lagi dalam pemotongan ADM nya katanya tiap akhir bulan kenapa brpa bulan ini ko syaa ADM nya kemarin diawal bulan tanggal 5 udah dipotong ADM.??? dan nanti akhir bulan dipotong lagi sebenarnya potongan ADM sebulan 2x kah..??? atau di tanggal berapa rugi ini saya 15k 2x ptongan jadi 30k...,0,51,negative,unexplained_deduction,1,True
1687a8f3-2556-4bbf-9a26-1bd353ad2e84,5,2026-06-21 01:46:22,good,0,1,positive,,0,False
d69e9ee0-e2ef-4f3f-a0b2-9342af9ab053,5,2026-06-21 04:43:39,bagus,0,1,positive,,0,False
0c5078dd-8ef1-4b46-9c6d-70ee690060a0,5,2026-06-21 04:56:31,aplikasi m-banking terbaik sejauh ini. - uji/ux sederhana. - aplikasi berjalan dengan optimal. - cukup jarang terjadi gangguan.,0,18,positive,app_performance,1,True
cd44e5aa-ef61-4708-9a79-1953f2ad74e3,5,2026-06-21 06:11:07,bagus,0,1,positive,,0,False
ca93c1d3-089f-4445-a134-b3436bc32a33,5,2026-06-21 06:45:51,makasih admin atas konfirmasinya sekarang sudah bisa di gunakan,0,9,positive,,0,False
e35be8e8-30e2-406f-b95d-600ac55e3ebf,3,2026-06-21 07:15:33,kok aplikasi sering merah pagi hari,0,6,neutral,,0,False
17bc24d1-6c27-4b3f-bc2b-4f4682178198,1,2026-06-21 08:32:36,"buat pake qris lama bgt harus nanggung malu dulu,jaringan internet normal tapi klo mw pake qris lemot nya minta ampun sejam lebh baru bisa konyol bgt udh malu d dpn kasir.",0,31,negative,app_performance,1,True
98fb074a-fd35-4bec-b965-5814a8ff679e,5,2026-06-21 10:58:02,ok,0,1,positive,,0,False
83b07335-c184-4f7c-97e0-9af143ce455d,3,2026-06-21 14:32:06,mohon diperbaiki ada bug transfer antar rekening tdk bisa terpilih rekening terdaftar yg dituju.,1,14,neutral,,0,False
30429e10-43f4-4d68-9fe8-62618d261c2e,2,2026-06-21 16:22:08,kenapa ya setiap saya ingin menyimpan uang di bca kok selalu menghilang minta tolong dong kenapa bisa gitu,0,18,negative,unexplained_deduction,1,True
e6e2fe7b-5bfa-48a7-b6b4-92c927618bae,5,2026-06-21 17:15:16,good,0,1,positive,,0,False
20524462-aeab-45f2-9ec0-9b4228a1e604,5,2026-06-21 19:51:29,bagus,0,1,positive,,0,False
5e11ff14-f360-4aa9-ad2b-ccf5cce229a2,1,2026-06-21 19:54:26,"lampu indikator merah, biru, hijau sangat memperlambat transaksi. apalagi kalau sudah di kasir, lampu indikator masih merah bikin malu aja. mending gak perlu lampu indikator.",1,25,negative,indicator_light_stuck,1,True
cecd6501-dce3-4789-97ba-d17f8fb38e83,4,2026-06-21 20:03:18,"kenapa masuknya susah, harus masukin nomer kartu beberapa kali tapi masih bisa masuk, masa harus beli pulsa terus",0,18,positive,,0,False
53f5194f-3a68-4859-86ee-6096347d0fa7,5,2026-06-21 20:11:11,sejauh ini puas pakai aplikasi BCA mobile,0,7,positive,,0,False
88d5e706-27ce-4521-8041-de1ba209f57a,3,2026-06-21 20:21:31,"kecewa banget saat login mau verifikasi wajah + ktp menggunakan hp baru dipersulit & tidak lolos². Padahal sudah mengikuti sesuai arahan. untuk menyesuaikan foto di tempat terang, foto ktp sangat jelas dan di dalam kotak. sudah telp ke cs namun disarankan ke cabang terdekat. sumpah ya BCA saat ini kurang helpfull & kalah jauh dengan bank plat merah sebelah!!!",0,59,neutral,"face_verification_failure,customer_service",2,True
6e1b2b50-9f8e-4cde-b7ee-99c34cc695ac,5,2026-06-21 21:00:07,praktis pemakainya nyaman pokoknya,0,4,positive,,0,False
a190d954-b25d-499d-aa05-d6ad9ff8c235,5,2026-06-21 21:16:15,sangat membantu dan mudah,0,4,positive,,0,False
34fe1419-5e12-4cdf-b9c7-ab2b97737475,1,2026-06-21 22:40:33,Lampu indikator,0,2,negative,indicator_light_stuck,1,True
82055855-d9aa-4122-9d97-46e4d67e1f37,1,2026-06-22 00:16:26,aplikasi makin lama makin buruk,0,5,negative,,0,False
12b4e22d-4fd2-4049-9e45-90693d68dbfd,5,2026-06-22 00:53:11,memuaskan,0,1,positive,,0,False
b80f9d6a-22eb-4e1a-901a-c5a88c10cfff,1,2026-06-22 01:12:13,setiap malam selalu merah,0,4,negative,,0,False
be7149f7-c58d-4ade-9112-7f4bf141c1ee,4,2026-06-22 04:45:29,membantu dibidang pembayaran BCA mobile m bank memudahkan pembayaran gak ribet hanya dgn hp semua lancar aman,0,17,positive,,0,False
02174142-b6b5-4b79-b0e2-657d7713825e,2,2026-06-22 07:07:17,apakah BCA mobile sudah tidak bisa di pakai lagi di hp Xiaomi redmi note 4 yg msh ram 7???,0,19,negative,,0,False
361a82a3-0ace-496c-8e60-8ab13167c562,5,2026-06-22 09:51:51,Good,0,1,positive,,0,False
a85120c6-ed1d-4044-a40a-195875260839,5,2026-06-22 10:15:38,aplikasi yang sangat bagus,0,4,positive,,0,False
1df98b91-afba-4601-b268-d0165fef3d1e,4,2026-06-22 11:32:01,lancar jaya,0,2,positive,,0,False
20fa167b-358a-49cd-97c7-802bf1695b43,5,2026-06-22 12:10:00,good,0,1,positive,,0,False
3a54d575-93b8-4db6-9c4c-5ca549a4fffe,5,2026-06-22 12:26:58,bermanfaat dan mudah,0,3,positive,,0,False
74c713f6-477c-4456-9df6-f70978acf599,5,2026-06-22 12:39:04,Love my Bank BCA SEDUNIA EVERMITE.,0,6,positive,,0,False
e0751e29-f6f4-4c53-89a5-b9c3747ea178,5,2026-06-22 12:49:05,baik,0,1,positive,,0,False
e03f73a9-5fcd-4821-bfd5-73ba2e5f0ad9,5,2026-06-22 13:13:40,belum pernah dpt hadiah.,0,4,positive,,0,False
06fada4d-1f22-42a6-824e-1835f3b94a5a,5,2026-06-22 13:30:55,bagus BCA mobile,0,3,positive,,0,False
3603e1f3-663b-4aaf-b1f8-968ad76424cf,5,2026-06-22 13:54:52,Bagus sekali sangat membantu,0,4,positive,,0,False
14b9d430-87ec-4890-b79d-da705d79d1cc,5,2026-06-22 15:39:21,Aplikasi stabil dan transaksi perbankan jadi lebih praktis.,0,8,positive,,0,False
5e55f75f-63f1-462f-8819-620b065394f7,5,2026-06-22 15:43:44,simpel,0,1,positive,,0,False
7deb0091-a92e-490e-9a79-bf63430d4547,5,2026-06-22 16:55:09,"terima kasih buat pelayanan CS bank BCA,,,,sudah di layani dengan baik,,,pembuatan rekening baru,,,,terima kasih🙏🙏🙏🙏",0,14,positive,customer_service,1,True
83c4bffd-23ef-4e3e-b388-d92c3de5d7c5,5,2026-06-22 17:07:52,Aplikasi ini simple dan mudah dipelajari,0,6,positive,,0,False
20be488e-ca51-4739-a45a-610ad439dc31,1,2026-06-22 18:10:38,ribet harus pake pulsa segala udah ma sms ga keluar keluar,0,11,negative,,0,False
e2444607-b8cc-4976-8b71-91d9e633c5cf,3,2026-06-22 18:16:13,"ahh mulai gak bener nih BCA masa beberapa hari yg lalu narik tunai lewat cardless ada biaya admin 5.000,katanya gratis masa pas cek mutasi ada pengurangan saldo 5.000 untuk biaya admin",0,31,neutral,,0,False
4dabc5e6-ebd6-4774-805d-1119d87005fb,3,2026-06-22 18:21:57,kenapa bca mobile sy sering kluar dan gk bisa login.. padalan dah kirim sms banking. tapi gk bisa masuk,0,19,neutral,login_otp_access,1,True
1667cf1c-4404-4dd5-9633-e79b348bcf24,1,2026-06-22 19:09:18,"sangat mengecewakan. semakin hari semakin lemot, indikator merah ke hijau sangat lama.",0,12,negative,"indicator_light_stuck,app_performance",2,True
33200a87-44d0-4125-82e4-ddedd1014c01,5,2026-06-22 19:25:47,semua urusan pake mobil BCA jadi mudah 👍👍👍,0,8,positive,,0,False
ea39183d-6e51-4d0b-afa5-5c52f5ad4e13,5,2026-06-22 19:43:02,semuanya jadi mudah dan simpel👍👍👍,0,5,positive,,0,False
4ab835c6-f897-4c9e-9a2e-d50a8240403b,1,2026-06-22 20:00:01,setelah update aplikasi jadi sampah,1,5,negative,,0,False
9e8b2f89-6595-4b8b-bcc3-ebf3228ff191,1,2026-06-22 20:24:49,"kok sekarang aplikasinya sering keluar sdr ? harus masukin ulang 12 digit nomer atm, berulangkali sering kayak gitu, mana verifikasi hrs pakai pulsa sms lagi..",0,25,negative,,0,False
a167ead8-8371-4646-a79e-5e4f3c28d7ce,5,2026-06-22 21:04:40,Selama ini pemakaian bagus,0,4,positive,,0,False
d26c2f1d-369a-4de9-b793-9434d015f47b,5,2026-06-22 21:12:56,mantap,0,1,positive,,0,False
d88a0cd2-d1e5-4ac9-a045-9106bb9d1a0f,1,2026-06-22 21:54:23,"sering ngebug indikator biru di handphone tecno camon 40 5g, bikin emosi, apalagi qrisnya udah konfirmasi 2 kali pas mau masukin pin tetep aja biru padahal jaringan bagus buka youtube aman, makin kesini makin ga jelas",0,36,negative,indicator_light_stuck,1,True
a0b9d55c-837c-49df-b576-81825510cc0f,5,2026-06-22 22:40:38,sangat bagus,0,2,positive,,0,False
372eccb1-97c7-4f7a-bb11-3bf78a59bec4,5,2026-06-22 22:55:38,layanan yang baik,0,3,positive,,0,False
7694e567-afaf-4be3-a7f6-89079960639d,1,2026-06-22 23:39:59,"diperibet, disuruh buat kartu ke cabang harus pakai surat kuasa segala, gak bisa secara online, sedangkan posisi lagi di luar negeri. gimana mau pergi ke cabang?",0,26,negative,customer_service,1,True
7baf39eb-d89b-4f01-862e-0ca8739fdf3b,5,2026-06-22 23:40:42,bagus,0,1,positive,,0,False
bd6f94fa-7e8c-488d-a844-a9f5be4e7123,5,2026-06-23 00:13:43,Sejauh ini sangat mudah digunakan,0,5,positive,,0,False
63a304f8-9d1a-4e27-85be-e08cda5972e8,5,2026-06-23 04:20:58,Ok,0,1,positive,,0,False
a4e0ef42-9475-4d66-b521-b0a084f932b9,5,2026-06-23 04:34:43,oke,0,1,positive,,0,False
a4346c1e-031a-4995-8244-5eeaeac4841e,5,2026-06-23 06:12:07,tiap hari saya menggunakan BCA mobile sangat memudahkan untuk bertransaksi,0,10,positive,,0,False
6b18706b-0fe7-44ea-b30e-c6a79e06e3bd,1,2026-06-23 06:12:56,"M bankking gak sengaja ke hapus tapi download lagi mau login susahnya di BCA ini harus telfon CS atau Halo BCA, mana pakek pulsa dan mahal lagi,masih ditanya ini itu apalah,gak kayak bank yg lain gampang login nya tinggal masukin nomor kartu dan rekening aja. Tolong lah BCA woi Aktivasi di ATM juga gak bisa kluar keterangan Mbanking aktif padahal blom login RIBET",0,63,negative,"login_otp_access,customer_service",2,True
3a03de84-c225-457f-80ab-a5bfcaee6669,4,2026-06-23 07:52:35,𝘒𝘦𝘯𝘢𝘱𝘢 𝘵𝘪𝘥𝘢𝘬 𝘢𝘥𝘢 𝘯𝘰𝘵𝘪𝘧𝘪𝘬𝘢𝘴𝘪 𝘬𝘭𝘰 𝘢𝘥𝘢 𝘵𝘳𝘢𝘯𝘴𝘧𝘦𝘳𝘢𝘯 𝘴𝘬𝘳𝘨 𝘺𝘢 𝘉𝘊𝘈.. 𝘱𝘢𝘥𝘢𝘩𝘢𝘭 𝘱𝘦𝘯𝘨𝘢𝘵𝘶𝘳𝘢𝘯 𝘶𝘥𝘩 𝘣𝘦𝘯𝘦𝘳 𝘫𝘥𝘪 𝘨𝘬 𝘵𝘢𝘶 𝘢𝘥𝘢 𝘺𝘨 𝘵𝘳𝘢𝘯𝘴𝘧𝘦𝘳 𝘩𝘢𝘳𝘶𝘴 𝘭𝘪𝘢𝘵 𝘮𝘶𝘵𝘢𝘴𝘪 𝘥𝘭𝘶,0,24,positive,,0,False
be4b6875-03cf-465d-9b2d-6ce2386b3509,5,2026-06-23 08:16:14,bagus,0,1,positive,,0,False
ceedb43c-ab7e-49dd-9e85-ff20a9ed269d,5,2026-06-23 08:36:14,Bagus,0,1,positive,,0,False
3aa4ea7b-a45c-4ca8-a28e-9e3088f8e780,5,2026-06-23 10:44:52,transaksi nyaman,0,2,positive,,0,False
7fa13b78-4473-49a9-a6ca-4e1da982fc66,2,2026-06-23 11:09:52,mau aktif in m.banking z..ssh bgt..gagal trs..,0,7,negative,,0,False
2b9cbfbf-c103-4b29-88df-b633372c6610,1,2026-06-23 11:10:04,aplikasi lemot aplikasi tidak bermutu,0,5,negative,app_performance,1,True
40a3693c-394b-4064-986a-0862bf057d31,3,2026-06-23 11:38:26,Setiap masuk aplikasi selalu warna biru jaringannya,0,7,neutral,,0,False
8039b886-77fc-477f-a694-29021401f54b,1,2026-06-23 12:34:33,"setelah di update malah lemot,GK tau kenapa,lampunya merah terus",0,9,negative,app_performance,1,True
11cd8911-9cff-4170-95dd-3673a79bd620,5,2026-06-23 12:39:43,top banget,0,2,positive,,0,False
1091ee8c-6a36-4b23-b670-af30c9b5f772,1,2026-06-23 12:58:34,hilangin aja indikatornya ribet banget sumpah,0,6,negative,,0,False
a649fd45-5ae3-4e12-8f25-a14668a1b0f9,5,2026-06-23 13:55:11,good apps,0,2,positive,,0,False
706bbe8e-273d-4810-a48d-f4e1f0d557f4,1,2026-06-23 15:26:39,"aplikasi bermasalah, udah setor duit ilang semua",0,7,negative,,0,False
13b39856-9883-4629-b57a-80bff8500f7a,5,2026-06-23 16:03:24,👍👍👍👍👍,0,1,positive,,0,False
d2e338a1-2212-4a85-8dc3-c7d7f6b9795f,5,2026-06-23 16:04:32,baik,0,1,positive,,0,False
580bc5d1-6221-405f-8847-bc8b7672b775,5,2026-06-23 17:18:45,bagus pelayanannya,0,2,positive,,0,False
32676e8e-8484-4747-8997-32f514511b77,5,2026-06-23 18:36:08,mantap,0,1,positive,,0,False
dca0b14f-d15e-4c81-9db3-2561d4aec698,5,2026-06-23 18:36:59,mudah digunakan,0,2,positive,,0,False
fe3e4ec5-1185-4a8b-9ffa-e8473fa529a5,1,2026-06-23 19:33:53,lampu indikator yang jadi pusat masalahnya. setiap mau daftar harus nunggu lampu indikator berwarna hijau Mulu. urusin lah lampu indikatornya.,0,20,negative,indicator_light_stuck,1,True
8b39484a-ab3f-4e4e-a70a-c7de47458ede,5,2026-06-23 19:48:34,sangat manfaat,0,2,positive,,0,False
ca40185a-815c-458d-ac87-2bf2ffd87967,1,2026-06-23 21:31:02,"Sinyal sdh lancar, lampu indikator berwarna hijau. waktu pengisiaan Pulsa Token listrik, tdk berhhasil dn buffering terus. tapi saldo berkurang. di notifikasi berhasil. tpi cek inbox gak ada akhirnya saldo ttep berkurang",5,32,negative,indicator_light_stuck,1,True
10e55c40-a92b-44bd-8722-94626d6fd672,5,2026-06-23 21:58:09,bagus,0,1,positive,,0,False
740482ec-a6e4-40bf-991a-b699b8891f02,5,2026-06-23 22:03:51,menyala Bank BCA,0,3,positive,,0,False
600673d4-99d6-4d08-abbd-248d9d2add57,5,2026-06-23 22:10:14,bagus,0,1,positive,,0,False
d1c51ff1-0025-4486-895c-9e93ac0c2f43,1,2026-06-23 22:29:35,"hati hati yg kredit kendaraan di BCA, perizinan debit di rekening yg lama tapi BCA seolah olah berhak mendebit dengan semaunya di rekening yang lain.",0,25,negative,,0,False
46f0402f-fa78-4ea0-b6fb-6b8607f5c5a6,1,2026-06-23 23:56:47,orang pengen bayar ini itu pakai mobile niatnya biar cepet bisa bayar..ini malah ditahan duit orang ..kadang nunggu lampu hijau bisa 10 menit ..biar apa bgtu..malah nyusahin...gw klo ga kepepet udah ogah naro duit di ni aplikasi ..nyusahin orang .duit gw sendiri malah ribet ngambil dan bayar ini itu..mending naro di shoope klo ga gopay ..ga nyusain,0,57,negative,indicator_light_stuck,1,True
43081ba7-ba9d-4af6-912d-d73faf3cf03e,5,2026-06-24 00:59:23,Very best,0,2,positive,,0,False
8f639409-d240-44c5-a102-4809b6430caa,1,2026-06-24 01:50:14,merah aja lama ijonya aneh ini lama2 eror aja lampu indikator merah trus g jelas,0,15,negative,"indicator_light_stuck,app_performance",2,True
7834e703-70e4-4b5f-93ea-577362bc6d86,4,2026-06-24 03:24:57,ok,0,1,positive,,0,False
1098ebd8-30d7-4113-a070-d8b7517d588f,5,2026-06-24 06:31:16,good,0,1,positive,,0,False
0e5a842b-10b8-417e-b117-b6422a10b5ad,5,2026-06-24 07:37:35,oke mantap,0,2,positive,,0,False
7618fae0-f924-4f7c-b5d1-7e8a6e54209b,5,2026-06-24 07:52:23,sangat membantu,0,2,positive,,0,False
3a545bb3-78bf-4e0d-a2e8-54e6b0ace7a4,3,2026-06-24 08:21:36,bagi pengguna baru aplikasi ini agak membingungkan...untuk melakukan transfer ke rekening baru mesti didaftarkan dulu Dan kalo jaringan kurang stabil tak bisa melakukan transaksi apapun tidak seperti aplikasi mobile banking lain yg Sy pakai meskipun koneksi buruk tetap Masih bisa melakukan transaksi meskipun terjadi jeda,2,45,neutral,,0,False
87c52cd4-285d-45f6-b9b7-e11b0632d73d,2,2026-06-24 08:27:39,"indikator merah-biru-hijau sangat tidak efisien, bagi sy",0,7,negative,indicator_light_stuck,1,True
59021c1e-510d-4afb-850e-1dc550a06166,5,2026-06-24 09:55:39,"m-BCA udah paling nyaman buat mobile banking. Transfer, cek mutasi, bayar PLN/BPJS semua ada. Login pake sidik jari/face ID jadi cepet. QRIS bayar di toko juga lancar. Jarang error, aman karena bank gede",0,33,positive,app_performance,1,True
4a848462-b1a1-424c-8b26-9ff247e5334a,5,2026-06-24 10:07:23,"Terbaik.. jam berapapun transaksi,pasti aman.",0,5,positive,,0,False
22dd9736-449a-421d-8ba5-9f1197651370,1,2026-06-24 10:21:04,"SUSAH MASUK, DI BAGIAN LOGIN OTP SUSAH DITERIMA!!!!",0,8,negative,login_otp_access,1,True
4f7957d1-be5e-429e-bf92-c7ac18320854,1,2026-06-24 10:29:15,aplikasi keluar2 sendiri,0,3,negative,,0,False
d93eb661-f778-46d4-85af-b2f788486dbf,1,2026-06-24 11:19:28,"lampu indikator selalu merah, padahal jaringan lancar",0,7,negative,indicator_light_stuck,1,True
f3deebc8-8c63-4450-8488-1ccbcedbf573,1,2026-06-24 11:23:44,buka kamera buat qris lama,0,5,negative,,0,False
135e7080-94c7-4735-bbd9-7668ea6001c4,2,2026-06-24 12:01:00,"saya mengirim sms utk mengaktifkan akun my bca dgn mengirimkan nmr kartu atm, tapi sampe sekarang my bca saya belum aktif, kenapa ya",0,23,negative,,0,False
f4195dec-d047-42de-9b53-f19d4a44ab03,5,2026-06-24 12:11:25,mudah di gunakan,0,3,positive,,0,False
4cf97ed1-829b-4c20-984d-ff4ce2ae61dc,5,2026-06-24 12:25:58,makasih BCA Mobile. saya bisa tambah gampang untuk transaksi transfer dan kirim uang..,0,13,positive,,0,False
1ada5c28-fccf-42c2-a3a2-edaa0089fdc5,1,2026-06-24 13:30:37,"dari 5 hari ini gak pernah di kirim kode keamanan ny, sedangkan pulsanya selalu berkurang, kesel banget",0,17,negative,,0,False
2a29cce5-eb0c-4b78-bd8c-7ae1875b21a6,5,2026-06-24 14:26:43,sinyal,0,1,positive,,0,False
3baf3044-19aa-42a1-b678-49ed940d6909,3,2026-06-24 14:58:52,"Berarti bukan sinyal atau suruh restart hp, yang komen rata2 indikator lemot dari merah kehijau. terimakasih tolong diperbaiki",0,18,neutral,"indicator_light_stuck,app_performance",2,True
8da07c01-532d-41ab-8ba9-85ecff6428ff,2,2026-06-24 15:16:45,update tan terbaru lama banget update nya jaringan bagus sayang sekali untuk hal ini,0,14,negative,,0,False
9e3fca7d-37fd-4f98-a244-b6003649fa04,5,2026-06-24 15:28:29,BCA mobile semakin makmur dan sejahtera untuk ke depannya 🤲,0,10,positive,,0,False
b361b996-65a6-440d-9a34-c370767bf8f3,1,2026-06-24 15:48:08,"gajelas , gabisa masuk alasan tidak terang mulu",0,8,negative,,0,False
341a7ed2-98b1-48e0-9fd4-363dbadb5d13,3,2026-06-24 16:12:57,"disaat menggunakan paket data.. malah lemot muncul tanda merah, begitu beralih ke wifi Berjalan normal. padahal paket data diatas 15 giga..",0,21,neutral,app_performance,1,True
96fbcf1c-f138-44ee-9b11-579eb4488d52,5,2026-06-24 17:18:19,tapi eror melulu yah padahal data bagus pulsa ada,0,9,positive,app_performance,1,True
a02264df-0238-4361-9d93-3d700ed90901,1,2026-06-24 17:53:40,ini kenapa tidak bisa di buka,0,6,negative,app_performance,1,True
8793bf8c-ae6c-410c-95cc-8c4fb2c96d37,1,2026-06-24 17:56:03,"INI KOK INDIKATORNYA MERAH TERUS SE, COK! SINYAL AMANNNN..., EROR TERUS",1,11,negative,"indicator_light_stuck,app_performance",2,True
59935d7b-39b1-42e1-bfcb-42fa8c79314c,5,2026-06-24 19:52:48,ok,0,1,positive,,0,False
98baf3e1-85e5-4fae-acd3-a287f3e040d7,5,2026-06-24 20:28:26,kak cara masuk ke m-bca gimana kak soalnya tadi ke hapus trus download masuk ke m-bca tapi harus aktivasi lagi kak,0,21,positive,,0,False
17b925e7-7b4b-4a2b-a26d-a09d710a885b,1,2026-06-24 20:55:50,"Hallo selamat malam, saya tadi top up shopeepay tp kok gak masuk"" dari tadi, ketika saya coba topup lagi masuk yang ke2 yang pertama tadi blm masuk sampai sekarang. tolong di bantu",0,32,negative,,0,False
d48bebe0-b0c5-41c8-a2fa-d79b8f7cf79d,5,2026-06-24 21:00:54,bagus,0,1,positive,,0,False
3cf26fcc-860d-49f9-a79f-beb2297ce5c2,1,2026-06-24 22:11:45,verification wajah ampe lelah ga jadi jadi makin burik azah,0,10,negative,,0,False
7bfbe002-e710-47e9-b7ac-a3035a48cede,5,2026-06-24 23:08:34,good,0,1,positive,,0,False
186687be-4a13-4d4f-a79d-0b7dbc1b766b,1,2026-06-24 23:54:26,indikator merah terus ini kenapa ya,0,6,negative,indicator_light_stuck,1,True
0f60e9f2-4ef7-4714-89bb-f2b3efd8d0a5,5,2026-06-25 00:19:30,bagus,0,1,positive,,0,False
36b2c72f-40da-4d9e-82b5-788f384ee828,3,2026-06-25 00:47:07,tolong di perbaiki sering merah indikatornya,0,6,neutral,,0,False
4dbee368-9e44-4c17-88c1-b77578e573a7,1,2026-06-25 01:15:34,lbh mudah pelayanan nya,0,4,negative,,0,False
da20cc1c-4351-401b-b2ea-6f05e136a143,5,2026-06-25 01:31:00,"tiap hari selalu menggunakan bca mobile karna sangat mudah transfer, dapat notif bukti transfer dari yang lain dll pokoknya jos terus",0,21,positive,,0,False
8d0675ab-efeb-4377-b7a3-33ac2a41dfbe,5,2026-06-25 01:33:15,"yang lain sdh bisa login pakai pingerprint, ko BCA belum ya",0,11,positive,,0,False
63f2b397-b68f-4f59-8d45-7bf54079f7d7,5,2026-06-25 03:44:07,sangat membantu di gunakan di luar negri .,0,8,positive,,0,False
f52cb130-9cf0-4502-8847-b1be588d7b86,1,2026-06-25 05:32:53,parah mau bayar makan aja harys di buat kesel gara2 mau qr lampu indikator biru trus merah padahal sinyal bagus pake wifi juga sama tolong perbaiki lagi sangat tidak nyaman klo perlu hilangkan aja itu lampu indikator kaya bank bank lain mau bayar tinggal tap beres ini malh setengah jam lebih ga bisa2 akhirnya bayar kes,0,56,negative,indicator_light_stuck,1,True
b91e0f0e-8b4a-428a-b8fa-2b059a9965d6,5,2026-06-25 06:02:48,app lebih lengkap,0,3,positive,,0,False
211b60cd-23fa-403c-868e-dad6805940de,5,2026-06-25 06:41:03,Okay bagus,0,2,positive,,0,False
00042635-124f-43a1-87ad-9e559c682323,5,2026-06-25 09:15:01,BCA mobile saya mau login kenapa ga bisa? #trimakasih,0,9,positive,,0,False
045d70a3-51b6-4161-93af-a6f3d6a3ea5a,1,2026-06-25 09:35:04,tiap scan pembayaran qris selalu double pembayaran kadang sampe 3x dan saldo saya blm kunjung kembali... tolong di audit itu,0,20,negative,,0,False
be9036bf-692b-44d7-92c0-678aa1efa66c,1,2026-06-25 11:48:40,"aplikasi murahan, ferivikasi KTP Sdh asli, muka Sdh terfoto jelas....masak tertolak terus ferivikasi 10x",0,14,negative,,0,False
5ae6674d-0979-4d46-ad68-654034b5d733,4,2026-06-25 13:07:31,Lampu indikatornya sangat mengganggu transaksi jadi lelet,0,7,positive,,0,False
5f0713ed-7e5d-4d69-8f32-97e74dfbd930,4,2026-06-25 14:24:16,tolong dilengkapi untuk pembayaran Pajak Negara seperti Pph dan PPn yang menggunakan Kode Biling.,0,14,positive,,0,False
a8d131e4-f73d-4775-9d00-2732b778b7c8,4,2026-06-25 14:43:20,"untuk transfer ke dompet digital (dana, gopay, ovo, dll) bisa tidak dibuat ada pesan nya",0,15,positive,,0,False
8a88c98d-7db9-43f6-aa0d-03c8e50d5637,5,2026-06-25 16:11:23,Sangat bagus dan berkesan,0,4,positive,,0,False
390a1805-ea6e-4c4a-8573-bfc22bd46a5a,1,2026-06-25 16:17:29,"ini bca kenapa selalu merah ya setiap transaksi pdhal signal bagus,wifi jg bagus..kadang bikin malu kalo mau pembayaran ga bisa2 gara2 indikatornya merah..coba deh liat rating nya smua mengeluh hal yg sama..ada apa dgn bank sekelas BCA..",2,37,negative,,0,False
9abdc6d6-c0fe-4726-b175-0331e2072148,5,2026-06-25 16:30:01,sangat berkesan mengunakan aplikasi ini tolong aku suka sekali sangat membantu,0,11,positive,,0,False
c42d5ad4-4420-4156-a0b1-ef48377a1eb4,5,2026-06-25 17:11:03,sangat baik dalam segala pelayanan nya,0,6,positive,,0,False
e6fc03f5-a431-433c-9497-b9016f15e9fb,3,2026-06-25 17:59:31,saya sering mengalami kendala vermuk saat mau masuk menggunakan perangkat lain,0,11,neutral,,0,False
1fd820eb-fd10-42cf-a32b-4c48495dc038,2,2026-06-25 18:10:12,"makin kesini makin burung ,tanda merah terus",0,7,negative,,0,False
95b933f5-857b-498c-8525-e9e7486b2100,2,2026-06-25 19:13:21,"Sering trouble, lampu indikator bermasalah, padahal jaringan ada dan berfungsi..",6,10,negative,"indicator_light_stuck,app_performance",2,True
6534f3fe-da7e-4479-bbf9-9cf806b7e47e,1,2026-06-25 20:10:15,makin ke sini verefikasinya makin sulit contoh nya wajah GK kelihatan kameranya,0,12,negative,,0,False
f9077e9b-c7e5-4b7b-8ece-6238280eb81d,5,2026-06-25 20:39:53,mantappppppppppp,0,1,positive,,0,False
d52f4ea5-76df-4096-b43b-919396c50cf6,5,2026-06-25 23:19:03,skrng lemot BCA bnyak lemot nya,0,6,positive,app_performance,1,True
5807a3c5-6f04-48a8-9f90-4e0a2a8762e1,1,2026-06-26 00:13:05,"lampu merah terus, internet buat koneksi lain download dll kenceng, buka m banking bca doang merah, kamprettt",0,17,negative,indicator_light_stuck,1,True
1ae0940f-66a9-44e8-be3a-4f8cef9e8a3b,1,2026-06-26 00:35:06,sekelas BCA indikator merah mulu buruk sekali sistem nya,0,9,negative,indicator_light_stuck,1,True
5ce176d4-4d0c-441d-a958-9d738ecaacca,1,2026-06-26 01:40:34,"kita kirim dari bank lain, katanya nomor rekening anda tidak dikenal. kok bisa gitu",0,14,negative,,0,False
6cd2db56-4278-44dd-8ef6-ac1b84558efd,1,2026-06-26 01:51:00,akhir akhir ini kok parah....indikator sering merah...apa gangguan? sy sampai bingung..ini ada gangguan jaringan atau aplikasi minta diupdate...nggk ada info dr oprator sm sekali. biasanya utk bca mobile josss terus...tp sdh sekitar 1bulan ini parah. weteng luwih tak golek sego goreng sik.,0,42,negative,"indicator_light_stuck,app_performance",2,True
66eaffe3-771e-4b1c-852b-ce749501e431,5,2026-06-26 04:36:39,sangat bagus sekali. dan bermanfaat,0,5,positive,,0,False
d9191175-0a9a-4648-9272-1179af8f64e6,1,2026-06-26 05:05:45,"Ganti hp n download lagi aplikasi v giliaran menunggu kode verifikasi dtunggu tunggu mlah g nongol"" padhl no mbca jg terpasang Ampunnn,giliran verifikasi wajah susahnya mnta ampun,gagal trus,alesan kurang terang,Mlah nyusahin",0,31,negative,face_verification_failure,1,True
ef44822e-d991-476c-b06a-2771adf807fa,5,2026-06-26 08:05:21,mantab,0,1,positive,,0,False
7a8d6e6c-58cd-469b-9e01-d89e4e89cdd5,1,2026-06-26 08:11:12,"payah,, sekarang simpen uang di BCA sudah tidak aman..kaya taiiii",0,10,negative,,0,False
8f69dc84-84dd-4307-a68e-a17aeaf4c735,1,2026-06-26 08:55:28,"jelek, lemot, mending MyBCA, jelek pokoknya",0,6,negative,app_performance,1,True
e158f6b5-a3dd-4273-9b40-ab9bc187befc,1,2026-06-26 09:10:32,"pencuri duit 4,6M ga dibalikin wkwk",0,6,negative,,0,False
bf0d6612-0c91-405f-9e7c-dbe7963342b7,1,2026-06-26 09:26:43,masalah lampu indikator merah ke hijau sngat lama tolong perbaiki..ketika transaksi harus menunggu lama,0,14,negative,indicator_light_stuck,1,True
bc2848b0-872f-4548-9aad-2ad3fba70522,2,2026-06-26 09:40:55,qris tdk optimal,0,3,negative,,0,False
88a0bef7-1b12-4345-8d92-38b609fe2e7c,5,2026-06-26 11:25:45,very good,0,2,positive,,0,False
526e69f3-ee37-4a3f-a3a0-43c56797fa6a,2,2026-06-26 11:47:56,parah lemot bener sekarang m-bca lampunya merah terus,0,8,negative,app_performance,1,True
6487c3fa-61c7-4623-affc-e0c8a45a2c4a,1,2026-06-26 12:21:36,"Salah dikit, ngulang dr awal",0,5,negative,,0,False
f8e350b0-f2c6-4006-a681-f0706eaabe97,5,2026-06-26 12:26:30,ngebantu banget ini aplikasi...makasih BCA,0,5,positive,,0,False
dcbe4580-1c01-4745-a250-e80a7c997c08,1,2026-06-26 13:00:03,"akhir akhir ini koneksi sering putus, pas melakukan transaksi indikator tiba tiba jadi biru kadang malah merah. padahal data internet lancar",0,21,negative,indicator_light_stuck,1,True
21e001de-2a6b-48b3-a63f-9243d4d8c203,1,2026-06-26 13:14:48,"otp susah masuk, habis pulsa gw isi 20rb",0,8,negative,login_otp_access,1,True
162a4182-ebf3-47a4-a167-64d3236c14aa,1,2026-06-26 14:24:31,ribet asu udah abis pulsa banyak mau ganti kartu Gagal trs,0,11,negative,,0,False
09d6f42c-c330-4407-9666-014ef2d00d37,5,2026-06-26 14:41:16,BCA Mbangking terbaik dan terima kasih,0,6,positive,,0,False
6b032f12-fcdc-498d-b371-7ad8a7630881,5,2026-06-26 18:00:11,bagus,0,1,positive,,0,False
581d0ade-248f-4bc1-ad7d-d7e0a85da204,1,2026-06-26 18:01:56,makin parah lampu merah terus gk hijau2 tolong di perbaiki,0,10,negative,indicator_light_stuck,1,True
31bacb78-fd05-44fd-96d1-91d6345743d7,5,2026-06-26 18:03:01,MBCA sangat membantu semua transaksi dan bisnis saya sehingga bisnis sy lebih cepat dan lebih lancar lagi..mantap BCA,0,18,positive,,0,False
8535249e-65df-413a-a5b2-bfcc34502f13,1,2026-06-26 18:04:37,"akhir2 ini transaksi sulit menunggu indikator warna hijau padahal sinyal dan Data bagus, namun indikator hijau sulit",0,17,negative,indicator_light_stuck,1,True
9ed04a6d-79bf-42f4-a921-04f8d1983730,5,2026-06-26 18:14:32,Terima kasih Pak Adji Kantor Tekno BSD mantep bisa banyak ini saldonya gak muat di Kartu ATM baru😊,0,18,positive,,0,False
f08f01fc-85f8-44a2-bf54-e4f306605711,1,2026-06-26 18:15:49,"Busuk bgt, mau dipake transaksi prosesnya lama. lampu indikator ga berubah-ubah ke ijo, stuck di biru terus. segera perbaiki",0,19,negative,indicator_light_stuck,1,True
381c10eb-ca2b-46c3-8910-97fcf43fab3f,1,2026-06-26 18:17:12,"BUMN lg bumn lagi. akses qris susah banget, karena ga ada untung kah? lama bener nungguin ijonya, heran sekali",0,19,negative,,0,False
bf9915bc-831e-4668-86d1-d0157469e3c7,5,2026-06-26 18:34:55,"saya sangat puas dengan, sistem pelayanan BCA, anan dan terpercaya.",0,10,positive,,0,False
0b81c051-17a8-4f80-b22d-1a05ccf50613,1,2026-06-26 19:26:00,"cape salfie pindah"" kayak kucing mau lahiran. sampe kayak orang gila di liatin org. sampe"" di ledek disangka lagi vermuk mau pinjol.. asli cape malu maluin pake bca ini. mending pindah rekening aja lah.",0,34,negative,,0,False
47bdc8ae-f1fa-49e4-b17a-f8c5f5a580e8,5,2026-06-26 19:50:41,jos jis,0,2,positive,,0,False
805918a9-61a1-4c52-8697-2586cd44b2aa,5,2026-06-26 20:14:27,ok,0,1,positive,,0,False
e46f1e31-aa15-4c11-bc74-4d9816f2294d,1,2026-06-26 20:33:32,"apk nggak guna aktivasi nya susah minta ampun, pulsa habis tpi malang nggak bisa login",0,15,negative,login_otp_access,1,True
a652000c-213e-4abe-94e9-a88f46bfa3e5,1,2026-06-26 20:53:16,susah bgt ngirim kode otp mau buka mbangking aja.. dah brp hari ga di kirim2. no telpon aktif panjang pulsa banyak.. aneh status pengiriman pesan terkirim.. sangat aneh,0,28,negative,login_otp_access,1,True
8b6b7952-9ed4-43fb-b293-8ea0146060fe,5,2026-06-26 20:55:18,Best apps ever!! 🥰,0,4,positive,,0,False
f66630f9-44ae-457b-86ed-f161e9e9e7b0,5,2026-06-26 21:29:43,ok,0,1,positive,,0,False
1e73b939-908d-4ead-adff-1374fcf20b44,3,2026-06-26 21:50:15,"kenapa setiap mau melakukan pembayaran tanda hijau nya susah suka stuck di biru, jadinya setiap pembayaran suka lama karena nunggu hijau dulu",0,22,neutral,,0,False
c1034e39-8378-4a53-9e4f-aefb0143fb34,1,2026-06-26 22:19:23,make telkomsel merah trus hadeh parah ngikk,0,7,negative,,0,False
07dc3112-707b-4cb8-a75e-8e9cb7d75f6f,1,2026-06-26 22:21:40,"Kenapa sekarang kalo buka aplikasi ini selalu lama & selalu berwarna merah diawal? Jadi kalo mau bayar pake QRIS pun was-was, karna SETIAP buka selalu merah sedangkan internet tidak ada masalah, aplikasi lain berjalan normal.",0,35,negative,,0,False
9b0773b8-b0c9-464b-ae29-60a03dbc44dc,5,2026-06-26 22:59:41,kapan update versi 4.8.6 utk android? spy muncul notifikasi financial diary sperti ios. di ios saja sdh update versi 4.8.6,0,20,positive,,0,False
662ba116-8317-478e-baf1-2bf459f1c8bf,5,2026-06-26 23:05:24,mantapp,0,1,positive,,0,False
f87894a1-d2ad-4a2f-a42b-526de9879b6e,3,2026-06-26 23:34:46,Alhamdulillah selalu terbatu,0,3,neutral,,0,False
626ecec2-9ab1-4dee-99b9-289f7b8135ad,1,2026-06-27 00:50:19,customer servisnya tidak kompeten,0,4,negative,,0,False
53d43e53-eed2-4be2-98b2-769f41cb42a6,5,2026-06-27 02:03:37,"hallo kka. saya baru ajh ngalamin saya transfer dari bca ke BRI trs ada bacaan seperti ada kendala gitu lah. suruh liat mutasi sudah terpotong atau belom. trs saya liat udah ke potong dan di Bru syaa belom masuk. kira"" itu knp yh ? apa uang saya bisa balik ?",0,50,positive,,0,False
66630f86-fdb6-4088-aff6-cf4f44fd3cc2,1,2026-06-27 03:19:13,"Mau buka rekening selalu gagal, di suruh kirim SMS, udah berkali kali, malah percobaan penipuan terus, tapi ga masuk masuk, astaghfirullah, puluhan kali sampe abis belasan ribu pulsa nya cuma buat buka rekening, sampe sekarang blm bisa, hadehhh",0,38,negative,,0,False
69f81711-7b48-40b3-a355-c2e54d8b5082,5,2026-06-27 06:53:47,sangat membantu,0,2,positive,,0,False
111a59c9-2dfa-40e4-83e1-0c26c4de5470,4,2026-06-27 07:14:06,sudah lebih baik dari sebelumnya...,0,5,positive,,0,False
dc109b55-d963-4f9c-bb20-c328a8d9d443,5,2026-06-27 08:33:25,saya kasih bintang 5 biar di baca oleh BCA. tampilan menunya dri dlu gitu2 aja jadi bosan,0,17,positive,,0,False
2a3837e9-3860-4c8c-9c40-c79205e73563,5,2026-06-27 08:56:55,Aplikasi yg sangat diperlukan saat dipergunakan senantiasa lancar tanpa kendala,0,10,positive,,0,False
19ac0f2f-cb7e-46b3-8524-20f833bee9a7,1,2026-06-27 10:19:42,"lemot parah, beralih ke bank digital",0,6,negative,app_performance,1,True
9cc61ab4-7e30-4953-b916-1621a416ff8b,5,2026-06-27 11:10:57,mantap,0,1,positive,,0,False
fc658c89-f1f1-454e-b99e-12197a4b4455,5,2026-06-27 11:53:00,pokoknya mantap,0,2,positive,,0,False
c7ec06e8-50e3-4a6e-8866-857c09692962,2,2026-06-27 12:33:02,nunggu indikator ijo kayak nunggu bus lama banget,0,8,negative,indicator_light_stuck,1,True
63ee412a-937e-44e0-97d7-60e15e2172b1,1,2026-06-27 13:00:07,"makin kesini bukannya makin bagus malah jelek banget, aplikasi lemot buat pembayaran Qris susah selalu gagal karena lampu hijau hilang terus, sangat menghambat pembayaran, ga bisa di gunakan untuk transaksi Qris, uninstal aja deh ga mau pakai bank BCA lagi karena ga bisa untuk Qris jadi ga guna.",17,48,negative,"transaction_failed_balance_deducted,indicator_light_stuck,app_performance",3,True
c5039074-95f2-437d-996e-b7c9e3625471,1,2026-06-27 13:56:13,kesal kali saya SM bank BCA ini.ENTH kemana data nasabah yang 6 bulan tidak aktif bisa dpt di tangan pihak ke3. smpai akhr ny dia tau smua data saya .dan terpaksa ya hrs blokir rekening mandiri saya semntra dmn skrng saya kesusahan.blom BS guna kn living sya . jngn nm nya bank internasional aj . Bertanggungjawab sikit SM data nasabah. dia berbasis kartu digital BCA kt ny.smpai BRP KL saya dihubungi buat mnt rekening.saya akn ke kantor cabang BCA buat pertanyaan ny..sy punya bukti mrk jls sbt bca,0,88,negative,customer_service,1,True
c6ad4914-91ab-46e6-a185-8124137c994f,1,2026-06-27 14:24:18,"TARIK AJA UANG KITA SEMUA ... TRANSAKSI BURUK DI APLIKASI INI SANGAT SUSAH BUAT TRANSAKSI JARINGAN NYA MERAH TERUS, PADAHAL INTERNET KAMI STABIL & BAGUS.. MEMANG APLIKASI KEUANGAN BCA AJA YG SANGAT BURUK JELEK GAK BERKUALITAS.. APLIKASI KEUANGAN TERBURUK YG SAYA RASAKAN.. GANTI BANK AJA MENDING DARI PADA BEGINI TRANSAKSI SUSAHH GA BERES",1,53,negative,,0,False
e7d05894-2290-420e-bce3-aac592e7922d,3,2026-06-27 14:52:38,best aplication,0,2,neutral,,0,False
70d9ecdf-d123-4852-8325-b15e24a29ff6,2,2026-06-27 15:39:28,"belum update yg ada notif pemasukan dan pengeluarannya, padahal udh update",0,11,negative,,0,False
25f1ee00-9342-4c97-bb05-dc7e0acaeff4,5,2026-06-27 16:21:05,bagus sekali,0,2,positive,,0,False
576bf8d3-98f9-4a3a-8b2f-5bfd942ce18c,1,2026-06-27 16:49:09,"tiba tiba ga bisa, gjls",0,5,negative,,0,False
8071d844-32c0-45f5-8e7c-5b9a9004f490,5,2026-06-27 17:49:52,mantap,0,1,positive,,0,False
86753129-f7ed-45f2-a275-fd0d7a4d6713,5,2026-06-27 18:22:14,kenapa qris saya tidak bisa di pakai,0,7,positive,,0,False
4ef0f4f6-c348-4b86-9fa1-d869db614b35,1,2026-06-27 20:13:25,"tidak bisa di akses, padahal sangat di perlukan sekarang . mau aktivasi footo KTP ko layarnya putih semua",0,18,negative,login_otp_access,1,True
06e07811-1956-4b59-9e27-076cb09f951c,1,2026-06-27 20:53:39,Jaringan penuh tapi sttusnya Biru mulu,0,6,negative,,0,False
023e4c1d-705f-487e-bb79-e3d88259d24d,1,2026-06-27 20:56:55,bintang 1 untuk kasus BCA Malang,0,6,negative,,0,False
f57d131e-3136-4946-9688-86551122f194,5,2026-06-27 21:49:32,sangat menbantu,0,2,positive,,0,False
3db2ccbe-f601-4b57-992c-50e72b67c78a,1,2026-06-27 23:04:52,parah sering gangguan,0,3,negative,app_performance,1,True
99b76199-bfb8-4ed5-a59b-3239dfbe9329,5,2026-06-27 23:41:55,gooc,0,1,positive,,0,False
02904235-c44a-4fbb-bbe5-28ef3507e9f9,5,2026-06-28 01:03:57,bagus cepat,0,2,positive,,0,False
ccb2cd60-6d61-41c2-90b7-affa9a5be8d3,5,2026-06-28 01:09:29,sangat bagus,0,2,positive,,0,False
b6593136-117f-4c17-8790-49d0f5a5af65,4,2026-06-28 05:33:46,"kangen bca mobile yang dulu, yang enteng satset, skg buka aplikasi aja butuh 3-4 detik, padahal hp yg sama, masuk² menu butuh 1 detik, hadeeh, padahal aplikasinya udah mumpuni banget",0,30,positive,,0,False
a43141d3-b467-431c-9fd7-78b8ee1e286a,1,2026-06-28 09:13:48,"layanan makin buruk, tidak dapat transfer ke bank bjb syariah padahal buat keperluan kpr dan saat ini saya di luar kota terancam kena sangsi dari pihak bank bjb karena terkesan menunggak pembayaran😡😡😡",0,32,negative,,0,False
77ad271f-bafd-4c11-8e3d-62e3c0d84186,5,2026-06-28 10:35:30,sip bagus utk memudahkan pelanggan,0,5,positive,,0,False
42d82ae8-e228-40c5-a9ce-24764605586e,3,2026-06-28 12:03:00,"Tidak bisa Ferivikasi Data diri,sdh berulang ulang tetap aja tdk bisa,kmrin² bisa tdk tau knpa skrng sdh ngk bisa.",0,19,neutral,,0,False
68f487a0-7f7e-41ae-a92b-26ee323e491a,4,2026-06-28 12:36:42,baik,0,1,positive,,0,False
1c046e88-74cc-406d-8322-ef641550e358,1,2026-06-28 13:10:09,gk bisa di buka aplikasi nya,0,6,negative,app_performance,1,True
c3459d0a-476d-46d0-a5ce-da0cd7697a9f,2,2026-06-28 13:10:34,"jadi ngaco gini ya BCA, beli token listrik saldo kepotong, token gak keluar loading terus",0,15,negative,,0,False
f9899067-95de-40a1-aa0a-00543b118822,1,2026-06-28 13:23:43,"ferif ulang muka susah kali, sistem pengenalan mukanya sangat buruk",0,10,negative,,0,False
5783c52a-d0f7-474a-aa74-f3f22fdc1ca4,1,2026-06-28 14:04:32,"Masak 4,6M milik nasabah ilang dibiarin?????",0,6,negative,,0,False
5a4052c5-1acc-4888-8b67-a568cfac4a0c,3,2026-06-28 14:25:21,"sering gabisa login, tanpa alasan yg jelas",0,7,neutral,,0,False
4c22757e-9b15-4904-8e18-3bb1ef35dd00,5,2026-06-28 15:35:37,good,0,1,positive,,0,False
6a39075b-5e67-4319-a557-74af27a2604f,2,2026-06-28 15:58:24,"beberapa kali logout sendiri, mau aktivasi lagi pulsa sudah berkurang buat SMS aktivasi tapi belum bisa lsg aktif dan harus diulang2 pdhl makan pulsa jg blm aktif , agak payah Krn mau aktivasi susah , ini sudah yg kesekian kali nya , mohon di perbaiki ..",0,46,negative,,0,False
9d6b3514-4613-4aef-911c-6c22af60d110,5,2026-06-28 16:28:25,mantap,0,1,positive,,0,False
adb367cd-ead5-4882-9768-8fa0306f0d20,1,2026-06-28 16:58:00,"nunggu lampu hijau susah ,sekarang makin parah kalau pakai qris udah scan ketolak gara2 ga hijau",0,16,negative,indicator_light_stuck,1,True
da0b33c7-97fa-4466-bc8a-b52c6ce85fda,2,2026-06-28 17:42:33,kenapa BCA Mobile saya klau di buka selalu minta verifikasi terus??,0,11,negative,,0,False
588aae61-2f7e-4c2a-8c83-f48b0dce1675,3,2026-06-28 17:56:07,super lelet,0,2,neutral,,0,False
ae300c3d-145f-4057-b7ed-47042f7940c0,5,2026-06-28 18:34:05,baik,0,1,positive,,0,False
faea4bb9-ff99-4f5a-8c53-b1b8e5891fa0,5,2026-06-28 18:35:48,mantap lah,0,2,positive,,0,False
5dc9308a-b918-4a0f-a227-8c3ea63d5b1d,3,2026-06-28 18:36:03,kenapa gak bisa login ke bca nya tunggu berapa saat lagi brapa lama nunggu nya,0,15,neutral,login_otp_access,1,True
c01f0657-5c96-4b21-a7f6-132ea5601ee1,1,2026-06-28 18:40:33,udh ga aman,1,3,negative,,0,False
2c8e697b-1673-406d-8fbe-9e282aae9d55,1,2026-06-28 18:51:23,"lampu hijau bermasalah sampai"" tf sendiri baru tdk bisa di lihat transaksinya",0,12,negative,indicator_light_stuck,1,True
a5f1edc7-4daf-4a74-9f52-0563c7d60d94,1,2026-06-28 20:12:35,gak ada notif transferan masuk,0,5,negative,,0,False
a5e0e77a-4c68-4958-9103-c28ae26ae27a,5,2026-06-28 21:06:32,bagus,0,1,positive,,0,False
df9e688f-5d8c-49d3-a017-3f65dd24e886,1,2026-06-28 21:09:02,transaksi sangat lambat,0,3,negative,,0,False
1a0c75e4-03ee-4e5a-8fa0-d33e317bf0a5,5,2026-06-28 21:36:12,"keren ada fitur notifikasi uang masuk dan keluar nya. ,,",0,10,positive,,0,False
9199ba5b-bc47-4ae6-9bf9-0199762002bc,5,2026-06-28 22:28:04,ok,0,1,positive,,0,False
03d0666e-aa65-4216-8754-5fdc53820c9b,1,2026-06-28 22:52:28,"kalo udah login sampe verifikasi itu ga usah verifikasi wajah lah buat liat saldo rekening, ribet banget, mana wajah udah jelas banget dibilang gagal verifikasi sampe kudu hubungi bca lah, ngabisi pulsa pula, pulsa gua abis 20k cuma buat sampah gini doang.",0,42,negative,"transaction_failed_balance_deducted,face_verification_failure",2,True
2dcac43f-61c1-47dd-addb-f9ce5957730b,3,2026-06-28 23:05:40,lampu ijo nya lama banget kek persimpangan lampu merah daan mogot,0,11,neutral,indicator_light_stuck,1,True
12b5555c-0f7a-4afa-8865-7c07fd19ce76,1,2026-06-28 23:48:41,"bank khusus orang kota salah pass sdikit terblokir my BCA di suruh masukkan no kartuATM, buat kartunya d kantor bca kalau ad d kotamu kalau tidak ada mampus deh.",0,29,negative,,0,False
b43210f2-7978-47d7-a5fd-902006d57e4c,5,2026-06-29 02:17:25,cara nyimpan uang,0,3,positive,,0,False
49af5437-202c-4ea1-8421-6f1d1c834762,5,2026-06-29 03:29:06,good,0,1,positive,,0,False
813cd641-d07a-4560-b129-9034aa995dda,2,2026-06-29 07:20:34,kenapa notifikasi uang masuk ga muncul lagi? padahal semua notifikasi udah diaktifkan?!!,0,12,negative,,0,False
36f2a8ca-6185-4550-a933-22ab2d028a81,5,2026-06-29 08:56:58,sangat membantu terimakasih kak cantik,0,5,positive,,0,False
ec32b68c-087e-403d-89f4-357b559398a5,1,2026-06-29 09:34:28,Jaringan sering lemot,0,3,negative,app_performance,1,True
31ebab82-082b-47e1-b300-6eefbf1a16d8,1,2026-06-29 10:27:14,si super lemot apa sebenar nya fungsi lampu hijau udah lama buka app nya di tambah harus nunggu lampu hijau nyala bikin ribet ini app bukan nya membantu saya uninstal aja,0,31,negative,"indicator_light_stuck,app_performance",2,True
4bc6127b-459c-4bd7-8463-c47a853386f1,5,2026-06-29 10:55:45,the best pokoknya,0,3,positive,,0,False
d8b3cd5e-7a96-4388-abb0-e3ea843170a5,5,2026-06-29 11:35:50,pelayanan bagus sekali terimakasih,0,4,positive,,0,False
8465aef7-bd82-47d5-b5e1-f31403b13028,5,2026-06-29 12:11:36,mantap,0,1,positive,,0,False
d97df164-4a52-469d-9ab8-31520038ce66,5,2026-06-29 13:15:50,ok,0,1,positive,,0,False
9ce7022a-4433-4508-b2a3-3af0081a3e7c,5,2026-06-29 13:54:33,Bagus,0,1,positive,,0,False
e927d1b2-dd7b-434a-a6c4-df5a6e7f72aa,4,2026-06-29 14:49:09,Tr.,0,1,positive,,0,False
4373fa9e-9133-47ec-88f5-a08ec5e3fad7,1,2026-06-29 16:18:20,"Susah nangkap sinyal, jadi sering gagal buka menu atau transaksi. Coba dibuat lebih ringan, agar tidak lambat dalam proses penggunaannya.",0,20,negative,,0,False
a53aa280-b925-4247-8fa8-2ab3588025c3,5,2026-06-29 17:22:29,"BCA mobile sangat2 membantu untuk transfer , mantap bank BCA 👍👍👍",0,11,positive,,0,False
701c5914-3ac9-419b-95de-0323ef219064,1,2026-06-29 17:51:32,"setiap bayar susah, selalu merah sinyalnya. sudah ganti jaringan, update, hingga restart hp",0,13,negative,app_performance,1,True
1474043b-f86b-4a2c-8fdb-d94c6e21de9a,5,2026-06-29 18:38:25,aplikasi ini oke banget,0,4,positive,,0,False
a8e532b8-e5a8-4cca-9328-7f3ab516e340,3,2026-06-29 18:44:10,kenapa tidak ada notifikasi uang masuk saat di transfer? kan biar tidak bingung walaupun saldo nya bisa di pastikan. kan di pantau lewat notifikasi masuk saat isi saldo,0,28,neutral,,0,False
510c7374-97de-432c-8f82-a43fd6d39176,2,2026-06-29 19:42:53,"saat jaringan kurang bagus, tranfer gagal, jadi double transfer",0,9,negative,transaction_failed_balance_deducted,1,True
e9417702-ca74-471e-9dee-c3266ccf82f5,5,2026-06-29 20:02:04,transaksi jadi mudah n kapan aja yg penting ada saldo,0,10,positive,,0,False
1f3179c6-80c3-40b9-909d-0e45972ba028,1,2026-06-29 20:23:41,"ini kenapa ya udh 2 hari tiba"" terlogout dari akun lah, sekarang sudah login pas masuk jaringan bermasalah, tiba"" kluar sndiri, tidak dapat melakukan transaksi sementara... gmana caranya dah klau bgitu, la uang disana smua gmana pakainya ini malah coba nelpon bca Mobile nya boros banget, 15000 habis tapi ga ada hasil apa"" cuman disuruh harap menunggu smpai pulsa habis...",2,60,negative,,0,False
ff49907a-95d4-4c3c-aafe-be40596dc50d,1,2026-06-29 20:31:09,"kendala sama indikator lampu, lemotnya naudzubillag sampe pengen banting hp gegara lampu indikatornya",0,13,negative,indicator_light_stuck,1,True
f190c22f-1143-4ef0-a13a-f2e20216feb2,5,2026-06-29 20:34:00,"This app makes my daily transactions much easier. I can pay for shopping, buy mobile credit, and transfer money without any problems. I highly recommend it",0,26,positive,,0,False
c98fe279-79da-4c02-bb3b-2754964fa2bb,5,2026-06-29 21:14:51,"One of the best mobile banking apps with secure, fast, and user-friendly banking services",0,14,positive,,0,False
dcfbbee8-4aad-4fb7-88ab-7e50b3f6914d,5,2026-06-29 21:52:04,sangat berguna,0,2,positive,,0,False
2f907034-1595-4bff-b090-846f19eb5ff5,5,2026-06-29 22:49:53,kak mau tanya nich..knpa 2hri ini..say kesulitan untuk mengecek ulang bukti trnfer di inbok ..tiap kali ngecek pasti mental kluar kehalaman depn..apa inbok kepenuhan ya..inbokny ad 3rb lebih..dam gmna cranya untuk hpus semua bukti tf diinbok secara keseluruhan..thnk..,0,38,positive,,0,False
3ed09424-7333-4257-97e5-1faeee7a93da,5,2026-06-30 01:32:55,"Aplikasi yang benar-benar memudahkan saya melakukan transfer, cek saldo, dan pembayaran kapan saja. Selama ini jarang mengalami kendala dan prosesnya selalu lancar. Terima kasih kepada tim pengembang yang terus menjaga kualitas aplikasi.",0,32,positive,,0,False
e7d30a26-02f6-41d2-b347-cd527bc2103d,1,2026-06-30 02:38:39,2 kali berturut beli token listrik gak dapet 20kode stroom.. komplain cuma di lempar sana sini g jelas..,0,18,negative,customer_service,1,True
967d8bfa-e1d6-489c-9a4d-68a12f4a0554,5,2026-06-30 09:22:32,simple bikin mudah,0,3,positive,,0,False
b05e9541-f9db-49d4-b3fe-fc93cfcb1d94,5,2026-06-30 09:31:42,"Aplikasi mobile banking yang stabil, mudah digunakan, dan mendukung berbagai transaksi perbankan.",0,12,positive,,0,False
5328e861-9c3a-408e-873d-4a1b682f92b7,4,2026-06-30 09:42:40,ini kenapa ya kode OTP nya gak ada trus padahal nomornya sudah benar? beberapa kali juga tetep tidak tampil kode OTP nya,1,22,positive,login_otp_access,1,True
a0b52367-bd7e-4932-8334-90646bb5ede8,5,2026-06-30 10:27:05,sangat membantu,0,2,positive,,0,False
abd8fcf3-5cf7-4f1d-873d-ddeedc26ae08,5,2026-06-30 10:33:18,kenapa saya ganti HP tidak dpt mengaktifkan kembali m banking nya ya,0,12,positive,,0,False
9f4298da-5e42-4a33-a394-dd3667e956a9,5,2026-06-30 10:56:10,layanan kurg bagus,0,3,positive,,0,False
1ccd514b-8651-43d6-8ffc-892fd7532b48,5,2026-06-30 10:59:55,gasken,0,1,positive,,0,False
5a30c0c8-b745-48c3-b426-9fcf59324ef6,5,2026-06-30 11:20:22,sangat memuaskan,0,2,positive,,0,False
5456f409-3b05-41b1-9c03-8e9fd7d76faf,3,2026-06-30 11:33:24,mau verifikasi wajah malah aplikasi keluar keluar trus. mohon di perhatikana BCA saya sudah pakai BCA 10 tahun aman aja kenapa skrng jadi lemot. mksh,3,25,neutral,"face_verification_failure,app_performance",2,True
14528543-0c8e-4652-a143-b2852e62b517,5,2026-06-30 11:37:10,coba dlu,0,2,positive,,0,False
cae6f3cd-8bcb-4b11-85f9-b497eb76af79,5,2026-06-30 12:47:12,"update nya sangat bagus, ada notif uang keluar dan masuk yg sangat membatu",0,13,positive,,0,False
96d12937-46a1-4e24-9425-cc7a84d714a7,5,2026-06-30 14:35:40,Terima kasih membantu banget untuk tiap transaksi dan cepat,0,9,positive,,0,False
a29648a0-aa3f-4267-812b-1cbfac3d33e7,5,2026-06-30 15:26:18,semoga lancar,0,2,positive,,0,False
e65bc300-fbbc-4aaa-a01c-9bba3946862b,5,2026-06-30 15:38:13,tolong ini ga bisa transaksi gangguan apa,0,7,positive,app_performance,1,True
da17f814-9bda-49b7-813a-d5d852e96e17,2,2026-06-30 16:30:43,tidak bisa registrasi lewat HP,0,5,negative,,0,False
25ce6e84-59fa-4994-b979-025699ebcb32,1,2026-06-30 16:53:44,ribet,0,1,negative,,0,False
700e49e1-f310-474a-976e-ccd4765f5c3c,1,2026-06-30 17:07:31,jlek,0,1,negative,,0,False
3d9a5d19-f6d0-4f6a-8c4d-f84d7c8327ab,3,2026-06-30 17:08:16,"setelah di-update terakhir tgl 12 Juni lalu, sekarang aplikasi BCA mobile tidak bisa di buka dan tiba-tiba keluar sendiri padahal jaringan tidak ada kendala bikin repot kalo lagi ada pembayaran urgent saya harus gimana ya?",1,35,neutral,app_performance,1,True
1220aea5-c0dc-4679-9c3b-1a5f6f56d2f6,4,2026-06-30 18:04:56,bagus,0,1,positive,,0,False
addbde2b-a29f-48dd-9b33-cfa840010737,5,2026-06-30 18:32:01,keren aplikasinya,0,2,positive,,0,False
091bacb8-a5da-4532-b65e-a0fbd1557f53,4,2026-06-30 18:37:25,prosesNy lambat Mulu,0,3,positive,,0,False
ead20d58-eb4e-4945-a019-55c5c8d2a43c,1,2026-06-30 19:12:56,"Bukan nya mempermudah malah memperlambat transaksi, duit gua keluar 2x, padahal yang pertama masi loading lama dan gua close apk, dan transaksi ulang. dan gua cek mutasi malah transaksi loading yg pertama tetep keluarr. apk sampahhh",1,36,negative,,0,False
5b0e92ad-1064-4df8-909d-8738ff0c10ba,5,2026-06-30 19:15:01,"BCA mobile itu aplikasi mobile banking-nya BCA yang udah jadi andalan banget di Indonesia. Kalau punya rekening BCA, wajib install ini. Fitur andalannya lengkap dan cepet. *m-BCA* buat transfer, bayar tagihan, top up e-wallet, beli pulsa, sampe buka deposito bisa semua.",0,41,positive,,0,False
e3cb5b90-8287-4582-920f-b8b61c83233e,3,2026-06-30 19:34:50,"ini kenapa ya min, udah 3 kali dalam seminggu BCA mobile saya selalu minta verifikasi ulang terus.",0,17,neutral,,0,False
a7dc944b-3737-456e-a71d-71f2c738de67,1,2026-06-30 20:26:18,sering terblokir,0,2,negative,,0,False
17a136b3-f908-40ee-90e0-41e4ce49ef36,2,2026-06-30 21:49:44,ok,0,1,negative,,0,False
ca620957-a255-4227-bea6-a230f2e1711d,5,2026-06-30 22:21:52,membantu,0,1,positive,,0,False
8794e3c7-4af5-48dc-8182-0a5e3dab054f,3,2026-06-30 22:40:15,gatau kenapa kok skrg sering bgt sulit ganti hijau indikatornya. harus nunggu lamaaaaa gitu dari merah ke biru akhirnya ke hijau,0,21,neutral,,0,False
ab12e8f9-b82c-4a40-9ef5-a04141a64549,5,2026-07-01 03:29:00,kembalikan aplikasinya,0,2,positive,,0,False
7e3ca575-5ffc-4c5e-8eef-ac4f2df4f1f4,5,2026-07-01 06:25:57,sangat membantu dan praktis,0,4,positive,,0,False
8958fd43-280c-426a-856f-c17a6aaa854b,5,2026-07-01 06:40:42,sangat membantu sekali,0,3,positive,,0,False
b167d579-a249-4182-b6fc-27dae3dd7f40,1,2026-07-01 06:48:05,"ane betul katanya TDK ada pemotongan saat daftar ko 50 RB sya terpotong gimana ni ,saat mau TF balik TDK bisa padahal uang sdh masuk di bca di mutasi rekening, dan hubungi nomor 1500888 ribet Skali harus pilih sesuai, enak sekali baru telpon lagi gak mikir pulsa orang? bca yang salah masah costumer yang kena harus beli pulsa lagi jadi enak sekali kalian , peraturan macam apa ini , tolong di perbaiki terlalu bikin susah costumer, untuk sekarang bintang 1",0,80,negative,,0,False
182725a2-eb96-4a6c-90d2-c4e34fdfa45d,1,2026-07-01 08:23:24,mohon di perbarui lagi masak gaji saya gak masuk dan itupun notifikasi kurang akurat uangnya,0,15,negative,,0,False
50c9d868-b648-4585-8887-a93075739920,1,2026-07-01 08:23:51,apa lah uang gak masuk ke saldo heran tinggal masuk susah banget ga kaya aplikasi lain ribet,0,17,negative,,0,False
950f8b3b-b2a3-490a-bf8f-293857f1b11c,1,2026-07-01 09:54:14,saya isi Flazz lewat BCA Mobile saldo di potong.tapi tidak masuk saldo di Flazz udh sering banget.kalo komplain di persulit. gak jelas,0,22,negative,customer_service,1,True
6c6c8f1b-50fa-497f-a52f-c499266052d8,5,2026-07-01 11:01:43,good aplikasi,0,2,positive,,0,False
148c6c6c-80b0-41b6-8ade-b66f025dc638,1,2026-07-01 12:16:02,"sudah saya coba tiap hari sepuluh kali tapi tetep gagal, sudah di luar waktu siang hari kurang terang bagaimana?? memang aplikasi jelek.. saya kecewa.. padahal ini saya ganti HP karena HP rusak.. jadi percuma ad aplikasi ga bisa dipakek tapi tetep motong perbulan 7k",0,44,negative,,0,False
b18fb83c-a9fb-476a-9d6b-049e3b23d99f,1,2026-07-01 12:19:58,"ini knapa si gak transparan BCA.uangku 700 di tarik 400 kirim ke akun lain 50 rb masuk 1 JT dibelikan tol 102 rb knapa sisa nya jadi 1,087, rb.yg 61 rb kmana.gak ada keterangan nya.pantes saya sering curiga . ternyata potong tanpa sepengetahuan pemilik .",1,45,negative,,0,False
62d69176-63f2-4406-a425-193299322c50,5,2026-07-01 12:31:58,"BCA mobile is a very useful banking app. It is easy to use, fast, and helps me manage my transactions anytime and anywhere. The features are complete and the app is reliable.",0,32,positive,,0,False
8c5c2295-5f2b-42b0-9529-e0a10fbe9279,5,2026-07-01 13:57:07,bsgud,0,1,positive,,0,False
77932200-0b1c-47e0-bcce-6440951a957f,5,2026-07-01 15:28:37,"Knapa nih apk nya ko masuk untuk daftar susah bgt pas d centang nya haduhh, susah aktivasi lagi kenapa ya?",0,20,positive,,0,False
e5082cde-5de9-4b3a-85db-fdd74cb08c4a,5,2026-07-01 15:46:08,respon CPT,0,2,positive,,0,False
5b34f9e7-1706-4d9b-91b5-1c0513cbafbe,1,2026-07-01 16:12:34,"TOP UP google play saldo sudah terpotong tapi dana yang di top up kan belum masuk, rugiii bukan sekali duakali",0,20,negative,transaction_failed_balance_deducted,1,True
7b6fd691-d192-4e21-8cd0-13ea129103ce,2,2026-07-01 17:29:39,call canter bca tarifnya mahal benar. 5 menit bisa 50 rb. . ini call canter termahal yg pernah dihubungi.,0,19,negative,,0,False
80ff3c26-faaa-46be-b905-be6eba16609a,5,2026-07-01 17:45:33,sangat. baik,0,2,positive,,0,False
1eb321ec-a66f-4069-af29-f30ca5b091b7,5,2026-07-01 17:50:57,good,0,1,positive,,0,False
ec66ed69-1f79-4b84-92dd-66311e9f6dd2,1,2026-07-01 18:27:41,sistem lelet,0,2,negative,,0,False
37e0b67f-eaa6-410e-beae-a09183ee340e,5,2026-07-01 18:40:38,tolong biaya adminnya lebih diperhatikan lama lama bisa kabur customer,0,10,positive,,0,False
f0887d09-030a-4c34-afa1-a22427ba74d3,1,2026-07-01 18:45:36,apk tolol sinyal bagus ga bisa transaksi. ga guna,0,9,negative,,0,False
cd066fe1-ed94-4e8b-b7b3-f7cdeb49fef5,3,2026-07-01 19:03:12,"saya kasi bintang 3 karena saat di buat transaksi warna hijau nya terlalu singkat dan harus input ulang berkali kali malah bikin ribet,dan saat mau transaksi lemot sudah pake data ataupun wifi sma saja,tidak kayak mbanking lainya .mohon pihak BCA di perbaiki lagi ya.apalagi saat pembayaran va ya ampun bikin spot jantung 🙈",0,53,neutral,app_performance,1,True
073cacaa-4490-4529-b848-1b673de5f195,3,2026-07-01 19:03:39,lelet banget semenjak di perbarui,0,5,neutral,,0,False
c458ec45-b87e-4871-9a84-569af3671163,1,2026-07-01 19:05:04,lemot kelamaan nunggu ijonya,0,4,negative,app_performance,1,True
51b28322-541e-4728-a8ef-646cba50227d,1,2026-07-01 19:05:04,"jelek, parah, konyol, jaringan bagus biru terus, hapus aja apk",0,10,negative,,0,False
fc162ec6-55e8-4b1b-add7-6ed5e847a0ab,5,2026-07-01 19:05:38,very GOOD aplication,0,3,positive,,0,False
c970100e-b6e8-438b-8dc2-4404dd779c0f,1,2026-07-01 19:05:56,mbank bca ngak tau diri..tiap bulan potong biaya admin...tp app bapukkkkk....ngak rau biaya2 itu kemana..bener kata org2 BCa udah jelek ngak sebagus dulu...jd kurang percaya lagi sama BCA...pada hati2 mending,0,30,negative,,0,False
a5d17250-d773-4ae1-bff5-e99fbb906fb1,1,2026-07-01 19:06:42,"terlalu banyak kendala, mau qris susah, mau cek saldo pun susah,",0,11,negative,,0,False
7a4d486d-0c9e-4907-afe8-46af8242c4f6,1,2026-07-01 19:07:22,"makin di update makin sering gangguan, blokk",0,7,negative,app_performance,1,True
eda4c738-6e34-4fc5-9d94-f0247a55843f,3,2026-07-01 19:07:50,"ada apa ini aplikasi tiba tiba jadi berat , loading lama , udah hijau tetap gagal transaksi. harap cepat diperbaiki",0,20,neutral,,0,False
2d07a681-a34c-480e-b30a-24e9018884a6,1,2026-07-01 19:09:00,"transaksi qris selalu gagal, saldo tiba tiba hilang , sering bug juga",0,12,negative,transaction_failed_balance_deducted,1,True
10d31357-af9f-4a6d-97be-76e2d77e65de,1,2026-07-01 19:10:24,sangat jelek sering gangguan paraaah bikin malu pas mau bayar qris malah merah,0,13,negative,app_performance,1,True
3b3c6774-7b0e-43b1-b2bf-b5f58e54125e,5,2026-07-01 19:10:31,aplikasi pending Mulu karyawan ny males kerja kah?,0,8,positive,,0,False
05ad1796-7f21-4ebf-ad70-beac2437f40b,1,2026-07-01 19:11:38,"jaringan lancar jaya,tp di dlm apk lag.. keseringan nge bug gajelas",0,11,negative,,0,False
ada20b64-bc10-4456-acf2-811610cf05c3,1,2026-07-01 19:11:47,apk lu busuk kudu nunggu lampu ijo mulu sialan,0,9,negative,indicator_light_stuck,1,True
d3129277-76b3-43c5-b093-0cbc8521e741,2,2026-07-01 19:11:48,lama bener masuknya cek saldo juga lamaa padahall jaringan baguss kenapa BCA mobile jadi gini sihhhh kacauuu,0,17,negative,,0,False
4381f8bd-fc4c-4c85-9981-7b48ecd6a0ab,5,2026-07-01 19:13:58,"kenapa ya belakangan ini suka lag parah BCA saya,gagal transaksi",0,10,positive,,0,False
3dd711f4-4b3b-4101-ab22-663b46f5191d,1,2026-07-01 19:15:43,"aplikasi rusak, setiap mau dipakai transaksi selalu ada kendala, kemarin gangguan sekarang bayar pakai qr sellau buffering. , masih mau dilanjut atau tidak?",0,23,negative,app_performance,1,True
fca22ff7-9d72-4476-802f-db2dceb8aaaf,1,2026-07-01 19:17:05,akhir ini sering masalah,0,4,negative,,0,False
1fbcb1b2-ee59-46ca-931c-cced6d21a36c,1,2026-07-01 19:19:17,"ni gmn si aplikasinya, sinyal ada, lampu udah hijau msih aja gabisaaaa, malah sending mulu herann, mau dipake kebanyakan erorrr, dikit² gabisa aelahh, jd susah mau narik uang duhh tlng dehh..",0,31,negative,"indicator_light_stuck,app_performance",2,True
9a38c1b6-e53e-4bed-97fd-8b28d5fbacad,2,2026-07-01 20:05:51,"ini saya kedua kalinya masuk dan verifikasi dengan handphone yang sama,karena sebelumnya hp kehapus data aplikasi kenapa tidak bisa sih,padahal sudah habis pulsa banyak untuk bisa masuk lagi. kenapa",0,29,negative,,0,False
59239b3f-a9e5-400c-b662-1e15cc92b2ae,1,2026-07-01 20:06:49,aplikasi nya jadi lemot,0,4,negative,app_performance,1,True
ed379b0a-ebf0-4e34-a3d7-eab4e737149a,1,2026-07-01 20:18:21,"BCA signal masuk aplikasi nya biru terusss, benerin aplikasinya,cari yg ahli biar lancar, perusahaan besar aplikasi model ghini, jujur diantara yg lain ini yg paling buruk",0,26,negative,,0,False
b6f4e970-b277-4598-a9f2-16134234ccf4,1,2026-07-01 20:36:05,"pemerasan, duit kosong bayar gojek gabisa karna saldo tiba tiba dipotong intinya emang udah permainan kita yang ada dijalan kebingungan dan mendesakk",0,22,negative,,0,False
e132e6fa-c0b3-436a-9def-b197e5099d2d,1,2026-07-01 21:19:20,tiba tiba potongan biaya admin 15.000 ditanggal 1 padahal tanggal 20 udah dipotong 20.000 terus biaya potongannya gak ada pemberitahuan notifikasi paling bener kasih rating 1,0,26,negative,,0,False
5901fb89-2b0d-45ff-8e13-5dacc7539de4,1,2026-07-01 21:35:40,"lemot, lampunya merah trus ga berubah2, aneh bgt",0,8,negative,app_performance,1,True
527d75b0-1206-4bbc-9497-2f3c7273bea8,5,2026-07-01 21:37:08,good luck,0,2,positive,,0,False
d60848dd-21ce-4f65-9968-d29326df101c,1,2026-07-01 21:41:24,"saldo ku hilang 40rb, tp di riwat transfer ko gak ada ya.??",1,12,negative,,0,False
02bd1151-efef-4840-ba1b-a61ce8b216f0,4,2026-07-01 22:00:38,sangat membantu....klu boleh saran ketika masukin username dan password bisa di perlihatkan tesk dan angkanya soalnya sering typo klu ngetik,0,20,positive,,0,False
fdae3a31-50b5-4992-9637-81aeed97aeab,1,2026-07-01 22:56:33,kalau pakai kartu simpati sering error,0,6,negative,app_performance,1,True
e0964fee-8313-441f-ba7c-b527341ce1f7,5,2026-07-01 23:07:27,mudah di gunakan di mana saja banyak piturnya.,0,8,positive,,0,False
98da4d27-bb9a-4f43-956b-0763f0be555b,5,2026-07-01 23:34:32,sangat mengesankan kan dan profesional,0,5,positive,,0,False
4b6cf393-c475-41df-a562-3b69b95b9f0d,1,2026-07-02 00:15:28,"BCA bisa tolong jelaskan ga knpa ada potongan 40rb tapi ga ada info sama sekali di mutasi, ini merugikan loh ga sekali 2x ada potongan ga jelas gni",1,28,negative,unexplained_deduction,1,True
8204072a-32bb-4323-b733-16874f99a8e5,5,2026-07-02 00:41:25,"aplikasi mudah, cepat dan sangat membantu.",0,6,positive,,0,False
b3ba2a14-a1a0-44b8-9892-f0be1295b40f,5,2026-07-02 02:51:02,ok,0,1,positive,,0,False
9941e000-8b7c-4fb1-ab17-b0de24c55a29,5,2026-07-02 06:26:58,selamat selalu menjadi pilihan terbaik 👍,0,6,positive,,0,False
3d03b08c-debd-4428-983b-38b9f21be0da,5,2026-07-02 06:32:42,aplikasi bagus,0,2,positive,,0,False
98e4e0d4-718f-4a38-9319-718eec68d442,1,2026-07-02 08:33:26,"masa udah kepotong 14 ribu perbulan, terus saldo lngsung kepotong 40 ribu lagi. apk macam apa ini???",0,17,negative,unexplained_deduction,1,True
bffd58ac-fd28-4434-b82d-6ccb7b4f9702,5,2026-07-02 08:55:20,BCA kreen selalu mengikuti tren pada jamannya..,0,7,positive,,0,False
efc2105e-7f00-4fe4-9904-53094cf23312,1,2026-07-02 08:58:40,"Masa kirim uang dri spay ke bca kepotong 50k anjir gajelas bgt, di mutasi ga tertera pula kepotong buat apa, gajelas nih bca kocakkkk",0,24,negative,unexplained_deduction,1,True
1476e861-1e6a-4965-b10f-84ec3e0bd70c,1,2026-07-02 09:18:54,eror Abang tok AE,0,4,negative,app_performance,1,True
d19b966c-dcd0-43d7-9f8c-24b182a1791f,1,2026-07-02 09:58:20,"bca ribet, lebih simpel mandiri",0,5,negative,,0,False
b3faa02e-21fe-4971-97f5-d09f47d747c6,1,2026-07-02 10:29:48,"saya baru download ini , dan saya mau buka rekening baru, tapi kenapa tidak bisa lanjut sa'at sudah kirim pesan dan masukan code pengguna, dua kali sayang proses buka rekening baru masih belum bisa lanjut setelah kirim pesan bebayar, mohon bantu solusi nya .!",4,44,negative,,0,False
01226bbd-9830-4feb-b8eb-413cd6fbfd81,5,2026-07-02 11:44:40,Sangat praktis dan membantu bertransaksi,0,5,positive,,0,False
1e54beb9-4c4b-49f0-b8ce-101f02d920e6,1,2026-07-02 11:55:46,"ribet kocak daftar rekening aja lupa pasword 3 kali keblokir kocak amat, dah gitu gagal kyc harus bikin pengkinian data dikantor cabang ribet aj*",0,24,negative,customer_service,1,True
d5c0a2b4-cec9-4997-ac0d-43561254abe9,1,2026-07-02 12:12:19,"ketika saya mau buka rekening tinggal konfirmasi kenapa tidak bisa ya?,selalu muncul ""sementara transaksi tidak dapat di proses"" udah 1 hari saya ulangi begitu terus",0,25,negative,,0,False
cfdb507e-6dd1-4eda-81df-33d6c612f748,5,2026-07-02 12:17:36,bagus,0,1,positive,,0,False
88a3cad0-9a5e-45b4-96bd-88c78d6245d1,5,2026-07-02 12:30:37,👌,0,1,positive,,0,False
697ee340-53cf-46cb-a8e1-f7efc1c447a9,1,2026-07-02 12:44:35,"make nih apk gajelas banget, apk sampah. udah berkali-kali login ga bisa sama sekali, kesel banget",0,16,negative,,0,False
bb86a6a8-3077-48ce-a890-073c83e0d31f,1,2026-07-02 17:29:03,"saldo suka ke potong ga jlz udh 2bln ini suka ilang saldonya aneh,di cek riwayat transaksi tp ga ada aneh",0,20,negative,unexplained_deduction,1,True
7e925d44-81bd-4a64-8edf-ef486b3b99af,1,2026-07-02 17:30:12,"cara menghubungi call center gimna ini saldo saya tiba"" kosong padahal kmren masih ada terus tidak ada transaksi jelas nya kemana",0,21,negative,customer_service,1,True
56d3afd8-80cc-4456-9ef0-4fb463d75f89,2,2026-07-02 17:48:36,sya 1 bln ini udah 3 x verifikasi kartu...tuk daftar ulang bahwa kartu SIM sya TDK cocok...ini maksud nya gmn ya... lama...lama pelayanan nya gmn ini...,0,26,negative,,0,False
168555b9-a332-4bc2-8deb-87cfa06bb9aa,1,2026-07-02 19:07:20,"bayar qris gagal tp saldo kepotong, kaga jelas bgt",0,9,negative,transaction_failed_balance_deducted,1,True
3371c5de-bbcc-453d-bad3-403adfa99e48,5,2026-07-02 19:19:05,bagus,0,1,positive,,0,False
4bc97903-d7e3-4439-99a1-0ce7ad98ea27,1,2026-07-02 20:27:02,"APK BUSUQ, NGABISIN PULSA BUAT VERIFIKASI ULANG. SEHARI 2X GILAK.",0,10,negative,,0,False
0e6de8c3-6cad-435f-9f7a-f6d37ef93ef8,2,2026-07-02 21:21:16,lowding lambat,0,2,negative,,0,False
59b88e63-72c0-4c85-834e-8774e7cd795a,1,2026-07-02 21:56:21,"sinyal padahal kencang, kenapa merah terus ya di apk nya jadi gak bisa liat saldo deh",0,16,negative,indicator_light_stuck,1,True
9d64e279-9b98-4995-818f-db3b0c1cfa12,2,2026-07-02 22:03:31,ga jelas banget tiba² ke blokir aku gua gimana caranya ini aduh ribet,0,13,negative,,0,False
ccb1ef49-fcc6-4aa3-a24c-0135d16d12ed,5,2026-07-02 23:17:58,mantap,0,1,positive,,0,False
77486db2-58ab-4aae-95a5-78c996d94ff3,5,2026-07-02 23:36:22,servis messin,0,2,positive,,0,False
cfca2367-7572-4ce2-b648-cc336233609e,1,2026-07-03 00:02:47,tidak jelas,0,2,negative,,0,False
c74e454d-4a17-48ef-96ea-f55962f36783,1,2026-07-03 02:02:29,erorrrrr trsss susahhh sinyaalll jelekk emg ini aplikasi,0,8,negative,app_performance,1,True
295d9caa-7735-42b5-96fd-117e9456449c,5,2026-07-03 04:31:18,bca pelayanannya sangat puas,0,4,positive,,0,False
fb0ed39b-34fb-4902-b0bb-4a7709a658fe,1,2026-07-03 06:29:29,"makin gk jelas, tidak seperti bank kain nya, tida ada potongan apapun perbulan nya, bahkan tidak sampay sebulan sudah pasti saldo terpotong.",0,22,negative,unexplained_deduction,1,True
640e91f8-d558-4afb-ac39-00a1bba66141,1,2026-07-03 06:53:51,pembayaran qr saya uang di potong tapi pembayaran batal uang nya gak di balikin,0,14,negative,transaction_failed_balance_deducted,1,True
a1bfe3ea-2a3e-4f18-bc20-267b77b91cb3,5,2026-07-03 07:01:42,bagus,0,1,positive,,0,False
2ff0e187-1afa-4e15-a2f7-193fd35a1952,5,2026-07-03 07:02:14,the best,0,2,positive,,0,False
7cbf87ee-4a68-4f5a-9d5a-70d351481efe,5,2026-07-03 07:21:23,Transaksi lebih mudah,0,3,positive,,0,False
c1f4b908-7a4d-4685-af66-00f0b32bbe3e,1,2026-07-03 07:35:02,"Saldo saya tiba2 hilang 21.000 , tanpa ada keterangan yang jelas, udah chat admin via WhatsApp jga ga ada kejelasan... Fix uninstall. + terbaru saldo saya berkurang lagi 19.000 tanpa ada kejelasan...",0,32,negative,"unexplained_deduction,app_performance",2,True
92cdd07b-f524-4eaa-a537-ead821b188ce,5,2026-07-03 08:18:55,terbaik dr bank bank yg lain....dr pelayanan...transaksi dll...,0,8,positive,,0,False
952cf2cc-cd93-4d37-a047-fc4a9194473b,1,2026-07-03 09:58:42,"foto dirinya repot bgt, slh mulu pdhl udh cerah",0,9,negative,,0,False
a6456ac2-870e-4ee7-bcf8-991574e5a421,1,2026-07-03 11:05:30,"sudah 2 kali saldo hilang sendiri, di mutasi jugak gaada keliatan uangnya kemana hilang gitu aja kecewa banget",0,18,negative,unexplained_deduction,1,True
c010aab2-ce87-424a-830d-ae29c3ee2e3e,1,2026-07-03 12:25:29,"mbanking tidak dpt di akses, sudah chat dan telfon layanan BCA, tp aplikasi tetap tidak bisa di akses, bisakah di buat simple aja kayak aplikasi lain ? seperti pendaftaran cukup masukan nomor bank , sandi ATM, dan nomor telpon aktif pengguna",1,41,negative,login_otp_access,1,True
f6094c2d-07ba-423b-bf9f-65881026e81f,1,2026-07-03 13:14:47,saya daptar mbaking di BCA mobile kenapa setiap menekan oke gak muncul kode di sms atau di email.sudah beberapa kali saya coba tetep kode otp nya gak keluar,0,28,negative,login_otp_access,1,True
d08a3c05-ff0e-4476-81f8-7b577a66956c,1,2026-07-03 13:37:36,"KODE POS KECAMATAN DESA BANJARAN KULON ATAUPUN WETAN ITU 40377, TAPI DI SISTEM BCA APA COBA MALAH 45461. JADI NYUSAHIN YANG MAU BUKA REKENING SECARA ONLINE",0,26,negative,,0,False
4974dffc-6725-4593-aa0c-4abb13cb7322,5,2026-07-03 13:57:21,aplikasi ini sangat membantu,0,4,positive,,0,False
f7d8368a-8f91-459d-b445-cf7d88d7a002,5,2026-07-03 14:49:03,ok,0,1,positive,,0,False
0561947d-bbc9-4504-88eb-82fff611a0ee,5,2026-07-03 14:50:55,memudahkan dalam semua aktivitas keuangan,0,5,positive,,0,False
0022b891-65e1-4f48-827f-c1dee72af367,1,2026-07-03 14:51:24,"terlalu lelet, lampu indikator selalu merah, padahal udh pakai wifi. sangat mengganggu saat bartransaksi.",0,14,negative,indicator_light_stuck,1,True
50f87724-93d8-448a-b1fa-feb105922844,1,2026-07-03 15:10:47,"dari pada saya susah daftar my bca selalu gagal. mending aplikasi ini saja d jadiin seperti my bca. untuk Xpresi biaya bulanan mahal banget, sementara di bank lain ada yang sampai gratis admin biaya bulanan. tidak bisa pakai sidik jari untuk login di mbanking",1,44,negative,,0,False
7f3def43-d335-4044-9c97-cdd8dff8376f,1,2026-07-03 15:18:43,saya transaksi dapat notifikasi gagal terus pas cek mutasi di My BCA malah jadi bayar 3 kali,1,17,negative,,0,False
c7d25610-4029-47f1-afb2-2ccafab6e3da,1,2026-07-03 15:33:09,"sering banget tiba tiba minta verifikasi ulang, udah gitu tiap verifikasi perlu pulsa",1,13,negative,,0,False
3d606d4f-7eb6-4927-abac-b1acb477b551,2,2026-07-03 15:40:15,untuk pembayaran Qris walopun gagal saldo ttp trpotong ada apa Dngn B CA???,1,13,negative,transaction_failed_balance_deducted,1,True
8ca9283a-c76e-41e8-ac4a-21ecbe2c122f,1,2026-07-03 17:24:57,"udah dua kali uang tiba tiba ilang,di mutasi uang masuk ada pas di cek saldo ga ada padahal udah cek mutasi bulak balik ga ada uang keluar samsek",0,28,negative,unexplained_deduction,1,True
03cc8bff-dce2-4313-b8d9-a1e62b80eb33,5,2026-07-03 19:00:48,"simpel tanpa gangguan, enak dipakainya",0,5,positive,app_performance,1,True
036d2ea5-55c7-4c1b-a47b-ee6e2883d743,1,2026-07-03 19:31:22,Habis diupdate kenapa susah sekali mbanking indikatornya merah trus klo bisa pun warna biru ini saya update kembali di Juni 2026 semakin parah hadeuwww gmn nehh,0,26,negative,,0,False
c36668d0-2417-4ce4-9fb3-f1afa4c95d2e,2,2026-07-03 19:43:58,spinjam Tek ada playlater sering gagal susah untuk keperluan mendadak,0,10,negative,,0,False
628025fd-0452-48b0-8fde-27a750b3588b,3,2026-07-03 20:45:46,eror 205 mulu capek dah,0,5,neutral,app_performance,1,True
ca823077-e5e9-4d7f-8329-0205d05ea252,1,2026-07-03 21:37:57,"bca buruk sekali, kaya Rampok, terlalu banyak biaya potongan admin, sering ilang terussss,",0,13,negative,,0,False
39c28265-43b3-483e-a7d0-d1aebec90bac,5,2026-07-03 21:40:40,puas sangat membantu dlm bertransaksi keuangan,0,6,positive,,0,False
f0933b8e-842f-4ce4-9be9-e2c2360556f2,5,2026-07-03 21:54:38,"Sangat Membantu Saya ,Memperlancar dan Memudahkan dalam Bertransaksi dalam Bisnis Keluarga",0,11,positive,,0,False
fd7f7d36-80f1-4b29-be56-b6d2e615f8f4,5,2026-07-03 22:33:06,bagus gpernah lemot,0,3,positive,app_performance,1,True
625a7450-a7be-4732-8f2d-f91cbd627e72,5,2026-07-03 22:39:00,sangat membantu,0,2,positive,,0,False
06dc1a8d-86d4-45af-9a17-9114ecd3b228,1,2026-07-03 22:52:11,customer service nyaa jelekk,0,4,negative,,0,False
ead29847-be37-4b12-a5e0-d46f569717f3,1,2026-07-03 22:56:40,sering gangguan. indikator sering nyala warna merah,0,7,negative,"indicator_light_stuck,app_performance",2,True
2a9690a1-744d-4391-9b7c-2c90cda89eef,3,2026-07-03 23:20:57,"PERBAIKI LAAAH SISTEM NYA, MAU BAYAR QRIS indikator biru mulu",0,10,neutral,indicator_light_stuck,1,True
4e737853-30fc-4b0c-96d1-6d800272bd76,4,2026-07-03 23:52:00,kok di aku skrng tidak ada notif uang masuk dari bank lain sih nya??? mohon pencerahan nya ya😉,0,18,positive,,0,False
086a04cc-c733-4fdb-ac8f-5ed47640c383,5,2026-07-04 00:35:36,Bagus sekali Mobile BCA,0,4,positive,,0,False
fe3debae-aca3-4567-9738-c3865cb8dc98,5,2026-07-04 03:18:33,mantap,0,1,positive,,0,False
ebc79737-8b83-4e69-a503-2bd6a5860af8,1,2026-07-04 08:12:59,saldo saya kok besar ya ke potongannya 50 rb tanggal 30 10rb tanggal 1 nya 40rb bingung sama bca padahal biasanya kena potongnya 17rb perbulan kok ini besar sekali,0,29,negative,,0,False
327debf7-1ff2-45eb-aeca-af482455d832,1,2026-07-04 10:18:15,susah buat transaksi kalo pake internet data harus pake wifi mulu. padahal koneksi internet data saya bagus.,0,17,negative,,0,False
7073e6b3-aaec-4758-9937-81e2454cee03,5,2026-07-04 10:49:55,bagus,0,1,positive,,0,False
a1ad3303-f037-4026-8eee-a82d23c20e1b,5,2026-07-04 11:39:19,good,0,1,positive,,0,False
0f3a68d6-6010-48ae-b0de-e91f687304ab,1,2026-07-04 11:42:12,"gak di isi lama aja ..pas saat ngisi kena potongan 30 rb..trs ngisi lagi ada biaya admin 10 ribu ...apaan ini jadi malas pkai atm ini, maunya ngirit jadi boncos",0,30,negative,,0,False
c682d2ad-6dd7-44d3-a4a0-61e369b0172b,4,2026-07-04 11:47:19,saya mengalami potongan saldo saat transaksi setor tunai. itu kenapa ya. mohon penjelasannya,0,13,positive,unexplained_deduction,1,True
2bbe2ed1-a47c-4bd8-8703-47161ba939f2,5,2026-07-04 12:22:04,kenapa gk bisa di buka ya,0,6,positive,app_performance,1,True
02c0a35f-b98e-4236-a286-c34278e9d773,1,2026-07-04 13:41:12,sering bnyk iklan & gangguan,0,5,negative,app_performance,1,True
bbf754a3-38e2-4564-80e2-60668db850ff,5,2026-07-04 14:40:17,aman mudah dan terpercaya,0,4,positive,,0,False
79bb136a-77d9-4192-b61a-8feac68ea67a,1,2026-07-04 16:04:19,BCA mobile kenapa makin hari makin lemot iya apakah gak ada niat buat perbaikan aplikasi ??,0,16,negative,app_performance,1,True
bb2b3525-e3ac-4306-9103-460ee1d9cb55,5,2026-07-04 19:00:54,"It’s a great place to store money; with all its features, this app has become my go-to for saving.",0,19,positive,,0,False
7c42957c-6f9d-48b9-8a99-e7792de06b5a,5,2026-07-04 19:07:10,suka bgtt SMA aplikasi nya 💯🥰🥰,0,6,positive,,0,False
d4c4a305-c884-405b-8e79-77e117cfac42,5,2026-07-04 20:04:36,jos,0,1,positive,,0,False
54a037c7-5160-4211-a94f-3a05892ebac5,5,2026-07-04 20:40:54,👍👍👍,0,1,positive,,0,False
55beb73e-351c-4a95-812c-09515ffb851a,5,2026-07-04 23:29:03,lumayan bagus aplikasi nya,0,4,positive,,0,False
78185bc8-b65f-4ec6-adae-ce8ae2964025,1,2026-07-05 00:24:20,"Qris nya bermasalah, 2kali transaksi keterangan gagal tapi saldo kepotong, tpi tidak sampai ke tujuan, parah.",1,16,negative,transaction_failed_balance_deducted,1,True
bc4decc9-9e83-4d94-bbb4-fbc7566cb8a9,4,2026-07-05 00:53:17,"skrng gk bisa akses ke media/foto buat pembyaran Qris,jd sya gk bisa top up akun driver scra mandiri ,kenpa apkah sudah tdk di adakan lg fiturnya ,kevewa sh",1,28,positive,,0,False
82553fdb-ab32-46c8-ab23-8f0056a3400e,1,2026-07-05 01:12:20,kaga recommended sistem ya ribet lampu udh hijau giliran di Pin berubah merah sinyal bagus kuota banyak payah,0,18,negative,indicator_light_stuck,1,True
ae72c0e0-6e96-4b7c-a5c6-3ece8018f4a2,5,2026-07-05 02:04:11,"Bagus,sangat membatu",0,2,positive,,0,False
a0b1e633-7598-4ffd-9d92-15b074b136ee,5,2026-07-05 02:29:47,SANGAT MEMBANTU,0,2,positive,,0,False
ab2d5aed-f7b5-4b27-a592-04bfab3c9746,1,2026-07-05 07:56:58,"Internet lancar tapi M-banking ga bisa mulu, laload tolong di benerin",0,11,negative,,0,False
e2c73bfe-5310-4be8-9288-d750edce10a8,5,2026-07-05 09:09:58,sangat bagus,0,2,positive,,0,False
28e74b04-74ac-4c3b-874e-a654a768e13f,5,2026-07-05 09:12:31,good luck,0,2,positive,,0,False
c5f1a556-bb31-41bf-acb5-74b6d2318751,1,2026-07-05 09:44:03,kenapa susah sekali regritrasi mobile bca. hp saya sebelum nya sudah ada mobile bca dan di minta regristrasi ulang. saya sudah aktivasi nomor di atm. kenapa selalu jawabannya silahkan aktivasi nomor terus. perasaan dulu gak begini kenapa sekarang masih gak karuan.,0,41,negative,,0,False
23bac8e7-2645-4c50-975b-2c85f78b4f9c,5,2026-07-05 10:13:30,mantap,0,1,positive,,0,False
9909d592-e381-485b-bc62-216d3b22d3b8,5,2026-07-05 11:27:19,kenapa saya pakai BCA banking ..aplikasi tidak bisa di tampilkan di layar hp,0,13,positive,,0,False
64f72b8b-46b7-47e7-a063-4b5e3f44277f,1,2026-07-05 15:19:26,"tiba-tiba ke log out sendiri, mau log in lagi tidak bisa-bisa",0,11,negative,,0,False
dc36dadb-f008-498f-9692-3cb14c26a418,2,2026-07-05 15:30:38,"kak tolong apknya kek dah tua sekali , kalau mau transfer ribet sekali , susah , diupgrade dong kek apk BANK sebelah , dengan fitur"" yg lebih mudah dipahami , mudah diakses , terima kasih 🙏",0,36,negative,,0,False
7bf3a3b1-32b4-42fb-8e19-aa3819ee385f,5,2026-07-05 15:59:54,sangat mudah dan puas,0,4,positive,,0,False
04123867-2508-47aa-b97b-9d5f9b85f83b,4,2026-07-05 16:25:47,bagus banget,0,2,positive,,0,False
e8e7728d-0d9a-478b-935d-b0510301d6fb,1,2026-07-05 17:36:46,knp ya BCA mobiile saya gak bisa dibuka harus pakai nomer telp,0,12,negative,app_performance,1,True
4c17f6dd-aa92-49ac-8814-b863d814ecbc,1,2026-07-05 18:37:45,jelek kirim kode otp ga aja belum dpat trs malahan sampe pulsa abis gimna sih sekrang bca palayanan nya,0,19,negative,login_otp_access,1,True
52220be0-541d-4a02-8568-7bf71fdbc3af,5,2026-07-05 19:01:17,bagus,0,1,positive,,0,False
673a45c6-8df6-46d3-8e09-25023008d6d3,5,2026-07-05 19:34:15,mntaf,0,1,positive,,0,False
3ed14f58-a72f-4c26-b9af-f17d13a6d5e6,5,2026-07-05 19:56:36,baik,0,1,positive,,0,False
d2858582-3a92-4670-b523-e9ae2657d681,1,2026-07-05 20:11:05,kalo ada kepentingan mendesak slalune merah.apa ya harus di restart terus² an tanpa di restart mau brapa jam slalune merah.,0,20,negative,app_performance,1,True
9035784d-f169-47ed-80c5-296c495a16fb,1,2026-07-05 21:38:12,"ni BCA makin sini buat transaksi QRIS selalu aja gangguan, udah mau bayar eh BCA nya gabisa merah terus, BENERIN DONG",0,21,negative,app_performance,1,True
47af9dd0-c48d-4f91-afd7-b35edfe085b4,1,2026-07-05 22:44:39,BCA busuk sekali skrg. trf udah berhasil kepotong tapi ga masuk ke rekening penerima,0,14,negative,unexplained_deduction,1,True
bed3ce50-ec8d-4bc3-887b-e480cbc22f5a,1,2026-07-06 00:23:16,sering gangguan,0,2,negative,app_performance,1,True
3235f9e5-1232-4189-b7fa-8caa30da5071,1,2026-07-06 01:09:55,akhir akhir ini makin paraahhh...sinyal merah terus...harus logout dulu..matiin data trus idupin lagi baru mau connect 🤦,0,17,negative,indicator_light_stuck,1,True
8b55e67e-6540-430b-a7b2-cd52f7060dc6,1,2026-07-06 02:31:55,"admin gimana nih, saya udah top up uang malah ga masuk ke saldo, padahal di mutasi rekening masuk, masa pas di cek info saldo malah Rp.0",0,26,negative,,0,False
2402139f-14e4-4a8e-83cd-d27001ef2d2f,5,2026-07-06 04:07:22,memuaskan,0,1,positive,,0,False
d9ebffa3-5ecf-4d9e-a115-55f98e273638,1,2026-07-06 05:54:09,"BCA ini kenapa ya, teman saya sudah kirim transfer bukti berhasil tapi ga masuk ke rekening saya itu kenapa? jujur sedih banget mana lagi butuh lagi, tolong ditindak lanjuti min",0,30,negative,,0,False
3057a65d-20df-4711-b3ad-f2052ea38e26,1,2026-07-06 06:33:18,"gini apaan si, regis mulu seminggu bisa 3-4 kali ngabisin pulsa aja anjir",0,13,negative,,0,False
6ae110fd-10fc-49a9-bc3b-90e62ec04451,5,2026-07-06 07:08:24,aplikasi BCA Mobile ini Cukup nyaman di gunakan,0,8,positive,,0,False
bba8e17d-b7d7-4b6b-b320-3a07dcd334e8,5,2026-07-06 09:42:57,👍,0,1,positive,,0,False
f319bf69-8400-41f6-87b0-85a86594de92,1,2026-07-06 09:57:28,duit gak balik perkara beda ATM kartu kesedot duitnya pun ikut kesedot sudah dua bulan uangnya belum balik sekalinya laporan dibikin bulak-balik gak jelas,0,24,negative,customer_service,1,True
91a00389-8898-48ec-a978-fb67e3e22349,5,2026-07-06 10:14:19,"kenapa apk bca mobile tidak bisa melakukan pengecekan saldo, tolong di perbaiki apk nya 🙏",0,15,positive,,0,False
fbed56f7-9506-4c40-973c-86695c053e2a,5,2026-07-06 11:31:26,barokawallah,0,1,positive,,0,False
771a2cba-6cc5-469d-a704-091497a67580,5,2026-07-06 13:37:13,"mkasih,n terbaik..",0,2,positive,,0,False
ba0355af-2da9-4b47-b3df-5dd63419ee0f,5,2026-07-06 13:56:51,bca mobile tdk bisa di pakai Brunei kenapa yah tolong bant,0,11,positive,,0,False
3ea740e0-173c-410e-bdf8-dd9f720ee5f0,4,2026-07-06 14:01:55,kren,0,1,positive,,0,False
086219e3-fe50-4ff6-8ccb-fde3942f7ef5,1,2026-07-06 14:37:42,"makin gak jelas ini BCA mobile, padahal saya sudah registrasi lagi melalui SMS, dan jugak pulsa saya udah kepotong malah di suruh registrasi lagi untuk ke 3× nya makin gak masuk akal, tolong untuk BCA mobile di perbaiki lagi aplikasinya makin lama makin gak karuan",0,45,negative,login_otp_access,1,True
5303a8b4-0e81-45af-bc80-22fd091a7c3e,5,2026-07-06 15:36:54,Terbaik untuk pelayanan nya si teh apa yaa tadi teh lupa euy namanya pokonama si tth yang dihijab pake behel cantik dan imut ciganama someah terima kasihhh,0,27,positive,,0,False
021fd8f2-5ccc-44d9-9585-2229d03f5039,3,2026-07-06 15:42:46,"tolong di bnerin setiap mau transaksi harus nunggu hijau dlu,sdh cape2 nunggu hijau tiba2 balik biru lagi cape banget",0,19,neutral,,0,False
1a9755f7-ecbe-4d12-b8db-5337f9935cae,5,2026-07-06 15:52:24,sangat mempermudah,0,2,positive,,0,False
190a440e-3be0-4bdf-8c5c-572c0c1ced2d,1,2026-07-06 17:21:24,saya TF uang 600Rb udh 4 Hari ke BSI. lagi gangguan tapi uang terpotong Bukti TF tak ada. udh 4 Hari gimana ini. saya kecewa dgn BCA ini.,0,28,negative,app_performance,1,True
1c9dca12-b600-423f-836c-884ead85c49b,5,2026-07-06 17:42:27,bagus sangat berguna,0,3,positive,,0,False
bd4336c9-1d66-4856-ac37-e960af788195,5,2026-07-06 17:51:09,bagus,0,1,positive,,0,False
f75478a5-6c81-4422-8289-dbdc92ebd67f,1,2026-07-06 19:24:10,"aplikasi sering error,, masa ampe ganti 3 kartu SIM masih aja merah kaga ijo ijo,,, mohon diperbaiki bug bugnya bca",0,20,negative,app_performance,1,True
8c910ad2-14be-427a-92f5-cf4cd2562d05,1,2026-07-06 19:52:00,kecewa masa cuma lepas kartu HP pas di pasang lagi akun bca hilang di suruh masukin kartu ATM sedang kan saya ATM bca model digital giamana mau masukin nomer ATM mana disitu tabungan saya masih utuh tolong jawab pliss,0,39,negative,,0,False
b7063a70-b31d-452e-9e40-e6ea7c2a724d,5,2026-07-06 20:19:56,naik versi aj_ yg kemaren juga masih bagus ko,0,9,positive,,0,False
61ecfefb-9590-4cee-9493-67a563af5c87,5,2026-07-06 20:33:54,pokok nya mantap sangat membantu dan mudah untuk transaksi .,0,10,positive,,0,False
72a77147-a006-4af2-9a09-5336c2a0e10e,1,2026-07-06 20:41:32,apk nya jelek bngett mmk masa tmen gw tf ke bca gw udah sukses trus di mutasi udah jelas tmen gw udah ng tapi saldo nya masih tetep 0,0,29,negative,,0,False
3569628b-8c3b-4042-ac2a-fc72ad5a98fd,5,2026-07-06 21:12:54,"bisa transfer antar bank cepat, QRIS, dan BCA Virtual Account. Ada BCA Mobile Sakuku dan notifikasi transaksi real time.",0,19,positive,,0,False
dd255f90-350b-4bfe-b2cc-b5dad862ddde,5,2026-07-06 22:29:47,bagus,0,1,positive,,0,False
4809d70e-2327-4efb-b7e0-095df49fde82,1,2026-07-07 00:09:19,"beberqpa hari ini saat ingin melakukan transaksi menggunakan qris sangat lama, kukira karena singal yang lemah tetapi ternyata proses yang tak kunjung selesai dan berakhir gagal :(( lampu indikator juga sudah hijau, sudah scan barcode dan memasukan nominal dan sandi juga namun berakhir gagal dan terus mengulang. aplikasinya memang sudah diperbaharui namun sistemnya sedikit lebih banyak kendala dari sebelumnya :((",17,60,negative,indicator_light_stuck,1,True
458986ec-6987-4226-aa43-70d199d8643a,5,2026-07-07 06:20:14,tolong tambahin verifikasi akun/transaksi pake sidik jari biar gak perlu capek ngetik pasword.. terimakasih,0,14,positive,,0,False
528b4d0f-b1ce-40a2-99e4-21bd207fbd82,5,2026-07-07 07:46:27,BCA menang yang terbaik untuk saat ini,0,7,positive,,0,False
8457ec32-0492-41cc-8bc7-542de959a2a0,1,2026-07-07 08:50:13,"masa aku udah nabung banyak eh tiap hari ada biaya admin 20 rb sih diambil mulu. padahal udah loh kemarin biaya admin, ini diambil lagi, biar apa sih gw jadi g genap dong nabungnya. nabung cuma biaya buat biaya admin doank mah mending nabung di bank mekar anjir daripada bca. aplikasi g amanah, suka nyolongin saldo.",0,56,negative,,0,False
9e97c367-1100-41e5-ab37-6dde76f49f27,1,2026-07-07 09:04:34,parah sih ini bca masa iya tiap hari ada potongan 20rb saldo berkurang 20rb,0,14,negative,unexplained_deduction,1,True
fef7f63f-69ff-44da-bf78-f02c07163d3b,1,2026-07-07 11:38:08,"Pelayanan bca mkin kacau/gak profesional, dl kl ktmau ctk buku tbgn, gnt kartu atm gak prl pakai ambil no antrian, tggl ngeprint di mesinny/dilayani 1 staff yg khss mlyni di msn ctk bk, ctk krt atm, bhkn sstpmpun bs mlyni, skrng mlh pk ambl no antrian alhasil semua nsbh numpuk jd 1 dr yg mau ke CS, ctk bk, gnt krt atm, dll, nah kl sdh bgt otmts antrian jd smkn pnjng, lm bg nsbh, ini nmnya kerja bodoh, apa cm cbng Citraraya ckpa yg bgt ya, apa semua cbng bc bgtu? Kl bnr berarti smkn tolol dong,,,",0,98,negative,customer_service,1,True
3be53866-c52b-4c67-a357-74d07f5534ae,5,2026-07-07 12:35:49,sangat memuaskan,0,2,positive,,0,False
2d1a4440-9419-415f-a32d-f1b4619aff40,1,2026-07-07 13:11:32,"sekarang jelek, sering gangguan indicator merah terus",0,7,negative,app_performance,1,True
0092246c-eed5-4e2b-8745-d764f7da0740,5,2026-07-07 13:13:50,bagus,0,1,positive,,0,False
4d6a2c60-3a6d-42c6-acef-f205129e2669,2,2026-07-07 13:42:59,sudah di restart bos jaringan full tetap sama merah,0,9,negative,app_performance,1,True
350881f7-3fc2-45de-bb8e-568aade524e9,2,2026-07-07 14:18:43,lemot banget,0,2,negative,app_performance,1,True
a670afcd-8644-4d88-a72a-466c747e9e18,4,2026-07-07 14:54:03,potongan admin itu tgl berapa sih? soalnya pernah tgl 15 trs tgl 1 juga pernah. pas ada yg transfer juga pernah kepotong 4rb pdhal dimutasi ngga ada transaksi apapun.,0,29,positive,transaction_failed_balance_deducted,1,True
2050600b-5522-46ab-89ee-cc249006418b,5,2026-07-07 15:34:16,bagus,0,1,positive,,0,False
9e38b7dd-8bc7-46f9-a0c4-d3716e3d4a50,5,2026-07-07 16:39:39,bagussss,0,1,positive,,0,False
8f7d1a00-2f1e-4965-be64-f9bb4faf051c,1,2026-07-07 17:21:46,"jaringan kenapa lampu indikator nya biasa tidak berubah padahal sdh pake jatingan yang bagus, tolong IT ataua apaun itu sistemnya diperbaiki",0,21,negative,indicator_light_stuck,1,True
543a8350-7f73-4817-94ab-06836b8ccd02,1,2026-07-07 17:48:32,"ini knpa sih mbeking nya ,,tiba tiba saldo saya gak ada lagi 400 RB lebih , di mutasi TDK ada pengeluaran, tapi malah saldo saya hilang 400 RB ..",1,29,negative,unexplained_deduction,1,True
73d30d82-eef1-481b-a791-e5c9cfcd7c51,5,2026-07-07 18:52:16,good,0,1,positive,,0,False
4c6c22dc-84e8-43f4-bc5d-b9ac5a729b79,1,2026-07-07 18:54:12,kecewa sekarang BCA banyak potongan admin g jelas dari mana datang nya tiba tiba saldo ku berkurang trus,0,18,negative,,0,False
f04245fd-286d-48ea-8d97-e1298c93be25,2,2026-07-07 18:58:45,"SUDAH MENGGUNAKAN DATA SELULER MENGGUNAKAN NOMOR YG DIPAKAI .saat ingin verifikasi wajah, malah dibawa ke menu awal terus, sinyal bagus, ruangan penyimpanan cukup dan diruang terbuka. sebelumnya pakai samsung Tab A9 bisa, ini untuk verifikasi selalu dibawa ke menu utama.",0,40,negative,face_verification_failure,1,True
68fcdc79-f266-4993-8f6c-31b1aeb1234c,1,2026-07-07 20:22:10,"knp ini bca udh 3 hari bufring terus,lampu indikator merah terus,padahal sinyal bagus buka apk lain lancar² saja ..tolong perbaiki",0,20,negative,indicator_light_stuck,1,True
ed059586-d26e-4743-939f-7ea57fa71b9c,5,2026-07-07 20:24:34,"The most stable banking app ever created. It rarely has downtime, transactions are lightning-fast, and the user interface is simple and straightforward",0,22,positive,,0,False
1b2cbb5a-1a5c-422d-ade1-53cc460257b9,2,2026-07-07 20:53:23,"udah 3x otp ga muncul"" sampe abis pulsa 15rb, knapa jd gini bgt ya. biasa nya skali otp langsung ada",0,20,negative,login_otp_access,1,True
8be20167-a4a4-4c78-81d7-8b50c26c998f,5,2026-07-07 21:39:12,Mantap,0,1,positive,,0,False
6ece0f51-2cec-42cf-8dae-6f8d07bbd757,5,2026-07-07 22:56:51,apl the best,0,3,positive,,0,False
937b9271-8d94-44a9-99e1-0ad2a9d4b8e5,5,2026-07-07 23:39:26,lovely,0,1,positive,,0,False
dcf3093f-b7ba-4d47-93ca-8150ed6ec164,1,2026-07-08 01:10:46,taik mau login sulit amat vermuk tidak bisa2,0,8,negative,login_otp_access,1,True
7b4e5b07-602d-4fc0-80cb-1e6480bd984b,1,2026-07-08 02:16:49,"saldo tiba2 hilang ,,catatan di mutasi tarik tunai di Alfamidi terdekat padahal saya ga tarik tunai gmna BCA makin ksini makin kaco katanya bank terpercaya di Indonesia",0,27,negative,,0,False
dfdd1c0a-b11e-4967-8cca-738c7dee1fb9,1,2026-07-08 04:51:57,susah sekali verifikasinya,0,3,negative,,0,False
a6b4bf12-e32d-4b14-85a7-a3b4c701bc47,5,2026-07-08 05:54:23,sangat bermanfaat,0,2,positive,,0,False
e9cf1c4a-edac-4a1e-a912-0e36504a446a,5,2026-07-08 06:10:26,program dan sistem kerja keren keren keren .. pelayanan sangat baik,0,11,positive,,0,False
d4040a25-1a5c-4f7d-acad-1bf0b446c637,5,2026-07-08 06:53:38,"sipp,bagus",0,1,positive,,0,False
32b1e056-6ff8-48d1-b1f5-1e1e21c2c8e1,1,2026-07-08 07:47:00,kalau verifikasi wajah tidak bisa dilakukan secara mandiri kenapa selalu gagal. kamera depan saya 16 mp loh di tiadakan saja sekalian dan wajibkan konsumen datang langsung ke kantor. buat apa tipu tipu informasi,0,33,negative,face_verification_failure,1,True
03c1dc6d-01df-483b-b343-03a61dc9741a,5,2026-07-08 08:19:58,sangat bagus,0,2,positive,,0,False
7c5e715f-bbb2-4a30-88e5-5aa78a40132e,5,2026-07-08 08:38:19,ok,0,1,positive,,0,False
21cf0f0e-f80a-43a1-a7c2-d18ae394fcfd,1,2026-07-08 08:40:42,bca lg knpa sih pembayaran gak bisa,0,7,negative,,0,False
2d1b2c81-989c-4a25-a77c-2dbb3facaf1d,5,2026-07-08 11:40:50,mantab,0,1,positive,,0,False
17e0e48a-39f5-40e5-9363-9d1d1c96db3c,4,2026-07-08 11:57:55,"kenapa setiap buka mbanking, selalu force close pertama, di buka ke 2x baru aman udah update aplikasi dan android juga udah update",0,22,positive,app_performance,1,True
7c3d2fca-c256-4aad-8a33-4de024d5a62a,5,2026-07-08 16:51:47,mantap cukup bagus kribel,0,4,positive,,0,False
ef6c4b0c-9ce9-40ed-9bfd-57f7978f7dfb,5,2026-07-08 17:03:42,Mempermudah bertransaksi ..,0,3,positive,,0,False
130cf719-2117-4790-b58a-a41231f64e88,1,2026-07-08 17:21:15,sumpahnya bca mobile sampah banget skrg mau bayar qris gagal mulu,0,11,negative,transaction_failed_balance_deducted,1,True
f1a61b83-2598-448b-8554-e87be31154a4,5,2026-07-08 18:11:31,five stars again for this apps.thanks forr debeloper.,1,8,positive,,0,False
cf220692-7add-44e9-bc93-13f14dd4d028,5,2026-07-08 19:31:04,ok,0,1,positive,,0,False
34aaf8dd-05fe-4c82-95a6-04081f178757,1,2026-07-08 21:47:43,jelek anj,0,2,negative,,0,False
0bd4f4f8-d04d-404d-8ed9-1b6f2c35324c,5,2026-07-08 22:05:51,proses mudah dn cepat,0,4,positive,,0,False
55e99492-ef59-4506-bd8f-cc917192a628,1,2026-07-08 22:55:34,"Sering minta verifikasi ulang, padahal kartu yang saya gunakan sudah terdaftar Mbanking juga pas login, jadi menyebalkan ketika harus verifikasi login ulang mau bayar pulsa lagi pas kirim pesan. beberapa kali harus menghabiskan pulsa? tolong diperbaiki.",8,36,negative,,0,False
bf726874-8768-4195-856b-1596155c89ea,1,2026-07-08 23:10:14,ribet email segala ga jelas,0,5,negative,,0,False
661676fa-fa62-4c7c-a54d-ecf22359107b,1,2026-07-08 23:41:56,saya tidak bisa membuka BCA mobile !!,0,7,negative,,0,False
f7d00878-fd2e-4b5f-905a-b35fc89dd0c9,1,2026-07-09 00:42:41,"buruk sekali jaringan aplikasi ini, kadang muter2 trs, trs parahnya di inbox qr tdk masuk laporannya padahal saldo sdh terpotong.",0,20,negative,,0,False
abafce27-6302-4270-a28c-27af58e0100f,5,2026-07-09 09:03:53,"jangan memaksa untuk updatee, memori saya selalu penuh, jd menyusahkan",0,10,positive,,0,False
b33567e6-3f55-4794-a97f-ee8de7892f8d,1,2026-07-09 09:07:37,sinyal bagus juga lampu indikator gak ijo ijo kalo bisa dihilangkan saja karena hanya menghambat,0,15,negative,indicator_light_stuck,1,True
d4afc896-2111-4ccd-9c2f-d80503357739,5,2026-07-09 10:48:43,sangat baik,0,2,positive,,0,False
9c40339a-f236-4fdf-8ef8-e9fa10f80c18,5,2026-07-09 11:33:32,sangat membantu keuangan saya,0,4,positive,,0,False
764dc0ff-226f-446e-8977-07e1e3c9fc72,1,2026-07-09 12:10:45,"verifikasi ulang ribet, pesan udah terkirim, pulsa berkurang, tetapi mental dan balik lagi harus mengirim sms",1,16,negative,,0,False
3bd2e334-3979-4b75-960b-482b473108b4,1,2026-07-09 12:33:30,aplikasi opo iki ruwettttt,0,4,negative,,0,False
c1d8ca77-a43d-44d5-a95d-f6915154f612,5,2026-07-09 13:39:30,ok,0,1,positive,,0,False
a3489bf0-6d72-4ab1-99ad-041eb2dc84ce,4,2026-07-09 17:06:50,"perbaikin dong ikon nya, kureng banget ini ikon nya",0,9,positive,ui_ux_regression,1,True
295f9b6c-006b-4f45-bc60-b4f27282a7fd,5,2026-07-09 17:14:14,bagus banget,0,2,positive,,0,False
d8de7fb2-a924-42db-a3aa-08b48aa93560,4,2026-07-09 19:30:56,saya sudah dua kali beli token PLN melalui bca saldo saya sudah berkurang tapi nomor token PLN nya tidak ada sudah dicek di inbox pun tidak ada yg masuk,1,29,positive,,0,False
a41812d2-f059-4823-9afa-c56948603cc8,5,2026-07-09 19:41:03,bagus,0,1,positive,,0,False
93220867-1941-4376-a764-ea082f577ec0,3,2026-07-09 20:18:12,"kenapa susah sekali sistem verifikasi wajahnya, aduh jadi tertunda semua tolong dibantu min, dipermudah.",0,14,neutral,face_verification_failure,1,True
af6a7bb4-5514-4f22-82a0-466ba1e97e84,5,2026-07-09 20:33:57,bagus,0,1,positive,,0,False
27f77150-c86d-4b9c-9174-6a9cd8e2f793,1,2026-07-09 20:58:52,"saran aja, sebaiknya lampu indikator ini di nonaktifkan saja sperti aplikasi lain pada umumnya, ini sangat menghambat transaksi, kdang muncul kadang tidak, dan sering bikin gagal transaksi",0,27,negative,indicator_light_stuck,1,True
23334b80-b913-4f98-85b6-8651faf98d91,1,2026-07-09 21:58:39,Tolong saya pembayaran Pake Qris tapi gak masuk padahal saldo udah kepotong,0,12,negative,transaction_failed_balance_deducted,1,True
94ead006-eee9-4632-b7a9-d750923da276,5,2026-07-09 22:01:59,bca selalu d hati,0,4,positive,,0,False
49240738-c888-4f07-a3bd-4aecc89f90af,1,2026-07-09 22:04:27,tolong dong jangan ribet buat vertivikasih wajah saya kamera depan nya jelek cari tempat terang terus heran,0,17,negative,,0,False
29eb66eb-907c-46c7-937d-566723b6b084,5,2026-07-09 22:37:33,ok,0,1,positive,,0,False
4bb12034-83c8-49ed-b6d0-9e30e13b3aac,5,2026-07-09 22:47:31,sangat baik,0,2,positive,,0,False
5fbe986a-feb9-4fa7-9859-3ac63d12cd67,5,2026-07-09 22:56:30,transaksi aman pakai bcamobile dan untuk menabug,0,7,positive,,0,False
429cc857-e473-486e-95bc-a3d488e5d610,5,2026-07-09 23:26:33,trima kasih BANK BCA,0,4,positive,,0,False
fa2e194b-d920-46c2-885a-74b192028050,1,2026-07-10 00:38:39,"UANG AKUU ILANG TERUSSS, GMN SIH??!!! GASUKAAAA",0,7,negative,unexplained_deduction,1,True
7bd16ff4-fd39-4874-a6d4-39275db33302,1,2026-07-10 01:03:32,MAKIN DI UPDATE MAKIN BEGOK QRIS NYA JINK,0,8,negative,,0,False
e95b523e-da90-4bdb-bff3-e133e071acce,5,2026-07-10 01:10:46,mantap,0,1,positive,,0,False
5af382f0-b937-4188-8721-6ce53abf9191,5,2026-07-10 02:46:05,tolong sya lupa no ATM 🙏🙏gimna sya cara melihat yah karna kmarin sya ganti hp. 🥹🥹,0,16,positive,,0,False
dd3d297e-596f-452c-b52e-c35181982f45,1,2026-07-10 07:13:36,di update makin tolol,0,4,negative,,0,False
daee034f-ba55-4ef2-8d38-93a096e66f9e,3,2026-07-10 08:31:51,"kirain belum update aplikasi sudah di cek ternyata sudah update,Seharian ini mau transfer ke virtual account ga bisa,bayar qris ga bisa, mohon segera diperbaiki secepatnya.",1,25,neutral,,0,False
7748d26b-8777-456d-a36b-a94cfa044d08,1,2026-07-10 09:16:38,sangat tidak memuaskan tanpa konfirmasi langsung memotong saldo yg ada di dalam rekening untuk biaya kartu ATM dengan nominal 25rb udh lahh tiap bulan ada pemotongan saldo 10rb ehh tambah lagi biaya tambahan kartu atm. sangat2 mengecewakan dan tidak nyaman mau berahli ke bank lain saja,0,46,negative,,0,False
eb79e023-e009-459a-b1e9-87cb4597c776,5,2026-07-10 11:04:45,aplikasi yg bagus n mudah wat transaksi,0,7,positive,,0,False
1e6e0875-ae7f-44eb-86da-cb5fd647d987,5,2026-07-10 12:24:59,bagus,0,1,positive,,0,False
46714f98-6893-4c76-a1cd-8c8ad70a55c4,5,2026-07-10 12:29:55,Good,0,1,positive,,0,False
82b0c5c3-6dc1-4d3a-96bc-9eab84e03f89,5,2026-07-10 12:31:28,good,0,1,positive,,0,False
19ecbe96-01b5-450b-9477-3c63d984728e,1,2026-07-10 12:42:54,login eror mulu,0,3,negative,app_performance,1,True
1abbb6ae-2957-4c85-9b92-1bf6cda04a01,1,2026-07-10 12:44:16,"kenapa 2 hari ini saya tidak bisa transaksi dengan Bca mobile.. lampu indikator sll merah.. sblm"" nya sangat susah menggunakan qris.. di saat transaksi lampu indikator sll berubah dar hijau mnjadi biru, dn saya harus mengulang lgi.. disaat ulang lampu mnjdi merah.",0,42,negative,indicator_light_stuck,1,True
1781176b-f06d-4c32-ac04-6d114e827cd2,2,2026-07-10 13:16:09,"semenjak update tampilan apk kurang menarik, tambah lagi tahun ini pembayaran lewat QRIS lelet, malu maluin pengguna saat transaksi",0,19,negative,,0,False
5ef9f68a-5fd6-4c5d-9055-68dc87319499,5,2026-07-10 16:20:50,"saya sudah membeli weekly diamond mobile legend seharga 32000,dan saldo sudah terpotong tetapi weekly diamond nya belom masuk, tolong dong admin",0,21,positive,unexplained_deduction,1,True
49b37c8f-d55c-4980-befe-735ce452deb5,5,2026-07-10 16:30:31,sekarang BCA gak lagi canggih... sekarang setiap ada yang transfer ke kita.. pemberitahuan notifikasi tidak lagi menyala..... jadi kita gak tau lagi kalo ada uang masuk.....,0,26,positive,,0,False
95319ef8-1f70-4264-b625-7d4742d92518,1,2026-07-10 17:40:13,Parah susah buat transfer. selalu merah lampu indikator,0,8,negative,indicator_light_stuck,1,True
b8af28f0-dda8-4321-bae2-30485134d1c1,5,2026-07-10 18:06:27,sangat memuaskan untuk BCA Mobile,0,5,positive,,0,False
3e755670-f6c1-49a9-82f1-69c9ceff157a,1,2026-07-10 18:14:42,Sebulan 2 kali kena potong admin 20k,0,7,negative,,0,False
0def2e7e-b53b-4db3-b354-4b768726578a,5,2026-07-10 18:27:34,worth it,0,2,positive,,0,False
c4691d02-e0c5-46d2-8b4c-cd5470995f79,5,2026-07-10 18:41:41,mantap,0,1,positive,,0,False
8009ae30-b0bc-44b9-9047-c3a2dfd6c188,1,2026-07-10 20:31:06,parah banget pulsa Ampe abis buat daftar mbangking masa SMS ga ada balesan nya udah berapa kali kirim SMS ga ada balesannya,0,22,negative,,0,False
928130b5-a335-414f-bcc0-77015d1b8a30,4,2026-07-10 20:58:57,coba,0,1,positive,,0,False
2d0ff038-09e6-42e1-b03b-742c131bc595,5,2026-07-10 21:02:58,bagus dan membantu,0,3,positive,,0,False
61ede29e-eb44-4180-a12a-45b1968fac18,5,2026-07-10 21:23:13,sangat mebantu,0,2,positive,,0,False
4a2b7b91-21cb-4beb-96eb-70507954be96,5,2026-07-10 21:24:09,mantap,0,1,positive,,0,False
813872db-2881-4379-af7f-478668450fb9,5,2026-07-10 21:48:23,Maaf...ni lokasi harus aktifin truz? Fungsinya biar ap ya?,0,9,positive,,0,False
52b10246-b923-497c-a675-c1a1b0a02b00,5,2026-07-10 22:35:52,"respon cepat,terimakasih",0,2,positive,,0,False
70d95462-5377-49de-8541-cdf02e979150,5,2026-07-11 01:08:53,sangat mudah,0,2,positive,,0,False
76d930e8-54b6-4d48-ae22-1d057877304a,5,2026-07-11 02:21:05,bagus,0,1,positive,,0,False
e84e9057-d10d-43c3-97c8-27aae74f3d7c,1,2026-07-11 04:12:16,"scan barcode versi yang sekarang kok lama banget, muter terus padahal sinyal bagus, lampu indikator hijau",0,16,negative,indicator_light_stuck,1,True
4d48be0d-bfbc-4c9a-ac0f-dd55d1d8a3c9,1,2026-07-11 04:38:09,"kode otp lemot, aplikasi terlemot",0,5,negative,"login_otp_access,app_performance",2,True
d11945e9-4c26-4fc8-b4e7-3a72a1b34614,5,2026-07-11 05:32:29,mantap,0,1,positive,,0,False
d4ec71d4-6430-4349-8b8b-24c7ba950263,3,2026-07-11 05:36:49,tolong tambahin fitur ganti nomer,0,5,neutral,,0,False
1d630384-a7e2-4664-bf5d-416a49600741,5,2026-07-11 07:36:44,sangat membantu,0,2,positive,,0,False
4a5d6fe4-d63c-43a4-b55d-facba01a8ceb,5,2026-07-11 07:49:09,"gimana cara mendapatkan notifikasi uang masuk keluar, udah di upgrade tapi ttp gk ada notifnya",0,15,positive,,0,False
5a30830d-e08f-4318-a510-2b963a775378,5,2026-07-11 08:12:31,"BCA Mobile delivers a secure and reliable mobile banking experience with fast transactions, a user-friendly interface, and comprehensive banking features. It is an excellent application for managing personal finances efficiently",0,30,positive,,0,False
e8fdf208-4179-4db4-8dae-9e63463450b8,5,2026-07-11 09:01:21,mantap,0,1,positive,,0,False
6b35a5ae-c1d6-4bf4-bddf-46778fc26933,3,2026-07-11 09:06:26,baik,0,1,neutral,,0,False
364cce54-7205-4d59-b5f2-4bd2b999f778,1,2026-07-11 09:21:54,sytahu saldo bca sya sblmnya dan sy tf ke rek bca sya krna mau tarik tunai di atm bca. sblm tarik tunai sya cek saldo tb2 terpotong gktau uangnya kmna. dn di mutasi jg tdk ada ktrangan saldo terptong kemana. sya komplain prtama malah dibilang buka rekening baru. ke2 dibilang gkada transaksi terpotong kalau gkada dimutasi. klo emg ptongan admin tiap bulan jg sy tau ada dimutasi nya dan nominal tdk sebesar itu! gkada solusi dn bertele2.,0,77,negative,customer_service,1,True
4369c8a9-3fb4-45dc-88e9-04089cb9e0c4,5,2026-07-11 09:33:48,ok,0,1,positive,,0,False
59c0ec49-4f88-4bfa-9d8d-1b75407c1a60,5,2026-07-11 11:16:01,sangat baik,0,2,positive,,0,False
95659672-3555-4f32-b980-4d6e2e233ac5,5,2026-07-11 11:29:06,bagus,0,1,positive,,0,False
1c12d520-4a41-40af-bca0-28a19bd89fa6,5,2026-07-11 11:34:07,selama pkai ini nyaman ja,0,5,positive,,0,False
39d652ae-3a6d-433c-90d7-fa9ba0fe361f,5,2026-07-11 13:45:03,ok,0,1,positive,,0,False
eac384d7-b6ff-4bc9-b339-f3bf72fb05b2,1,2026-07-11 14:58:40,BCA kali ini payah.. duit udah berhasil transfer tapi dana ga masuk.. aplikasi yg payah.. erroran skrg.,0,17,negative,app_performance,1,True
9a2ee23c-7c3e-4395-9cd7-7a2fe8719dde,4,2026-07-11 18:25:38,tolong tingkatkan limit tarik tunai tanpa kartunya boss,0,8,positive,,0,False
3e80a7ba-0926-4242-960b-ee3879cf4ee2,3,2026-07-11 18:57:47,"bisa tidak klo tidak menggunakan kartu sim ,tp menggunakn email",0,10,neutral,,0,False
66fa8c5a-c457-4b44-9401-119a84e6461c,5,2026-07-11 19:30:42,lebih mudah,0,2,positive,,0,False
86c282ab-83fc-4641-8f02-c5ff3f7d89c5,5,2026-07-11 20:08:59,Apakah sedang gangguan kak min mau top up dana gabisa,0,10,positive,app_performance,1,True
df0c03f7-40c9-4f2c-aec8-3153e10aeb8a,5,2026-07-11 20:12:11,"optimalkan kinerja dan performanya, terimakasih",0,5,positive,,0,False
5c416820-573d-4dd4-8e59-619776fc5b50,1,2026-07-11 20:21:17,bca sekarang kaya lemot,0,4,negative,app_performance,1,True
77a4c1ce-43a7-425b-8ca3-9ad3ee2aad21,4,2026-07-11 22:10:46,mantaf,0,1,positive,,0,False
2d24739b-3506-4aa4-8115-8b619a18e44c,5,2026-07-11 22:33:07,"bagus , mudah dan cepat",0,5,positive,,0,False
11cf4af0-dabb-43c3-b3a4-c07821ed1c7e,5,2026-07-11 22:44:58,kerja,0,1,positive,,0,False
ec8d3cf7-ad45-4082-ba88-1adb342c1b6d,1,2026-07-12 00:15:52,sekarang bca klo jam12 gabisa transaksi,0,6,negative,,0,False
1e6eb245-e81f-4070-bc79-1b0f6b6fda22,2,2026-07-12 00:21:47,"pemeliharaan sistem mulu, sangat menganggu",0,5,negative,maintenance_downtime,1,True
54bfb809-eb57-4268-bcdc-22daafb4b8df,1,2026-07-12 00:27:47,"kalau maintenance jangan dari jam 00.00 dong! jam 00.00 orang2 masih beraktivitas! jam 02.00 pagi baru tuh udah pada tidur! lagi antri bensin, pas mau qris malah maintenance, udah antri panjang2, jadi gak bisa isi bensin, banking nyusahin, masa kalah sama BRI, bahkan Ganesha, LOL",0,45,negative,maintenance_downtime,1,True
546a142f-2438-495c-a363-ec1d2ef2fa82,1,2026-07-12 00:33:02,"GUE BENCI, SERING UPDATE PEMELIHARAAN MULU TENGAH MALAM DAN BARU BISA DIGUNAKAN PAGI. GUA MAU PESEN TIKET DARURAT JADI KAGAK BISA BAYAR COK, KURANG KURANGIN DEH UPDATE TERUS, PEMELIHARAN JUGA DIJADWAL DIKASIH NOTIF KEK DIHP JANGAN PAS BUKA APLIKASI MENDADAK KAGAK BISA. BAYAR ADMIN MAHAL MAHAL KAGAK BISA DIGUNAKAN 24JAM APA APAAN INI. INDIKATORNYA JUGA SERING BANGET UDAH IJO TAPI LOADING MULU, TRANSAKSI TERHAMBAT TAPI SALDO TERPOTONG. MENU MENU NYA JUGA RIBET KURANG, DAN JADUL NGEJADUL BET",0,77,negative,maintenance_downtime,1,True
6e9d0776-444f-4dec-9265-1357f0fe57a5,1,2026-07-12 00:33:09,geblek masa pemeliharaan sitem sampe 6jm .. sueeee .. tapatuttapatut ... gabagus ..,0,13,negative,maintenance_downtime,1,True
f144ffe0-2ae8-4e76-9474-9cb0939ca954,1,2026-07-12 00:38:55,makin lama makin buruk ajja bca sering bgt ada gangguan klo jam 1mlm,0,13,negative,app_performance,1,True
263387af-70c4-4c49-803c-8a12ea1b1926,1,2026-07-12 00:40:42,proses lama,0,2,negative,,0,False
b3d52412-e316-4d22-938c-f52bb2d6968d,1,2026-07-12 00:54:11,sering banget maintenance system begini parah bca lagi urgent transaksi jadi repot.,0,12,negative,maintenance_downtime,1,True
212f73fe-61b4-4462-8a43-24f0f406c369,1,2026-07-12 01:03:24,saldo saya tiba tiba hilang ada transaksi yg sya tidak pernah malakukan,0,12,negative,unexplained_deduction,1,True
eb30ced3-12b0-4220-bdae-5e7dbf6bbc1f,3,2026-07-12 01:09:06,kebanyakan pemeliharaan sistem nya . kalo LG urgent suka emosi,0,10,neutral,maintenance_downtime,1,True
87ad9eaf-7f17-4ffb-90be-44acd9be34b6,1,2026-07-12 01:22:49,eh klo perawatan aplikasi tau waktu lahhhh,0,7,negative,,0,False
7bbaae6e-214d-4ca8-b594-55f3e9b83823,5,2026-07-12 01:59:43,mantap,0,1,positive,,0,False
0a4a3b4f-aeb8-40a0-97e9-a2229289ac1c,5,2026-07-12 01:59:47,mantap,0,1,positive,,0,False
92033383-272d-4bb1-ad56-efedf76e136a,1,2026-07-12 02:00:13,"ini bagaimana sih, saya mau pulang jam 1 malam tidak bisa gara gara bca mobile tidak bisa digubakan dan baru bisa digunakan jam 5 subuh",0,25,negative,,0,False
42ffa5b3-378a-44e4-9385-9d258c179154,1,2026-07-12 02:04:24,maintenance boleh tapi langsung arahkan!!! orang masuk ke bank itu untuk transaksi . kasi solusi / arahan di tampilan layar mobile bca!!! gitu aja kok harus di ajarin sih!!! ATM bisa?,0,31,negative,maintenance_downtime,1,True
b002e083-4f91-4efb-bfb5-8f3f2683b523,5,2026-07-12 02:10:47,mentent nya lama banget sih,0,5,positive,,0,False
f0498397-a53c-44c9-a7b1-4c098566bcb7,1,2026-07-12 02:33:22,Aplikasi kaga jelas klo malem Minggu di atas jam 12 malem kaga bisa di pake perbaikan sistem Mulu kaga jelas.mendingan bank laen,0,22,negative,maintenance_downtime,1,True
b5d5fb1b-4536-4e04-bb58-410e69dca841,3,2026-07-12 03:05:36,gangguannya lama bnget pemeliharaan sistemnya. bisa kerja ga sih,0,9,neutral,maintenance_downtime,1,True
68de0466-c193-4317-accf-46c839cbad39,2,2026-07-12 03:32:03,LAMA BNR GANGGUAN NYA,0,4,negative,app_performance,1,True
ef3c8e91-2a3c-483b-8945-940a3f15d0ca,4,2026-07-12 03:52:19,kenapa sekarang-sekarang M-BANKING BCA sering bgt gangguan/pemeliharaan?,0,7,positive,"app_performance,maintenance_downtime",2,True
896dd309-2c4e-4e50-b311-f4fc95d280aa,1,2026-07-12 04:01:40,maitenamce lama,0,2,negative,,0,False
ff68a8e6-dccf-4b21-bde8-edf4e0085a60,5,2026-07-12 04:08:10,ok,0,1,positive,,0,False
c23cc68d-1808-438b-bec6-641a37827ef7,2,2026-07-12 04:10:51,"maintenance lu bikin ribet orang ,gak semua orang ada kartu ,sewaktu waktu kartu hilang atau ketinggalan jadi ribet",0,18,negative,maintenance_downtime,1,True
a71d2025-816f-4f70-a240-131776c99152,1,2026-07-12 04:11:14,bca skrng jelek gila update,0,5,negative,,0,False
d108afc7-45a0-4f56-b91e-a4161711748c,5,2026-07-12 04:17:40,mentaince lama banget,0,3,positive,,0,False
b9d63bdb-0f27-449a-85c1-903cd88e2be2,5,2026-07-12 04:30:20,Mantap BCA ku ... Semoga jaya selalu,0,7,positive,,0,False
1f9e6b04-a7dd-49dd-be73-056292637a02,1,2026-07-12 04:39:56,saya heran apa team magement bca tidak punya logika berfikir..maintenance dilakukan pada hari sabtu malm minggu sedang itu waktu akhir pekan bnyak yg membutuhkan aktivitas m-banking..,0,26,negative,maintenance_downtime,1,True
180717a3-5787-4b39-b196-591524207746,1,2026-07-12 04:45:49,"giliran ada keperluan mendesak malah sistem pemeliharaan kecewa banget pake apk ini hedeh, kacau , kacau , kacau hedeh",0,19,negative,maintenance_downtime,1,True
b31c2ad9-4af2-44f5-9efc-18743527b0b6,3,2026-07-12 04:48:15,Apk Se penting ini dan sering di pakai dalam ke ada'an urgent kok malah sering maintenance . malu lagi mau bayar makan malah gak bisa,1,25,neutral,maintenance_downtime,1,True
064bfb65-8261-4f0d-aaba-495f4e5e821e,1,2026-07-12 05:57:10,"makin kesini makin tidak maksimal , pemeliharaan sistem terus hampir tiap bulan..",0,12,negative,maintenance_downtime,1,True
f7f2a20a-631c-4cd8-ad0b-191767ced6ec,1,2026-07-12 06:58:59,"klo ada maintenance, harusnya kasih notifikasi dulu sebelumnya. TF jadi gagal.",0,11,negative,maintenance_downtime,1,True
c14ecab1-8914-4b7f-bd7f-6bfa3fe1ecd3,5,2026-07-12 07:51:18,bagus....,0,1,positive,,0,False
2f8406d5-289f-4830-a825-4edc8d3ed383,4,2026-07-12 09:00:35,"kebanyakan update, sering hilang sinyal,",0,5,positive,,0,False
b1593c6b-134a-4f69-8a08-a0e3dee6b5d2,5,2026-07-12 10:38:38,sangat membantu,0,2,positive,,0,False
7d963957-109a-4c16-a4fe-78b28ff0d14c,5,2026-07-12 10:44:18,Aplikasi BCA Mobile ini Cukup mudah Di pahami dan Di gunakan,0,11,positive,,0,False
05a3c026-6f75-4b85-9a37-779a264cd494,5,2026-07-12 11:25:26,oke,0,1,positive,,0,False
050d9582-e729-4bd5-bb24-1739251564ce,5,2026-07-12 12:45:21,sangat bagus,0,2,positive,,0,False
8e9a7546-34d7-4bc2-94ad-6293dcc96d02,4,2026-07-12 13:25:07,udah 2x sya isi pulsa lwt app ini semua udah benar tpi sprti sinyal jelek loading lama tpi gagal yg bikin heran SALDO kepotong (sesuai isi pulsa) tpi pulsa gak masuk SALDO ilang udah gtu kira sinyal jelek coba 2x lg dan sma aja hasilnya kejadian kemarin 11 juli dan yg 1 nya beberapa bulan yg lalu dan sma2 dicoba 2x lg 🙂 bukan Msalah nominal ya tpi kaya ya cukup ini yg terakhir kali isi pulsa di app ini 🙏,0,81,positive,transaction_failed_balance_deducted,1,True
b5be5382-1f88-4fad-920f-dc5a16997aaf,5,2026-07-12 13:55:53,mantap,0,1,positive,,0,False
ccd48fae-1ccb-4cd9-8831-9e2c668f0d34,5,2026-07-12 14:32:03,ok,0,1,positive,,0,False
c7ecaac7-9cc5-4b62-b656-c17db59519d7,5,2026-07-12 14:36:51,jos mantap,0,2,positive,,0,False
3c3e3031-630b-4179-9b00-324a1ae1d1af,3,2026-07-12 14:42:24,"sya baru ganti perangkat kenapa tidak bisa verifikasi wajah,, ketika buka kamera gagal terus gimana ini min",0,17,neutral,face_verification_failure,1,True
b609c1e7-0f15-4d59-9c1f-1eda8a3267d4,5,2026-07-12 15:13:55,puas,0,1,positive,,0,False
a58bca99-d416-4e5d-8e9b-7193c0bf1615,1,2026-07-12 16:06:22,"masalah masih tetap sama,selalu saja gagal verifikasi wajah dan solusinya pasti datang kekantor/via call center, jika memang gak bisa masuk lewat aplikasi lebih baik fitur loginnya diganti dengan pemberitahuan harus datang ke teller/via call center saja",3,36,negative,"face_verification_failure,customer_service",2,True
1ba89836-e4fe-42fd-b577-f3b928257151,5,2026-07-12 16:15:53,top bank,0,2,positive,,0,False
7acb56c6-c34f-4cae-a4ad-a25b19b0f62e,1,2026-07-12 16:31:20,"kirain bisa langsung pengalihan nomor ternyata harus ke atm dulu, mana sudah diubah nomornya dan nggak bisa login jadinya pr banget harus ngurus ke banknya lagi",0,26,negative,login_otp_access,1,True
2340803e-cd0b-48db-86b7-c7e4e8bbb805,5,2026-07-12 16:57:39,bagus untuk memudahkan transaksi secara online,0,6,positive,,0,False
f5579df6-46bb-425c-81c9-8b4932dee46e,5,2026-07-12 17:15:29,ok bagus,0,2,positive,,0,False
2148d121-adb1-4612-bb92-173f4c86e98e,1,2026-07-12 17:54:25,gangguan aja,0,2,negative,app_performance,1,True
2d311033-baf9-48e7-b6e6-3162fd8b37d0,1,2026-07-12 18:28:32,tf udah masok tapi saldonya gak ada isinya.knp harus di endapkan ? dan berapa jumlah maksimalnya yg di endapakan,0,19,negative,,0,False
5b45fe9e-14f9-4f9a-9579-bf47363361cd,4,2026-07-12 21:00:35,belum tau ya soal apk ini soalnya baru pertama kali buka rekening semoga aja gak ada kendala + gak ada bug,0,21,positive,,0,False
2d1632d0-638d-40d5-82cb-47203d77bf68,1,2026-07-12 21:03:30,ribet,0,1,negative,,0,False
74ab5bf3-f0e7-4175-97b8-b60223dab913,5,2026-07-12 21:19:11,gasken,0,1,positive,,0,False
95f36987-2f29-4e67-9c7b-a18b2816ad0e,1,2026-07-12 21:22:52,"kenapa semua sangat ribet, daftar BCA mobile nya ke ATM udh terdaftar BCA mobile tidak bisa transfer e-wallet, tidak bisa qris di suruh datangi kantor BCA terdekat atau hubungi BCA lewat hallo BCA. buat pengajuan biar bisa transfer dll, nunggu beberapa hari lagi di halo bca biar bisa sepenuhnya menggunakan aplikasi nya, ribet kali lah pokok nya",0,57,negative,customer_service,1,True
446dfbbb-b0e1-4421-a519-fbc098e71dda,5,2026-07-12 22:16:50,bagus,0,1,positive,,0,False
34cc0e77-d122-4e98-a10c-936773495de6,5,2026-07-12 23:29:38,baiikkkk,0,1,positive,,0,False
ac4ffc7d-c388-49f0-b29f-bb8414f0894d,1,2026-07-12 23:55:31,"Aku sudah mencoba berapa kali, mengirim sms tidak ada balesanya, sembelumnya aku udah pernah membuat rekening BCA kartu tahapan expresi tapi entah kenapa aku mau login udah masuk code atmnya verifikasi SMS-nya itu ga muncul aja jadi muter di situ gada jalannya 😭😭😭",0,43,negative,,0,False
8b43957a-0a3f-421d-b203-5574db433ae4,1,2026-07-13 00:57:36,"otp kedua ga masuk2 , entah kendala di sinyal operator atau dari bca ny , sinyal operator bagus , nerima sms bisa nlpon bisa dr nmor lain , susah banget pake mbanking ribet",0,33,negative,login_otp_access,1,True
d30f9620-f0c4-4162-8f64-5bb033eb7e9d,5,2026-07-13 05:07:30,ok,0,1,positive,,0,False
5d1129ad-195f-4dfe-8c4a-f7b26fd8e2c6,5,2026-07-13 05:43:40,Apakah kalau sudah pakai mybca. aplikasi yg ini bisa dihapus dr perangkat saya?,0,13,positive,,0,False
751ea906-5e64-44c5-b135-faef7718783b,5,2026-07-13 05:50:59,sangat memuaskan,0,2,positive,,0,False
875362d5-bfd3-40fd-b04d-7de3f71e37b1,1,2026-07-13 08:26:59,tolong dong di benahi kembali masalah jaringan nya apk mobile banking nya susah banget untuk dapat sinyal hijau sekelas bank BCA ini lho,0,23,negative,indicator_light_stuck,1,True
4ea833d8-8741-4682-bfa0-1054c0adff2c,5,2026-07-13 09:29:36,nofikasi tidak bisa 🙏,0,4,positive,,0,False
acf3bb80-e72c-43f7-9172-b951ebe59027,5,2026-07-13 09:51:55,ok,0,1,positive,,0,False
24ec1eb6-c9d3-436f-b380-8bf57ac8ef58,5,2026-07-13 10:59:56,setia,0,1,positive,,0,False
f8a6d2da-9db4-4fd3-a85f-6b31db3f859b,1,2026-07-13 11:06:46,Aplikasi suka force close padahal sudah diperbaharui,0,7,negative,app_performance,1,True
71a9378c-c14a-4017-adf5-f3eec40c50bb,5,2026-07-13 11:13:00,bagus dan cepat proses,0,4,positive,,0,False
da9aa9d1-2b78-4a95-ada6-b1d14221b002,5,2026-07-13 11:20:00,mantap,0,1,positive,,0,False
9fde5129-ac10-46a1-85cd-f4f75ffc8976,1,2026-07-13 11:59:01,sinyal lancar indikator biru terus,0,5,negative,indicator_light_stuck,1,True
7ca12d54-076f-4256-96d1-04b9313cc9c7,2,2026-07-13 12:29:26,banyak leg,0,2,negative,,0,False
101812ed-9d0f-4f14-824b-0be9c2225f85,2,2026-07-13 13:05:17,lemot merah trus sangat tidak nyaman padahal kartu halo jaringan stabil,1,11,negative,app_performance,1,True
b0158c74-4f4e-4b88-962b-5e09fa6e4133,5,2026-07-13 13:08:39,salah satu aplikasi yg sya pakai untuk menyimpan uang saya hehe,0,11,positive,,0,False
3c9d4a69-cd44-46d8-b6bf-95ed3dd399bb,5,2026-07-13 14:25:04,the best ter the best,0,5,positive,,0,False
2acf309f-220a-45ba-b2dd-546e28ae4eef,2,2026-07-13 14:59:48,"Untuk pertama kali menjadi nasabah, agak repot juga kalo mbanking ke blokir pake nanya jenis tabungan sedangkan lagi gabawa buku tabungan dan harus ke cabang BCA terdekat sedangkan kita yang liburnya weekend itu gimana ? seperti tidak ada solusi yang ditawarkan selain harus ke cabang BCA Thanks&Regards, Febrywan",0,48,negative,customer_service,1,True
7493f61e-c1a4-41e4-bfde-1761cbe0f980,4,2026-07-13 15:24:52,"sudah beberapa hari saya melakukan pembayaran memakai qris loading lama malah ujung-ujungnya tidak berhasil, mohon diperbaiki",0,16,positive,,0,False
585396f0-9d4f-4fa0-82ec-53eaefeea37c,2,2026-07-13 15:25:29,"Tolong min fitur lampu indikatornya di fix, karna saya beberapa kali ingin melakukan transaksi melalui qris tapi karna lampu indikatornya stuck di merah trus padahal sinyal internet saya kencang, jadinya saya tidak bisa melakukan transaksi melalui qris. Ini sangat menggangu.",0,40,negative,indicator_light_stuck,1,True
d1ab403a-42de-4251-b664-948a7e291b04,5,2026-07-13 15:33:20,gampang di gunakan buat sehari hari.,0,6,positive,,0,False
9f5a856b-df60-4f21-a2e2-d49cd52b17a6,1,2026-07-13 16:10:24,aplikasinya jadi sangat buruk..lampu indikator gak jelas..bikin transaksi menyebalkan,0,9,negative,indicator_light_stuck,1,True
13e02a20-2ae1-478f-8435-6c63461aeac9,1,2026-07-13 16:13:57,"saya mau transaksi Qris,bukan mau lewatin persimpangan jalan raya yang pakai trafic light,harus nunggu hijau dulu baru bisa jalan, sangat-sangat lemot,kalau transaksi sedang kendala atau gagal saldo tetap terdebit,dan pengembalian makan waktu lagi, gitu-gitu aja terus, perbaiki lah aplikasi ini !!",5,41,negative,app_performance,1,True
fcd3bec7-87a9-47b3-a084-9885c22eef30,2,2026-07-13 16:26:18,"transaksi QRIS gagal, tapi saldo tetap terpotong,, gimana nih BCA sistemnya?",0,11,negative,transaction_failed_balance_deducted,1,True
a88c5b72-30e7-4c49-807b-a21d816c2eb5,1,2026-07-13 16:32:07,"suka amat BCA ini ketika gagal transakdi qriss saldo kepotong, gagal gak masalah ya jangan juga saldo kepotong.. mesti menunggu dan komplain nya juga ribet..",0,25,negative,"transaction_failed_balance_deducted,customer_service",2,True
ce21d00c-7730-4eb9-8014-7d55aa2f315b,1,2026-07-13 16:34:39,woi ini kok pembayaran gagal 5x tapi waktu di cek mutasi berhasil semua!?,1,13,negative,transaction_failed_balance_deducted,1,True
ebed7799-1cf5-4533-9768-4ae878bee6e1,3,2026-07-13 16:35:07,"sekarang sering banget bayar pakai Qris, gagal tp duitnya kepotong. tolong donk BCA, ada apa dengan mu?????",0,17,neutral,transaction_failed_balance_deducted,1,True
3354e3a2-b4b2-4b8b-9442-1efe797f1eac,5,2026-07-13 16:35:26,Saya transfer gagal tapi saldo Saya terpotong,0,7,positive,transaction_failed_balance_deducted,1,True
626bd214-85a8-4768-9048-169745ae321e,1,2026-07-13 16:36:05,tanggal 13 juli 2026 saya transaksi melalui qris gagal namun saldo terpotong. hingga saat ini tidak ada tanggapan dari pihak BCA sudah yang ke tiga kali seperti ini... heran tidak ada perbaikan,0,32,negative,transaction_failed_balance_deducted,1,True
738c9cfe-711e-432f-ac33-bc5b3008098e,3,2026-07-13 16:47:22,"kenapa sih sinyal lampu susah ijo. transaksi pake qris dari Jumat Gagal saldo kepotong, dikirain Senin bakalan masuk kembali ternyata zonk!!! dan hari Senin ngelakuin transaksi lagi ke potong lagi tapi gagal!!! di mutasi rekening gada catatan tp terpotong terus dr Jumat dan Senin. gila memang . akhir² ini kacau bgt BCA",0,52,neutral,"transaction_failed_balance_deducted,indicator_light_stuck",2,True
f6a11d7e-1133-4afc-b267-7852092dbc85,1,2026-07-13 16:54:23,pembayaran Qris selalu gagal sampe 3x tapi saldo tetep kepotong BCA harus ganti saldo saya,0,15,negative,transaction_failed_balance_deducted,1,True
f445a996-0360-4770-a9b9-26a2b4e21d5e,1,2026-07-13 18:18:55,bank besar tp aplikasi mobilenya luar biasa lelet,0,8,negative,,0,False
15cc9a65-6cc8-4f4a-b05b-924f73ecf15c,5,2026-07-13 18:22:55,sangat bermanfaat,0,2,positive,,0,False
26115131-08c8-44b9-9818-c093ef14c7db,5,2026-07-13 18:29:25,mantap,0,1,positive,,0,False
c5f53225-ea6b-42a2-99a2-db32600b66b3,5,2026-07-13 19:24:47,semuanya lebih mudah untuk transaksi,0,5,positive,,0,False
05e2ab46-249b-4079-beeb-98e9ba526dbf,5,2026-07-13 20:34:32,memudah kan segala urusan keuangan,0,5,positive,,0,False
51e2b3e4-6830-45d9-b370-144f097f8a73,5,2026-07-13 20:47:50,"icon perlu diperkecil, dan teks diperbesar. kecepatan memulai aplikasi perlu ditingkatkan",0,11,positive,,0,False
fcc09fa7-2af4-49e8-b466-a87f5b552028,5,2026-07-13 21:05:28,kenapa BCA saya gx bisa di akses,0,7,positive,,0,False
1fb2bb38-b1b1-4599-8d57-909061208774,1,2026-07-13 23:10:25,Haduh ini yg android versi 5 gak bisa pakai,0,9,negative,,0,False
fcb803c4-7ca4-4de1-82a1-b89fc3665455,5,2026-07-13 23:42:33,aplikasi yang baik,0,3,positive,,0,False
4f54c97c-2cf4-45d0-b570-8c5ba4485155,1,2026-07-14 00:01:29,"makin kesini makin parah sekelas bank bca bikin APK nya gk niat banget, lampu indikator nya kyk babi lama banget, sampai malu gw bayar qris d warung.",0,27,negative,indicator_light_stuck,1,True
77dc04d2-8ab4-47bb-8a0d-e27beb7e4d2a,1,2026-07-14 00:02:55,"gajelas bener BCA saldo gw kepotong mulu tanpa sebab ,malah id user di blokir jadi gabisa liat mutasi",0,18,negative,unexplained_deduction,1,True
473e6062-dae1-4647-87be-600354335459,1,2026-07-14 00:11:45,"makin hari makin bego aja aplikasi ini tf ke dana susah betul ,,, kata nya saldo sampai sama aja kaya",0,20,negative,,0,False
4b33c591-05a9-41df-be9d-58280afd9ed2,5,2026-07-14 01:48:32,"mudah mudahan tidak Malam minggu lagi , Maintenance.. nya. **do it better...",0,12,positive,maintenance_downtime,1,True
e92b8768-e079-4240-9ede-1c348fddc758,5,2026-07-14 06:35:37,baik,0,1,positive,,0,False
40d488c9-163b-49d8-a07f-8710b90d2817,1,2026-07-14 06:59:42,"Aplikasi💩aplikasi lemot,transaksi udah kaya di persimpangan jalan kudu nungguin lampu,lemot nya minta ampun",0,13,negative,app_performance,1,True
a83d6f1a-23e6-4827-a76d-ed87436acd15,5,2026-07-14 09:16:04,sangat membantu dan memudahkan dalam hal transaksi,0,7,positive,,0,False
6d77c6a2-be31-4f32-9e6a-25a3fb5efd8b,5,2026-07-14 10:44:17,bagus sangat membantu,0,3,positive,,0,False
45ae4d91-36c3-4808-a65d-11630067041b,5,2026-07-14 12:36:45,guud,0,1,positive,,0,False
4b50426f-5a5d-471d-b09c-29f6c5604683,5,2026-07-14 13:39:17,bagus sangat membantu sekali,0,4,positive,,0,False
aa3c0b25-cb05-490d-a16a-38cecf542c58,4,2026-07-14 14:00:05,kenapa dari kmren mau pake ga bisa yahh keluar muluu padahl udah masukk,0,13,positive,,0,False
055430e9-501c-47c0-90c9-1c3e547357f2,1,2026-07-14 14:17:45,"gaji IT sampe 2 digit bahkan bisa lebih, ngurus bug scan bayar aja kaga bisa sekelas BCA loh ini ngakak, apa backendnya masih magang ya haha",0,26,negative,,0,False
a40680a6-ce60-4e43-a06f-53093a736e53,5,2026-07-14 14:50:26,good,0,1,positive,,0,False
e102ebfb-6c86-404e-ab1c-69fcde6317df,1,2026-07-14 15:16:43,"Makin hari makin parah aplikasinya, herannya masalah yang sama sejak dahulu yang entah berapa tahun lagi tidak segera dituntaskan, tiap kali login harus bakar pulsa dulu baru bisa masuk. HEYYY ANDA SEKALIAN PADA KERJA NDAKKK?? Gak bisakah kalian untuk masalah ini supaya dapat gratis untuk setiap loginnya seperti diberi notif dikontak WA atau email alih-alih harus SMS yang memakan Pulsa dan uang hanya sekadar login saja.",9,66,negative,,0,False
0a49b7a0-939b-434c-b9d6-7d73f39d152f,5,2026-07-14 15:28:51,Bank BCA Number one,0,4,positive,,0,False
2ad0549d-4edb-43f4-a81e-01146b459581,5,2026-07-14 16:05:49,"Mantap,cuma kadang notifikasi GK muncul",0,5,positive,,0,False
80c66466-3e21-4960-b863-7bfc92ba32a2,4,2026-07-14 16:14:17,Alhamdulillah sangat membantu dalam bertranaaksi,0,5,positive,,0,False
699d7490-672e-4462-9fb4-c6572cf070a2,1,2026-07-14 16:15:55,"Tgl 8 juli 2026 saya beli quota internet dan isi saldo Flazz sampai sekarang tidak masuk ke HP dan flazz saya, dan saldo berkurang, ini sangat merugikan, tolong di perbaiki systemnya, itu sangat merugikan konsumen BCA",0,36,negative,,0,False
522196f4-1e6e-4453-a630-8af95499fda2,5,2026-07-14 16:37:44,good job,0,2,positive,,0,False
75a7dbf9-e198-4753-9246-cb4d0d0fcb2e,3,2026-07-14 16:39:27,"tolong benerin sistem lampu indikatornya dong boss, saya mau transaksi pake qris, lampu indikator padahal hijau tapi transaksi gagal terus, padahal sinyal lancar, dan itu bukan 1-2x saja, tapi itu sudah sangat sering, tolong diperbaiki dong🙏🏻",5,36,neutral,"transaction_failed_balance_deducted,indicator_light_stuck",2,True
eb7e8d8c-3430-4583-891f-70b7a78cfbf2,1,2026-07-14 16:49:04,transaksi tidak dapat di proses mulu kenapa dah heran banget busuk banget sistemnya,1,13,negative,,0,False
eb7a9942-c94b-4627-814f-6539eb7e3dde,5,2026-07-14 17:15:08,kenapa ini gangguan terus gak bisa buka aplikasinya,0,8,positive,app_performance,1,True
3129ecce-e1f7-425c-aacf-ef94d839c02a,5,2026-07-14 17:29:58,bagus sekali,0,2,positive,,0,False
224fcdf8-fcc3-411d-a53b-34f6ac02cf6c,2,2026-07-14 19:10:35,"Dikit dikit indikator merah apa apa merah,mau bayar ini itu ga bisa saldo ke tertahan...ini juga udah mau seminggu g bisa,merah aja terus",0,23,negative,indicator_light_stuck,1,True
c602ead1-7389-47de-a590-05665328f5a6,3,2026-07-14 19:21:32,sebenernya bagus aplikasinya. cuma pas cardless tarik tunai.. uang GX keluar saldo berkurang. dan harus menunggu lama... gmna kalo org lagi butuh saat itu.. harusnya dikembalikan secepatnya bukannya malah dibuat menunggu lamaaa,0,32,neutral,,0,False
7e4e8fd6-b4a1-4ab5-aa61-41f9cbcc1d40,1,2026-07-14 19:45:40,ada kendala tidak bisa masuk ke akun sendiri aneh sih,0,10,negative,login_otp_access,1,True
2bd9a4e7-a277-4805-8714-4d937a654dcf,5,2026-07-14 21:43:41,mantap,0,1,positive,,0,False
e96ef16e-efe2-4a0b-b5c4-815af81423e2,1,2026-07-14 21:51:53,"aplikasi error, lampu indikator error padahal sinyal bagus👎🏽",0,8,negative,"indicator_light_stuck,app_performance",2,True
4a84d4c7-57f8-4a88-9b3d-c60834b893c9,1,2026-07-14 22:20:07,kenapah asuransi ikut gabung ke BCA si,0,7,negative,,0,False
b02ec368-fcfb-49d7-be80-a291782f4506,5,2026-07-14 22:45:01,oke,0,1,positive,,0,False
b29bea60-cc44-4049-821c-5a8e20be89f3,1,2026-07-14 23:13:42,kenapa saldo saya tiba tiba kepotong 25000,0,7,negative,unexplained_deduction,1,True
bf4c3090-576f-4034-b889-4580256048be,2,2026-07-14 23:30:09,kenapa aplikasi BCA mobile tidak bisa dibuka sama sekali,0,9,negative,app_performance,1,True
60cefc33-99ab-4fc6-ba80-fc8db87820e6,5,2026-07-15 00:38:44,tapi sekarang sinyal buat ijo kok agak susah ya,0,9,positive,indicator_light_stuck,1,True
b4f1602d-6b6a-4408-a418-21c5ac9919d7,5,2026-07-15 00:47:00,ok,0,1,positive,,0,False
97bd736d-1996-4cfb-935e-136fca72c609,1,2026-07-15 01:50:09,semakin aneh bca mobile indikator sering biru gak mau hijau..jaringan stabil mode pesawat sampe hp rusak sama aja..perbaiki lagi biar pengguna tidak marah,0,23,negative,indicator_light_stuck,1,True
af1dcb95-ca25-4590-bf8e-932a7976bdc0,5,2026-07-15 02:29:02,sangat berguna,0,2,positive,,0,False
d66adf73-70ea-47c8-89c6-5f6e917085d8,5,2026-07-15 05:35:01,good and safety,0,3,positive,,0,False
5ddfc4b0-d9f4-4c9a-8113-28a6fc989825,5,2026-07-15 06:05:57,sangat membantu dalam transaksi keuangan digital terima kasih BCA,0,9,positive,,0,False
be6e3d2b-9c1a-4998-aa40-c0acf911230a,5,2026-07-15 09:31:00,"sekarang ada notifikasi uang masuk dan keluar, makin keren aja nih BCA.🏅",1,12,positive,,0,False
65b17e2f-e695-40cb-b17a-a728e32540eb,5,2026-07-15 09:47:02,sangat mudah untuk digunakan,0,4,positive,,0,False
44947742-c166-404f-9d39-71c4314a6f6e,5,2026-07-15 10:10:11,bagus,0,1,positive,,0,False
f09c5f2c-95e6-49ab-8b93-9c6a9a18c85f,1,2026-07-15 11:08:32,mau transaksi kok warna merah terus.. kuota juga masih banyak.. merepotkan,0,11,negative,,0,False
86239dbe-1f09-46ab-a364-e334d36ecfd6,5,2026-07-15 11:28:00,saya login BCA mobile susah login bisa minta tolong di aktipin,0,11,positive,login_otp_access,1,True
68fbe682-5476-4629-b90d-cf58a58aede4,2,2026-07-15 13:20:04,"Sering minta verifikasi ulang, dan harus pakai pulsa lagi.yg disayangkan disaat gak ada pulsa dan kebutuhan mendadak kita yg bingung, panik dan rugi waktu😩",0,24,negative,,0,False
57ffc240-a736-4f85-9c11-f8675f0efb13,5,2026-07-15 14:06:41,"dari pada pakai bank negara, mending BCA swasta lebih simple aman",0,11,positive,,0,False
6d0473c0-5ccc-489f-9091-18bbd425d1bd,1,2026-07-15 15:05:18,lampu indikator nya merah terus kocak,0,6,negative,indicator_light_stuck,1,True
2f3733ce-b74b-47a4-85b0-b7eaf7075409,5,2026-07-15 15:15:12,top up game lebih praktis,0,5,positive,,0,False
afe046d1-ca5a-406a-9595-b7aa1f34dab9,5,2026-07-15 16:23:52,BCA selalu Ok,0,3,positive,,0,False
6b032dd8-9d9c-468c-858c-73dcc0a4b72d,1,2026-07-15 16:37:15,LEMOT LEMOT LEMOT PADAHAL JARINGAN FULL TETEP AJA LEMOT SENDING TERUS,0,11,negative,app_performance,1,True
c6d672f2-737e-403d-b933-ab055b3f3dc8,1,2026-07-15 17:47:44,banyak minus nya ni aplikasi. masa verivikasi muka aja gabisa bisa. buang buang waktu.,0,14,negative,face_verification_failure,1,True
23a30cb7-f4fd-43bc-b7f8-619c41947402,2,2026-07-15 18:54:55,aplikasi yang kuno beda dengan aplikasi mobile yang lain,0,9,negative,,0,False
8d418f66-33b9-4864-ab6f-3aa761f3e119,1,2026-07-15 20:07:45,plis lah kalo mau bermasalah jangan pas lagi penting penting nya orang butuhin,0,13,negative,,0,False
7324b800-352b-4642-927c-603086af6826,5,2026-07-15 22:16:07,akhir akhir ini sering tengah malam tidak bisa transaksi.. padahal sebelum sebelumnya mau jam berapa aja oke oke saja BCA mobile sekarang kenapa tengah malam nggak bisa di buka,0,29,positive,app_performance,1,True
6c703bfe-6045-491a-b3dd-2786e61493c8,5,2026-07-15 22:19:05,bagus sangat aman,0,3,positive,,0,False
c8457b8f-72f5-46e1-98ad-d791cfbd0b13,5,2026-07-15 22:44:21,sangat berguna,0,2,positive,,0,False
c61240f5-0358-4015-a140-23be39af879d,5,2026-07-15 23:05:37,good,0,1,positive,,0,False
944a3572-d9d2-4f49-b246-0849119cad83,3,2026-07-15 23:24:31,ribet benget ngirim OTP lama bnget cuman ganti hp,0,9,neutral,login_otp_access,1,True
a136e018-c9ed-4c4e-9d11-30aa5ffbe2bb,2,2026-07-15 23:44:12,akhir akhir ini sering lemot respon nya,0,7,negative,app_performance,1,True
2180fbb0-2d5a-499c-b7e8-9df59077ef6d,5,2026-07-16 03:07:29,notipikasi,0,1,positive,,0,False
6c380fcc-6ce4-48d4-8ec3-4bbd7f371936,5,2026-07-16 05:21:12,keren,0,1,positive,,0,False
c580dff8-da4a-4cf0-bc15-510ab4e84685,2,2026-07-16 09:16:02,"Mohon maaf utk pihak BCA & Pihak asuransi AIA saya bukannya tidak berminat utk bergabung di asuransi AIA tp saya Kuli harian Bos...masuk kerja di bayar, ga masuk kerja ga di bayar....jdi Mohon jgn terorr saya dengan tiap hari nelponin saya..... terimakasih",0,42,negative,,0,False
b84b583a-7eeb-4459-9d38-3fd3b9ca817c,5,2026-07-16 10:04:42,terimakasih,0,1,positive,,0,False
fe4a25f8-2558-4bd9-b06b-78b5f538ddee,5,2026-07-16 10:14:21,Bagus Banget❤,0,2,positive,,0,False
b4b13391-c515-4b29-9df9-2f898cc53d75,1,2026-07-16 10:27:20,penangananya lambat.,0,2,negative,,0,False
d2b94048-a93c-401c-84d5-2ea3cd7ce372,5,2026-07-16 10:53:03,"sangat membantu, dalam segala hal , jadi praktis banget",0,9,positive,,0,False
f7fd778f-6982-41b1-b895-2a5646cda83b,1,2026-07-16 11:28:05,ga bisa login mentok di persetujuan,0,6,negative,login_otp_access,1,True
9df8bfe2-7de2-4e16-9e0c-d0f4775d8077,1,2026-07-16 11:28:33,kok scan qris gagal terus,0,5,negative,transaction_failed_balance_deducted,1,True
deee8a3c-ddd7-4ef7-8aca-4d73a1b6f207,5,2026-07-16 11:29:45,puas,0,1,positive,,0,False
6f286931-d0ea-4399-ad8d-85197dd26954,2,2026-07-16 11:43:42,membayar menggunakan Qris tapi lampu tetap merah dan tak kunjung hijau.,0,11,negative,indicator_light_stuck,1,True
305495f3-f63e-40b2-a225-e20ce0250526,3,2026-07-16 14:36:10,"Sy habis top up Flazz lewat apk ini, saldo sudah terpotong namun di kartu Flazz ttp belum terisi. apakah bisa dibantu..",1,21,neutral,transaction_failed_balance_deducted,1,True
c267fa7b-1df5-4728-a5a3-f50d4e5d4f70,5,2026-07-16 15:00:43,ok,0,1,positive,,0,False
16fe4254-dc2b-40dd-8ace-f1fb37676711,5,2026-07-16 16:20:02,BCA mobile banyak membantu permudah usaha saya,0,7,positive,,0,False
76ef8860-f518-4e4c-ab8f-bb2436705f98,2,2026-07-16 16:29:41,jaringan kembali berwarna biru dan merah saat melakukan transaksi,0,9,negative,,0,False
13ace090-b7c9-4075-9622-9859f082e701,5,2026-07-16 18:24:32,memudahkan dalam transaksi,0,3,positive,,0,False
4d8ce108-ec2a-4da2-8028-62074c68d8ce,2,2026-07-16 18:47:09,notif tetep.gk muncul sama sekali meskipun di atur di pengaturan tetep gk bisa muncul,0,14,negative,,0,False
3e98d3ac-7760-4e5b-8400-a53e0c5f9e9c,1,2026-07-16 19:10:03,bank tukang pungli,0,3,negative,,0,False
a86b60ab-4358-46bf-a13b-2dcbb5fcf4d0,1,2026-07-16 19:15:42,gak bisa dapat kode akses lewat sms karena ganti hp buang buang pulsa bikin rugi nasabah.layanan juga gitu gak ngerti detailnya sistem kode sms,1,24,negative,login_otp_access,1,True
95334cde-a564-4224-bf94-561e9ea3878e,5,2026-07-16 19:52:46,sangat memudhkan,0,2,positive,,0,False
8c3a4863-a94b-4a74-8ac2-84bda18b21bd,5,2026-07-16 20:14:31,ok,0,1,positive,,0,False
3481f299-b66d-461c-a485-d551735cb0da,5,2026-07-16 21:44:19,ok,0,1,positive,,0,False
9b1b8f82-705a-43a5-bf03-a94915983738,2,2026-07-17 00:50:08,haduhh.. kenapa transaksi pembayaran qris panding si... bikin susah orang aja,0,11,negative,,0,False
b12feb3c-1f94-45b2-a818-e24dace48c65,1,2026-07-17 03:20:56,"coba kalau ada gangguan, di aplikasi ada pemberitahuan. !!",0,9,negative,app_performance,1,True
ae580c98-2bf3-4b7b-84ab-0bc767724b16,5,2026-07-17 04:35:29,bca good luck,0,3,positive,,0,False
cf5b37e1-9a61-45da-9151-49fcbf68b066,1,2026-07-17 06:32:37,makin banyak masalah.,0,3,negative,,0,False
b00247c9-0031-4d3b-a6e0-5a5583e54030,3,2026-07-17 09:54:22,"versi sebelumnya, saya transfer ke beberapa orang,lancar jaya. sekarang sesudah transfer ke orang pertama, lalu lanjut ke orang kedua, lama sekali untuk klik. harus di log out dulu, login lagi. tolong lebih ringan aplikasinya biar cepat proses, jangan jadi berat jalan aplikasinya",0,42,neutral,,0,False
9e5c03d9-515e-4c5a-b402-af6fb7443ccc,1,2026-07-17 10:18:54,aplikasi sampah. koneksi lancar. buat apk semua bisa. koneksi sering biru. ga bisa dibuat buru2,0,15,negative,,0,False
77983194-58c8-4bc5-a909-c9baa68e5025,5,2026-07-17 11:00:47,aplikasinya ribet.. harus nunggu hijau dlu.. bisa kah ngk usah ada indikator hijaunya.. mau buru2 jadi nunggu 2jam di karenakan nunggu indikator hijau dulu.. tolong di perbaiki,0,27,positive,indicator_light_stuck,1,True
a9648a7c-204f-4c5b-bc8c-536955fafc1e,1,2026-07-17 11:01:29,Sekarang beli item yang ada di Google Play Store bisa lebih mudah karena pakai Virtual Account BCA di BCA mobile lho! Admin please Gratis 0 😔😔😔 BCA Mobile Gratis Biaya Admin ?? 😔😔,0,33,negative,,0,False
a4a40dc4-b06f-44a7-82b3-586da0da13f6,5,2026-07-17 11:07:45,mantapp,0,1,positive,,0,False
3af3a7d0-6c3f-4ca6-a37f-b7d8ccca01c4,5,2026-07-17 12:17:45,mantap,0,1,positive,,0,False
798e6568-2cfd-4e2f-99db-0f9b2cae3248,5,2026-07-17 12:54:59,"ini knp ya tba"" baru tdi pagi mau transaksi buka m-banking bacanya kok gabisa? kayak ngerestart ulang gitu padahal gak knp"" semalem terakhir aku pake. hmm tolong pihak BCA yth saya tunggu penjelasan dan perbaikannya🙏🏻",0,35,positive,,0,False
8852f340-7d8f-4c6e-ba37-ac3669019b8f,4,2026-07-17 13:04:01,cukup baik..sistimnya,0,2,positive,,0,False
d1ed5340-273a-4bbd-a70f-74149783e2da,1,2026-07-17 13:56:23,"Sering trouble, bayar pake Virtual account saldo sudah terpotong tapi status pending terus",0,13,negative,,0,False
6d4652d7-3da1-4d72-b3ca-215a1fdc5917,5,2026-07-17 14:04:41,"kapan nih bca mobile tambah fitur sidik jari,, biar lbh cepat saat transaksi seperti my bca.. terima kasih .",0,19,positive,,0,False
afdfd099-8c07-4f9c-9dfc-bc0ef79da9f6,5,2026-07-17 15:10:40,ok baik,0,2,positive,,0,False
2d9b7d64-b4d5-43f4-a8bf-1c153762e40d,1,2026-07-17 17:13:13,"BCA gmn sih, abis ganti hp terus mindahin BCA ke hp 1 lagi udah gt verifikasi SMS ngabisin pulsa, ke login kagak ngabisin duit iya. pdhl koneksinya udh bagus tp masi aja d blg ""koneksi internet tidak stabil"" BLOONNNNNN BENCI BENCI BENCII",0,42,negative,,0,False
c7688a7a-cfbd-4a9f-8d54-58eeda7364ec,1,2026-07-17 17:53:29,"saya berikan saran aja, minta tolong dong dengan aplikasi ini, dengan penambahan nomer baru masa harus verifikasi data ulang padahal dengan email dan alamat yang sama ketika di suruh foto sesuai ketentuan, hasilnya malah harus mengulang-ulang bahkan tidak berhasil... Lelah dengan BANK BCA ini.",0,44,negative,,0,False
d70f31d6-c849-4a32-b462-9b43fc0b4759,5,2026-07-17 18:31:42,mantap ambil duit ga perlu pake kartu ATM cukup pake aplikasi ini aja. 😁 terimakasih BCA mobile🙏,0,17,positive,,0,False
b5eb6f44-bb62-435e-ae79-dfbd0ba2a8d3,1,2026-07-17 19:05:45,"app tlollah, mau transaksi nunggu lampu ijo GK muncul2. gw mau tarik semua saldo gw, males nabung d BCA ini. lama2 app tambah jelek.",0,24,negative,indicator_light_stuck,1,True
791dc0c5-d145-4b77-a021-b04665b58ac6,1,2026-07-17 20:03:10,"Lampu indikator harusnya hilangkan saja, bikin lama transaksi,",0,8,negative,indicator_light_stuck,1,True
7c01ce3c-8c74-4a31-b3e7-9ba8a8e47e97,1,2026-07-17 20:05:40,"saya dgn sadar kasih bintang 1, saya sangat dirugikan perihal saldo saya ga balik2 karena layanan qris dari bca mobile gagal lalu saldo kepotong, sudah lapor halo bca dikasih servis masalah penanganan 20 hari kerja. sekelas bca memangnya ga punya tim yg dibilang kompeten apa gmna, bank lain hitungan menit langsung saldo di kembalikan",0,54,negative,"transaction_failed_balance_deducted,customer_service",2,True
77ad4573-29ef-42a3-9a52-5592fefd7eee,5,2026-07-17 20:06:18,Bagus,0,1,positive,,0,False
7c95f89c-793c-48ee-8d93-41c7a30e559c,3,2026-07-17 20:15:59,"Boleh dibantu kenapa saya bisa masuk ke my-banking tetapi tidak bisa melakukan cek saldo, transfer dll?",0,16,neutral,,0,False
ef75b704-fef7-4855-aabb-3379d0cadb82,1,2026-07-17 20:41:09,mana katanya pas buka rekening sapet vocher 100k dalam 14 hari mana sampe sekarang belum ada tuh vochernya masuk mana scam gausa bikin kaya gtu kalo ga di kirim,0,29,negative,,0,False
ca2b26a7-9731-48d7-ab56-45f07796c2d8,2,2026-07-17 21:36:05,lampu nya merah mulu kacau lama lama,0,7,negative,indicator_light_stuck,1,True
a4fea30d-14c0-4754-8990-76e41c23cce5,2,2026-07-17 23:58:05,"setiap mau belanja/transaksi pake qris jam 11 malam ke atas pasti eror, tapi saldonya udah kepotong. jadi bingung mau kasih bukti pembayaran ke warungnya, takut saldonya ga masuk. udah 2x begitu",5,31,negative,transaction_failed_balance_deducted,1,True
721095f0-6d83-4994-9cf9-f6ae86b49593,5,2026-07-18 00:05:51,"Terima Kasih BCA kalian yg terbaik deh. oh iya boleh usul setiap ATM di minimarket klo bisa diwajibkan ambil uangnya maksimal 1jt aja, mengingat sll aja habis tiap mau ambil uang padahal saya cuman niat ambil 200rb untuk belanja harian tapi ATM tidak bisa dipakai krn uang habis di mesinnya. klo mau transaksi besar mending ke bank saja atau via bca mobile.",0,62,positive,,0,False
96bc5ee0-aca5-4bfe-b51b-b83f3dfe3123,1,2026-07-18 00:25:09,aplikasi perbankan teribet yang pernah ada.. aktivasi lagi ebank harus ke atm... kocak😵.. aplikasi perbankan lain cukup semua dari hp beres.. lah ini.. 🙃,0,24,negative,,0,False
6b53210a-3450-4651-bbc8-8431dd1e473d,5,2026-07-18 00:26:44,transaksi mudah,0,2,positive,,0,False
6d77910c-d4b6-4b4c-9e43-afbef7f5a036,1,2026-07-18 00:40:34,"Aplikasi indikator, cacat",0,3,negative,indicator_light_stuck,1,True
3e21b544-2683-4051-9d4f-f6ff8d717614,4,2026-07-18 01:58:53,sulit mau daftar,0,3,positive,,0,False
415bb656-2d20-4fde-9942-c6c4adba7134,1,2026-07-18 05:30:00,"Update lagi aneh bener tiap kali habis transaksi atau cek signal dari app nya kembali lagi ke warna biru indikasi nya, harus di buka tutup kembali aplikasi mobile banking nya baru kembali hijau",5,33,negative,,0,False
8967e09d-3ff3-43ab-ac20-3d54dc12b1e8,1,2026-07-18 06:49:55,"BCA SUPER LEMOT,,, KECEWA HARUS NUNGGU LAMPU HIJAU BARU BISA KRM,, DASAR GK BERGUNA BCA",0,15,negative,"indicator_light_stuck,app_performance",2,True
cfcb40e7-306c-41c6-8e62-605a5277741a,5,2026-07-18 07:07:40,recomended di banding yang lain,0,5,positive,,0,False
36cef75f-399b-4611-b0f1-e86671a4b7af,5,2026-07-18 07:35:02,"sangat membatu ,tapi jangan transfer ,saat jaringan lomot",0,8,positive,,0,False
7ca6415f-d619-4db2-97f4-e83969d7b077,1,2026-07-18 08:25:16,"gila mau aktifin m banking yang terblokir aja susah bener, nelpon sampe 2 x masih belum bisa.",0,17,negative,,0,False
27eee292-d637-46bd-8170-36b2fd0a5c12,1,2026-07-18 08:30:43,"awalnya ga bisa transfer sesama rekening, tp ke yg lain lancar. Server data kali ya tp sdh bbrp hari tetap sama, akhirnya uninstall dan instal lagi. Malah ga bisa diklik yg pernyataan BCA itu huhuhu ono opo tho Mbanking BCA, mau transfer pun harus berkali-kali jika beda rekening, harus dr awal lagi & kalau habis transfer ya akan ke setelan awal aplikasi ga bs ttp didalam apk nya. Gpp ya bintang 1 tetap ko kamu dihati",1,76,negative,app_performance,1,True
fe6f5c09-2640-427c-8e67-bca531b7cf7c,1,2026-07-18 08:35:24,"lampu indikator merah terus padahal sinyal bagus, lalu harus verifikasi ulang dan itu loadingnya lama sampe berkali kali dicoba.. sampe skrg ga bisa dibuka aplikasinya",0,25,negative,"indicator_light_stuck,app_performance",2,True
471d5c4b-6f85-4866-af20-bd08049592b6,1,2026-07-18 10:17:03,hati hati terkadang qriS gagal tapi saldo terpotong.....ini udah 4 hari saldo blm juga balik....urus laporan di halo bca juga ribet...di mutasi ad laporan tapi di inbok kosong...hati2 pakai BCA mobile udah banyak kaya gini....seharusnya kalo qris gagal saldo jangan di potong..gimana ini bca,0,44,negative,"transaction_failed_balance_deducted,customer_service",2,True
207879d3-0624-4b28-a640-0c4db2c6c007,1,2026-07-18 12:02:22,"sinyal bagus tp indikator biru terus,ga bsa transaksi..",0,8,negative,indicator_light_stuck,1,True
aa35c0f6-7387-4de3-884a-652e296cd213,5,2026-07-18 12:11:40,sangat membantu,0,2,positive,,0,False
b16bf31f-6abc-47f3-a424-1aaaa97008eb,1,2026-07-18 12:27:44,"kacau gak bisa login,gak bisa bikin baru",0,7,negative,login_otp_access,1,True
bda93016-13f8-44e4-a5bd-9e19d15408ae,1,2026-07-18 13:22:59,"Aplikasi semakin kesini semakin susah. tiap transaksi selalu error dan mengulang karena indikator. pertama hijau, ketika sudah siap klik transfer jadi biru. terkadang lampu merah terus. payah...",5,27,negative,"indicator_light_stuck,app_performance",2,True
2e2a5ba4-38cf-4a56-94cc-6a90e5156f17,1,2026-07-18 13:51:05,nyesel pake BCA. kemarin buat Rekening Baru dan sekalian buat BCA MOBILE agar tidak bolak balik. lah ini di arahin sendiri. oke saya buat sendiri. nah sekarang aplikasinya tidak bisa transfer di suruh ke cabang terdekat!! Ribet aneh ni aplikasi.,0,40,negative,customer_service,1,True
c2a35629-26d5-4fe0-ac59-7eb41aa1eddf,5,2026-07-18 14:07:45,mantap,0,1,positive,,0,False
4010b42c-9915-4629-a378-532d3f367ed8,2,2026-07-18 14:45:29,lampu indikator sangat menggangu. sering tiba2 biru ketika melakukan pembayaran atau transaksi,0,12,negative,indicator_light_stuck,1,True
d0ee1700-512c-4639-a576-fef17654a46c,1,2026-07-18 15:10:36,"mau satu kali transfer butuh 3 kali percobaan, padahal sehari butuh puluhan kali transfer, akhir akhir ini macam bodoh sekali ini aplikasi, kalian ndak bayar orang buat maintenance kah?",0,29,negative,maintenance_downtime,1,True
06ea91e4-8016-441a-ba3f-f52d9dcad8a6,5,2026-07-18 16:02:18,mantap,0,1,positive,,0,False
c007f98b-e74e-4191-9041-1a6cdf855a1d,5,2026-07-18 16:15:25,Sangat membantu sekali,0,3,positive,,0,False
d0ab1c17-4b93-4773-9a56-6aa3abe35d4f,1,2026-07-18 17:26:22,lemot,0,1,negative,app_performance,1,True
6fbc9a78-da6b-474b-a173-a4fa0e993d01,1,2026-07-18 17:53:01,"udh lama pake aplikasi tiba"" harus registrasi di ATM BCA lawak",0,11,negative,,0,False
704a18ac-a2f9-408e-9109-41939799848e,1,2026-07-18 19:05:26,kepotong admin terus,0,3,negative,unexplained_deduction,1,True
39e38edd-3a5b-4b00-92d5-83556bf6cc80,5,2026-07-18 20:28:12,ok,0,1,positive,,0,False
9c28a361-3a41-4d3c-89ed-2f6baed96e8a,2,2026-07-18 20:28:45,potongan bulanan kadan Banyak sekali,0,5,negative,,0,False
d663ae89-14b0-4265-a6f9-f0875a639c7d,1,2026-07-18 20:36:21,"suka heran, kenapa tiba tiba ada potongan, lalu yang lebih anehnya, kemana potongan itu larinya, dan gongnya gak ada riwayat transaksi nya, tolong dong di kasih detail riwayat transaksi nya agar kami bisa tau",0,34,negative,unexplained_deduction,1,True
db962279-2e29-4209-9a3b-ff151f4f2c68,1,2026-07-18 22:12:10,kalau bermasalah ke kantor terjauh,0,5,negative,,0,False
0edea468-33f3-4095-8582-a7f18a8238c5,1,2026-07-19 00:05:52,"di sayangkan banget buat costumer service malem ini tgl 18 Juli 2026 laki*. minusssss sangat minusssss. Saya ngehubungin karena ada kendala dan minta tolong harus gimna, karena beberapa kali di coba tetep ga bisa. nada bicaranya songong banget, resign aja mas resign kagak usah kerja. malah bikin gw gondok. di gaji kan kewajibannnya layanin dengan baik, udah kewajiban kerja kan. gimna si BCA recruitment nya pake orang dalem apa bisa dapet manusia modelan gitu",0,74,negative,,0,False
b6f2317c-291b-4401-b71e-db87e0d02a33,5,2026-07-19 00:10:01,sangat bagus dan dipercaya,0,4,positive,,0,False
466cee21-9982-444f-85b5-1ba78a166ec3,5,2026-07-19 00:45:10,bagus,0,1,positive,,0,False
4ee39b31-1d03-4bfe-a8d1-6a5df4ca23a9,1,2026-07-19 00:45:25,aplikasi ccd untuk qris sering eror lampu nya biru setiap mau qris,0,12,negative,"indicator_light_stuck,app_performance",2,True
b6b5214a-250a-46f8-8484-37321100cc27,5,2026-07-19 05:40:06,Sangat Berguna untuk Masa depan,0,5,positive,,0,False
2dff6408-debb-4b98-9345-1d79f839568e,1,2026-07-19 06:28:10,"apk skrg sering eror, cek saldo aja gk bisa bisa nunggu lmpu, dan jga sering maintenance sngt tdk nyaman",0,19,negative,"app_performance,maintenance_downtime",2,True
a51344f8-364a-471a-a1e8-642a54f3e8e8,5,2026-07-19 08:34:44,terbaeee,0,1,positive,,0,False
7ab0fc82-2ae0-4741-9a59-f2678794b553,2,2026-07-19 08:56:08,"apk ini di hpku tidak bisa pakai data seluler, kecuali pakai wifi, bolak balik buka tutup apk, data udah nyala paket masih banyak, tetap aja lampu notifikasi merah terus, bikin susah",0,31,negative,indicator_light_stuck,1,True
f74fe32f-b3f2-446d-a329-e4513ba2d662,5,2026-07-19 10:22:03,josss,0,1,positive,,0,False
fecf10a1-1ef1-468f-ab52-641477f547ac,5,2026-07-19 10:45:39,keuangan yg terbaik is the best,0,6,positive,,0,False
8133e347-1389-4cd7-89e0-93f72e79c939,4,2026-07-19 11:13:17,"biasanya tidak ada masalah di apps ini di hp sebelumnya, setelah saya instal di hp baru kenapa utk masuk menu minta kode otp ya? itu pun kode nya tidak terkirim ke SMS seperti biasanya. mohon pencerahan",0,36,positive,login_otp_access,1,True
b305f8e6-dc1c-4fad-bb1c-d292945784ce,3,2026-07-19 11:59:18,suka force close,0,3,neutral,app_performance,1,True
5c02e2f5-6b49-47ca-aad0-57f48b846a58,1,2026-07-19 12:06:13,"Qris gagal tapi uang kepotong, manajemen lambat, CS cuma kaya robot kasih arahan dan jawaban sama. BCA sekarang bank amatiran.",0,20,negative,"transaction_failed_balance_deducted,customer_service",2,True
48e7f0f8-20a4-46a2-a0b5-2dbef7ffda55,5,2026-07-19 12:46:52,Ok punya 👌,0,3,positive,,0,False
d1b63d24-914f-481e-932d-227c2137ee1e,5,2026-07-19 13:07:19,Saya sangat berterimakasih menjadi nasabah Bank BCA,0,7,positive,,0,False
3164418c-7162-405f-b092-c85da0eaf589,5,2026-07-19 13:26:21,mantap jiwa👌,0,2,positive,,0,False
770bb490-7671-453d-b95d-99204536bc49,1,2026-07-19 13:33:12,makin kesini makin tolol.. lemot banget apk nya ajg.....,0,9,negative,app_performance,1,True
b91cfabb-4e13-4550-b1f4-90176f2c310b,5,2026-07-19 14:10:33,mantabbb,0,1,positive,,0,False
3b15cc03-c638-4d10-8cff-29d75560a311,1,2026-07-19 14:27:23,"parah sih BCA bank mahal tapi pelayanan 0,mau transfer aja butuh sejam buat nunggu lampu indikator harus HIJAU..",0,18,negative,indicator_light_stuck,1,True
878d1486-af4d-4289-8cc1-298b560869a8,1,2026-07-19 15:26:22,jadi gak bisa dibuka lagi setelah gak sengaja ke reset,0,10,negative,app_performance,1,True
f52eccaa-99f9-400c-801f-f7689ba3da38,5,2026-07-19 17:05:56,semua terasa mudah untuk transaksi,0,5,positive,,0,False
c29fd585-97d1-41db-8e53-e51a8bc19dc1,5,2026-07-19 17:44:19,"kurangilah size, banyakilah optimize.",0,4,positive,,0,False
8ef1d7d0-24dc-4c1b-be56-0efc1c321360,5,2026-07-19 18:21:25,ok,0,1,positive,,0,False
54724635-1a5a-4ca2-bdb9-70fd3be6c5b4,5,2026-07-19 18:54:11,"gak banyak komentar, yang pasti BCA is the best lah 👍",0,11,positive,,0,False
87f6d975-1e22-425b-b464-e3dc3bc3d890,1,2026-07-19 18:54:51,QRISnya sering gagal. kirain saya aja. ternyta udah banyak keluhan serupa tapiga ada perbaikan. Aplikasinya kian memburuk! kecewa. Dari dulu pakai ini tapi baru kali jni sekecewa ini,0,28,negative,,0,False
8e8e6074-0a77-4e92-bd44-cfb8a1654ba0,2,2026-07-19 19:39:29,seharusnya d saat cek saldo riwayat transaksi dari sekarang 1 bulan ke belakang itu muncul teran sakisiya biar enak dan yaman,0,21,negative,,0,False
2a479cbd-8555-4c1c-91b3-5c037617f70b,4,2026-07-19 19:39:49,sebelumnya mohon ma'af kpd pihak bca🙏 kenapa bayar pakai Qris sangat lama prosesnya? padahal itu sangat membantu. mohon dievaluasi secepatnya trimakasih,0,21,positive,,0,False
49947e01-b27b-4d36-a150-f28f2a042ad9,1,2026-07-19 19:50:05,tambah lama tambah lelet,0,4,negative,,0,False
770760e9-cfb6-4065-9dbb-9578cc5bf7af,1,2026-07-19 20:15:43,"tolong perbaiki, sering ada notif lampu indikator biru",0,8,negative,indicator_light_stuck,1,True
8ef954bf-82c9-4e48-bd09-b501d4ca196a,2,2026-07-19 20:43:06,harus wifi only -_,0,4,negative,,0,False
61bd2130-b434-4b60-ad78-c477a76fe804,1,2026-07-19 20:59:57,tampilan nya masih lebih bagus mandiri apa lg untuk ngecek uang keluar masuk dalam satu tahun atau satu bulan gampang banget tolong di permudah sperti tampilan mandiri ini agak ke susahan apa lg kalau orng tua yg pakek tolong di permudah tampilannya,0,42,negative,,0,False
443e1d02-ff8f-4cac-9cb1-5996937e56d6,1,2026-07-19 21:21:40,"Untuk apa ada Mbanking, klo registrasi ulang saja harus ke bank?",0,11,negative,,0,False
95ccac66-8b0d-4c90-9402-e049e9c4092e,4,2026-07-19 22:02:33,udah bbrp hari ini buka aplikasi nya loadingnya lama banget...itu knp ya? Blom lg lampu merah nya suka lama jdi nyusahin saat kita buru2,0,24,positive,indicator_light_stuck,1,True
be5dc79a-baf8-455e-a30f-fbe83e50c746,5,2026-07-19 22:20:34,"kenapa ya kok mau bikin rekening loading terus ga bisa"" dari kemarin kak, (UPDATE) ALHAMDULILLAH sudah bisa setelah menghubungi cs BCA nya dan memberikan arahan dan sekarang sudah bisa, terima kasih pelayanan nya yang cepat dan baik🥰🙏",0,37,positive,customer_service,1,True
478a59b7-10c0-48a6-8e27-e29db21d050b,1,2026-07-20 02:52:50,ga bisa d buka,0,4,negative,,0,False
41dd97e2-935f-4fd2-ba77-a323024fb5ea,5,2026-07-20 05:29:02,6ess,0,1,positive,,0,False
13cfb90a-324e-49c3-a2da-446049060c1b,2,2026-07-20 07:19:09,akhir akhir in kenapa lemot sekali server dan internet nya susah loading,0,12,negative,app_performance,1,True
f5730bcd-ffd6-435e-a029-153082292058,5,2026-07-20 07:31:29,nyaman aman cepat,0,3,positive,,0,False
a4f77709-95ef-4919-9fe3-95a82ac60dde,1,2026-07-20 08:40:35,"ini gimana, mau TF ke bank kok gak bisa saat ini, jaringan saya stabil",0,14,negative,,0,False
4e48d8cf-ce36-401b-aaf8-89eb625923c7,1,2026-07-20 09:27:40,"kalau bukan karena kerjaan malas pakai bca,verifikasi wajah hayo terus cari tempat terang segitu sudah terang juga,,mending brimo simpel gk ribet",0,21,negative,face_verification_failure,1,True
58c28f68-8d38-424f-aa65-68f7dcffa5e6,3,2026-07-20 09:40:17,"kak tolong ini gimana error terus dari kemarin kode 205 mulu mau transaksi susah jadinya,mana di situ semua uang nya tolong lah",0,22,neutral,app_performance,1,True
d86a4786-86c0-4346-bca0-c77c69f05d8a,3,2026-07-20 10:01:52,"aplikasi bagus ,tapi setelah di update indikatornya merah terus dan setiap transaksi harus menunggu lampu hijau dan itu sangat lama, sangat menganggu di saat butuh transaksi cepat, padhal biasanya gak begini,tolong min perbaiki lagi woy",0,35,neutral,indicator_light_stuck,1,True
7e4fafc5-2ed1-4ee1-9705-54b68105fcb1,5,2026-07-20 10:14:39,vermuk aja susah banget gan kudu jelas banget... permudah lah kalo ga BS vermuk Krn kamera burem setidaknya pake PIN,0,20,positive,,0,False
d26093c3-8ada-471a-abf7-cda1dd0669ee,2,2026-07-20 10:24:41,saya mencoba buka rekening bca mesti kali detail buat apa rekeningnya..terlalu mesti tau privasi orang.. buka rekening aja repot kali..terlalu banyak pertanyaan. mesti orang berduit pakai bca ini ngeri x rasanya.,0,31,negative,,0,False
0f58c122-9701-449b-b100-35822c6503f1,5,2026-07-20 10:27:22,mantap,0,1,positive,,0,False
3ffd1d61-03fa-407f-9d81-aa0730f84249,1,2026-07-20 11:26:13,verifikasi wajah jadi susah. pd hal sebelum nya pake hp ini yg sy pake. lingkaran dikamera merah trs,0,18,negative,face_verification_failure,1,True
382cf358-0d50-4946-b597-30899429cd09,1,2026-07-20 13:51:31,"paket kuota ada,, pulsabeli sampe 30rb,, otp gak progres2,, ribet,, miskin sinyal",0,12,negative,login_otp_access,1,True
c7e732a4-775f-4774-bbf0-2b7381d13684,5,2026-07-20 13:56:50,mantabp,0,1,positive,,0,False
ce2d87f4-ac9e-47b5-8bfb-124760aa9cb4,1,2026-07-20 15:38:27,ini vendor aplikasi mbankingnya siapa sih? jelek bgt ux nya. bukannya mempermudah transaksi malah mempersulit. jaringan bagus tp lama bgt hijaunya. ganti aja klo emang gabisa bikin aplikasi semakin mudah digunakan..,0,31,negative,,0,False
5360ec23-0417-4fbc-877e-b69f401c8f9f,1,2026-07-20 16:31:25,mau buka aplikasi saja nunggu iklan lama banget😡😡😡 .mana lampu hijau ya juga lama Kalo mau Qris..smakin jelek saja,0,19,negative,indicator_light_stuck,1,True
4c033cbd-d862-4844-ab59-c2591231ce09,1,2026-07-20 16:38:11,gajelas adm,0,2,negative,,0,False
898fc4d7-038b-4b28-b186-e54b088b6dae,5,2026-07-20 17:10:19,"Hallo Team BCA saya pengguna apliaksi BCA Mobile, dg perangkat redmi note 15 5G saya sering mengalami kendala, pas mau masuk, tiba-tiba aplikasi tertutup saya sudah reinstall beberapa kali, tapi tetep sama masalanya terima kasih",11,35,positive,,0,False
bd39e557-1513-482a-b88e-3a94bb792307,3,2026-07-20 17:45:49,inj kenapa mau bayar shopee pakai virtual akun bca ngga bisa?,0,11,neutral,,0,False
25170bfb-23f6-4559-8582-2d889de9ca7d,5,2026-07-20 17:55:16,sangat membantu sekali,0,3,positive,,0,False
2ce1cd62-20e8-41ed-8f07-01d6eaaeb9ba,2,2026-07-20 18:24:06,"jaringan selalu hilang, ketika urgent tidak bisa diandalkan seperti dahulu ...",0,11,negative,,0,False
dc546a1b-21e3-475b-b8ee-3fabf370d785,5,2026-07-20 18:27:49,sangat baik,0,2,positive,,0,False
6accbffd-782b-44f1-a099-6e5ebd95aa90,1,2026-07-20 18:35:32,QR selalu loding tidak bisa di pakai. sangat Abal abal kualitas sangat rendah dan tidak ber mutu.,0,17,negative,,0,False
c5bfaad6-cb51-4e8a-a38a-cf984e096268,1,2026-07-20 18:53:42,tidak ada pemeliharaan atau update apapun tp nggak bisa transfer virtual.kalau ada eror langsung perbaiki dong bukan diem aja,0,19,negative,"app_performance,device_compatibility",2,True
a55b75e4-faa0-4b88-b46d-7a9ee58fbff0,1,2026-07-20 19:22:10,gw ganti hp karena hp gw rusak.. tolong dong jangan terlalu di persulit.. ngk semua orang make hp yg kameranya bagus.. gw verivikasi muka biar dapet kode otp aja susah minta ampun.. terlalu deket lah kurang cahayalah....eeh padahal sudah jelas..tp gabisa gabisa juga.. sedangkan gw pake hp yg sama vermuk shopefood driver tidak sesusah itu.. tolong lah anda mempunyai nasabah itu ga semuanya HP mahal.. jgn di persulit masa hanya untuk verivikasi wajah harus ke bank.. klo cepet ya enak ini bisa lama,0,83,negative,face_verification_failure,1,True
7d777380-71ca-43c5-bd5f-12a7b1daf388,5,2026-07-20 19:48:00,bank terbaik,0,2,positive,,0,False
94185cdb-0622-4299-b6ed-95af01940156,3,2026-07-20 19:54:16,BCA Coba buka fitur bayar UKT.. dan juga atasi eror saat mau ngirim uang ke rekening lain atau bca virtual acct,0,21,neutral,app_performance,1,True
76f65366-92be-44ad-b938-0a5220644028,1,2026-07-20 19:55:41,"saya kasih bintang 1 Sudah lebih dari cukup,kalo ada 0 aku kasih 0,,,Sangat lemot,lampu indikator terlalu lemot harus ngulang2,Payah,,,Selalu ngulang2 habis2an pulsa saja,ga beres",0,24,negative,"indicator_light_stuck,app_performance",2,True
de5b3857-cc5a-40f9-b6aa-8fc1faff1765,3,2026-07-20 20:06:58,"cape tiap verifikasi wajah susah nya minta ampun,masa iya ga BS baca wajah udh terang udh jls msh aja ga bs2,tolong lah di perbaiki sistemnya",0,25,neutral,face_verification_failure,1,True
6de4ca9e-1529-4b98-9ec1-97ad9e3c25c5,5,2026-07-20 20:46:50,sangat membantu,0,2,positive,,0,False
1d0c0a87-ed3e-4cc7-9141-0081482ec5d9,5,2026-07-20 22:02:40,"keren,mudah digunakan , aman ,dan praktis...layanan baik dan stabil",0,9,positive,,0,False
fb89515e-d1f8-4a34-a0e9-1fea970ab6ba,1,2026-07-20 22:47:05,gabisa top up shopee kaya biasanya..,0,6,negative,,0,False
12304b2f-c0ae-4304-99ae-ed18d3020515,1,2026-07-20 22:56:30,"bintang 1 dulu deh, virtual account gampang gangguan ga asik",0,10,negative,app_performance,1,True
e60a0aea-2b91-42b4-be12-57b8aa6bf2d1,3,2026-07-20 23:48:21,mbanking eror transaksi anda tidak bisa di proses tolong segera di perbaiki karna sangat mengganggu untuk belanja online,0,18,neutral,app_performance,1,True
90c9b3cd-4ee9-4e1d-bed5-3e9c499860c7,5,2026-07-21 00:20:36,"aplikasi BCA mobile ingin normal lagi dan aktif seperti biasa,salah dikit aja langsung terblokir...",0,14,positive,,0,False
6695202c-5669-41ee-900f-f2729be342e4,1,2026-07-21 00:34:49,"DIKIT"" UPDATE, DIKIT"" MAINTENANCE, SANGAT BURUK, GAADA NOTIF PULA MANA LAGI TF GABISA DI REFUND, BURUK SEKALI👎🏼👎🏼👎🏼👎🏼👎🏼👎🏼👎🏼👎🏼👎🏼",0,17,negative,maintenance_downtime,1,True
c032abdb-2627-4a47-b34a-c99b18fa47f7,1,2026-07-21 00:36:05,kecewa banget saldo ilang 800rb. nyesel pakai bca.,0,8,negative,unexplained_deduction,1,True
964dbbaf-1cb3-44b0-b1b3-d1d81ba80f87,1,2026-07-21 00:37:40,pembayaran make qris ...pertama gagal trus aku scan lagi gagal lagi udah 3x aku scan gagal trus tapi saldo nya ke sedot wah parah ini,0,25,negative,transaction_failed_balance_deducted,1,True
55e84e3b-c24d-4883-b891-5471acb45106,1,2026-07-21 00:49:48,"pakai qris saldo udh kepotong tapi ke pembelian gak masuk seharusnya balik lagi donk saldonya, ini mah harus laporan dulu ke CS pake telepon pulsa mahal banget, perbaiki lagi sistemnya jangan bikin ribet.",0,33,negative,"transaction_failed_balance_deducted,customer_service",2,True
64ffd60a-a334-43b2-ac6b-3a4bf35ff91f,1,2026-07-21 00:50:15,Sudah 2 kali melakukan transaksi qris gagal tetapi saldo terpotong dan tidak kembali padahal sudah di email,0,17,negative,transaction_failed_balance_deducted,1,True
4063463c-3429-4efe-96c0-08322f3eb22f,5,2026-07-21 02:29:33,iya semuanya oke,0,3,positive,,0,False
d50da966-4937-427b-a256-b873e9f3a7eb,5,2026-07-21 03:14:50,sangat membantu,0,2,positive,,0,False
b41404c1-d483-4187-82fc-ffbdd538736e,1,2026-07-21 04:34:00,qris sering gagal. aplikasi kadang susah di klik malah keluar sendiri. makin kesini aplikasinya makin parah.,0,16,negative,"transaction_failed_balance_deducted,app_performance",2,True
5c49091b-2957-42b4-9e9f-5d6281caff9e,3,2026-07-21 06:01:39,ui nya jelek,0,3,neutral,,0,False
808d29de-fe2d-402e-9905-ec01c60fc25e,5,2026-07-21 06:20:38,aplikasi y dh bagus dh ada notifikasi klau ada transfer masuk skrng keren.,1,13,positive,,0,False
d8fc8135-76f6-4e25-bdc6-fd4cd4f8bcb7,1,2026-07-21 06:29:49,kenapa setiap buka qris lama banget lodingnya padahal sinyal bagus dan lampu indikator warna hijau tolong doang qrisnya di benerin orang mau buru-buru jadi lama gara-gara qrisnya lama loding 😡,0,30,negative,indicator_light_stuck,1,True
38002eb1-04bb-4456-9fed-b191a61c843c,5,2026-07-21 07:06:04,paling baik untuk keuangan saya,0,5,positive,,0,False
032bb47b-29de-4684-9aa2-a152ca1108f7,3,2026-07-21 07:40:06,"kenapa sekarang sering trouble di madiun? lagi digunakan buat transaksi malah lampu merah terus, my BCA jg eror terus.. saya pakai bca biar cepet malah skrng sering trouble.. hadehh",0,29,neutral,"indicator_light_stuck,app_performance",2,True
ed7f6750-2b76-4034-a849-e3d8c5ff2674,1,2026-07-21 08:35:27,PELAYANAN NYA BUTTUUTTTT,0,3,negative,,0,False
2e3d79fc-57dd-4b34-a43f-682a1eecfc53,5,2026-07-21 11:00:44,pelayanan nya sangat memuaskan dan membantu.,0,6,positive,,0,False
451cde00-398b-4033-9c6f-fad1b0bc5b2e,2,2026-07-21 11:14:23,Abs update kok malah jadi lemot bgini BCA udh gtu lampu warna ijo skrg JD susah bgt tolong d benahi lagi,0,21,negative,"indicator_light_stuck,app_performance",2,True
7e0cb41b-84ae-4d10-8288-b266ca8fe129,5,2026-07-21 12:29:19,good job,0,2,positive,,0,False
fc7eca2d-1480-4c4e-a404-16330178f5e0,1,2026-07-21 12:29:57,ribet vermuk gagal terus makin kaga nyaman aja,0,8,negative,,0,False
5c10236c-b918-4889-a843-ac06592d617c,5,2026-07-21 13:12:57,mantap,0,1,positive,,0,False
aa9e3e0a-34a2-4447-aeab-77444dbcca4f,5,2026-07-21 14:44:47,"saya di main mainin sama aplikasi ini saya ingin login ke akun baru saya tapi setelah saya masukan kode otp malah muncul notif ""ada yang salah dengan koneksi anda"" padahal saya buka aplikasi lain bisa, jadi saya harus top up 10k dan saya coba lagi gagal terus mana 3 kali kirim pesan nyedot pulsa 5k lagi huh ampun dah saya sengaja kasih bintang 5 biar semua orang tahu...",0,68,positive,"transaction_failed_balance_deducted,login_otp_access",2,True
85a01cfb-21aa-4908-8ab5-38c6459837bd,5,2026-07-21 15:15:40,oke,0,1,positive,,0,False
a477b360-5c3a-4ca3-a4cf-435024bf152d,1,2026-07-21 15:23:21,teman teman saran saya hapus aplikasi ini dan pindah ke bank yang lain BRI lebih bagus dari pada sampah ini,0,20,negative,,0,False
0eb82e2f-3ef7-4ee2-9dd8-dafff3f7c247,5,2026-07-21 15:57:01,kenapa sekarang harus verifikasi wajah,0,5,positive,face_verification_failure,1,True
a9b9cce8-4c10-4230-b784-67d46157e801,1,2026-07-21 17:35:56,transaksi rada susah.. karena harus menunggu lampu lalulintas.. lemot banget untuk transaksi..,0,12,negative,app_performance,1,True
7846893e-0c82-4c26-955f-8c9d1bd10616,1,2026-07-21 18:57:43,"GANTI HP BARU, MAU LOGIN E-BANKING UDAH GATAU LAGI KEBERAPA KALINYA NYOBA MASUK TAPI GA ADA DAPET SMS KODE AKSESNYA. UANG GUA KESEDOT BANYAK CUMA BUAT NUNGGU SMS KODE AKSESNYA",0,30,negative,login_otp_access,1,True
c667dc3d-2be5-48ef-b358-d830521274e9,5,2026-07-21 19:53:33,sangat membantu,0,2,positive,,0,False
7776d6d8-2b35-4557-b0f1-437f5089dba9,5,2026-07-21 20:39:19,sangat puas,0,2,positive,,0,False
23f25a37-29e0-46c1-8d81-d16b673d6a74,1,2026-07-21 20:43:22,"baru kali ini kecewa sama BCA, transaksi tidak berhasil saldo kepotong pengecekan nya aja harus 1 bulan, gg ada kejelasan refund",0,21,negative,"transaction_failed_balance_deducted,unexplained_deduction",2,True
5b29fb60-8225-4614-a817-8e389347e8c2,1,2026-07-21 21:01:14,terlalu sulit masuk verifikasi wajah.,0,5,negative,face_verification_failure,1,True
8f991d3a-e90e-440d-809d-b4cba955a8fd,5,2026-07-21 21:02:36,"sangat memuaskan, terimakasih",0,3,positive,,0,False
a9fa427e-a446-4f90-bbc6-57cea7beeac1,1,2026-07-21 21:09:28,"top up menggunakan qris berujung tidak masuk, di notifikasi muncul tapi di inbox qris ga muncul alamat deh saldo ngurang tapi topup ga masuk hadeeehhh",0,25,negative,,0,False
9a051dac-49f0-4d9b-9c7c-c41cd15a13e4,1,2026-07-21 22:10:21,"saya kemarin sudah melakukan aktivasi finansial, dan sudah bisa, kenaoa tiba tiba hari ini tidak bisa dan harus aktivasi lagi, kaya dikerjain ga jelad banget",0,25,negative,,0,False
5fae96bb-1891-4b60-b9c7-f3fa3d4acae8,5,2026-07-21 22:37:36,sangat puas,0,2,positive,,0,False
7ed8f0f4-e568-466f-b3e2-964d4e6b99b1,1,2026-07-21 23:14:06,"smakin di update smakin lemodd, jangan sampai kecewakan nasabah",0,9,negative,,0,False
e02d01f4-d7a2-4d95-a2a0-fd69b826857a,1,2026-07-22 01:11:06,"coba di update biar lebih unggul kyak aplikasi sebelah, login di permudah lagi",6,13,negative,,0,False
589402ad-aff2-47cc-8ec5-adf01dc28c1c,2,2026-07-22 01:34:53,"Kecewa bgt sama Lampu Indikatornya, lemot bgt buat berubah warna hijau, padahal jaringan bagus 5G.",1,15,negative,app_performance,1,True
eb6d0c28-3e26-4459-9aeb-bc476ee5a086,5,2026-07-22 03:26:51,bagus cepat,0,2,positive,,0,False
8a8ba709-13a1-4385-88b5-70edee19c4a3,1,2026-07-22 04:08:03,"BCA ni bener bener sampah, BCA mobile eror,my BCA juga eror, ni BCA bisa bikin sistem yang bener ga sih, pusing aku ngerasain aplikasi busuk ini.",0,26,negative,app_performance,1,True
be830094-60d5-46f4-8e2d-5c10e29922ac,1,2026-07-22 04:30:35,"ribet banget sekarang untuk login ketika ganti HP, harus bolak-balik ke Bank, ketika mau verifikasi wajah harus menghubungi developer. sementara kondisi darurat, hp layarnya pecah ganti ke HP baru harus ke bank lagi. verifikasi manual buang waktu tenaga dan kesabaran. sementara kita mau akses uang kita pribadi susah bangettttt pake kebangetennnnnn hadehhhhhhjjjjh",0,52,negative,face_verification_failure,1,True
75cbcd64-9bc7-4130-bffa-b7369135b5d2,3,2026-07-22 05:19:15,please the turn off mode terus bca gmn ini,0,9,neutral,,0,False
37cb7255-bac2-4706-af9f-ce542636db28,5,2026-07-22 06:08:41,mantaapp,0,1,positive,,0,False
ff9bb714-c036-4056-be69-aaebebde3ebd,3,2026-07-22 08:24:46,"kenapa tidak ada fitur atur notifikasi transaksi di m admin saya,, hanya ada atur pengiriman kode otp",0,17,neutral,login_otp_access,1,True
093e1d37-3cf7-4957-a422-af2ecd1175ab,1,2026-07-22 10:14:46,tidak bisa verifikasi data diri. selalu crash,0,7,negative,face_verification_failure,1,True
0412d872-ec96-4034-bc63-8924f29ad499,5,2026-07-22 10:27:26,bagus,0,1,positive,,0,False
9cc13f51-9512-4c23-807a-938650288d17,1,2026-07-22 12:48:56,terlalu sering menunggu indikator lampu hijau padahal jaringan bagus dan stabil tapi indikator lampu merah terus.beberapakali ingin melakukan Qris pembelian tapi indikator selalu merah dan membuat malu tak bisa bayar akhirnya ke ATM BCA lgi buat menarik uang,0,38,negative,indicator_light_stuck,1,True
0da75444-6abc-48fc-930d-f8564ba37514,5,2026-07-22 15:19:08,pk kartu MBCA emng nyaman jg tdk menyulitkn nasabah keren mantap....saldo 50rb bisa di ambil.....,0,15,positive,,0,False
93fe0e71-64b7-4fbb-933d-01e89e764a85,1,2026-07-22 15:37:11,"di update tambah lelet, harus log in terus kalo transfer berulang2..",0,11,negative,,0,False
b6eca62e-f936-4880-a986-f5b14988b66e,1,2026-07-22 16:45:27,"Harusnya kalo nomernya tidak terdaftar di dana jangan berhasilkan, saya salah transfer uang ke nomer yg gk ada tapi masih berhasil. di komplain hallo bca mala gk nolong",0,28,negative,customer_service,1,True
9b511501-4336-458a-98aa-eec6a2d91b21,1,2026-07-22 17:19:16,"kenapa saya daftar gagal,heran saya padahal sudah mengikuti standar aplikasi, kecewa berat sama bank BCA",0,15,negative,,0,False
0339fac1-27b4-466e-a27e-02c0f4663a54,1,2026-07-22 18:51:16,kenapa qris nya susah banget buat dibuka yak ? mau bayar bikin antre aja.damn woyyy gk bisa bayar ini !!!,0,20,negative,,0,False
dbc06107-68e0-4899-b631-101df0b9105d,1,2026-07-22 19:44:29,dapetin kode OTP aja lama banget..,0,6,negative,login_otp_access,1,True
c75c37fd-4eb0-4d7b-9218-8eede78cf5db,5,2026-07-22 20:00:31,sangat mudah di pahami,0,4,positive,,0,False
d4ae8b5f-7cfb-4e9f-a5ae-94d900b2bdd4,1,2026-07-22 20:57:29,"lemot, sering gk nyambung padahal sinyal kenceng.",0,7,negative,app_performance,1,True
1b4a70f9-7b20-478d-8d26-a4852b6bfd50,5,2026-07-22 21:33:56,sangat baik,0,2,positive,,0,False
b2c0ac5b-1a2c-436a-85c7-542adf03512e,5,2026-07-22 22:02:51,Mantap,0,1,positive,,0,False
f6e4d0cb-89ff-4fe5-952e-2b3d0d7bcde1,5,2026-07-22 22:45:47,Bagus,0,1,positive,,0,False
17dab6ec-e314-40d0-920c-f90d2b9edec5,1,2026-07-22 22:49:29,sistem eror lampu indikator biru terus,0,6,negative,"indicator_light_stuck,app_performance",2,True
f39edad1-716c-46d2-a5cc-4afd8c97af78,1,2026-07-23 00:13:36,"Tolong dibenerin lagi apknya, tiap mau pilih menu harus nunggu lampu indikator hijaunya nyala, sedangkan untuk nunggu lampu indikator hijaunya nyala itu lama banget, dan ujung-ujungnya harus selalu dilogout dulu.",0,30,negative,indicator_light_stuck,1,True
6fb978ba-3116-4939-a259-c6acee2c2da9,3,2026-07-23 00:55:48,buruk sekali tiap transaksi indikator warna biru nya selalu lama banget,1,11,neutral,indicator_light_stuck,1,True
6d874749-0a55-46f1-be8c-e7b02e54b37b,5,2026-07-23 04:19:01,paman saya suka pake ini,0,5,positive,,0,False
c1460035-75c8-4aa1-810a-8d766b85c02d,5,2026-07-23 07:52:25,sangat membantu dan memudahkan pengguna untuk mengakses,0,7,positive,,0,False
73da4298-d4be-478d-b11f-028d26872162,5,2026-07-23 08:12:40,mempermudah transaksi,0,2,positive,,0,False
4fb23fd4-0060-44ae-af2b-7e98f9c58692,5,2026-07-23 09:28:21,bagus untuk memudahkan transaksi,0,4,positive,,0,False
f3a4520e-b603-48d4-96b3-4392d801503f,2,2026-07-23 10:04:05,minta tolong kok di saya kode otp gak masuk ya udah di coba beberapa kali tetep gak masuk,0,18,negative,login_otp_access,1,True
07881c7f-5376-482a-8527-7bbe93ddc2bc,5,2026-07-23 11:08:19,sangat membantu,0,2,positive,,0,False
7a70a7d5-d69b-4cf6-8da6-3a23d24d7290,3,2026-07-23 11:32:51,kenapa plat nya merah terusss..padahal sinyal bagus🥺🥺,0,7,neutral,indicator_light_stuck,1,True
59927a5f-8daf-401b-bb43-7df3d83e868f,5,2026-07-23 12:19:22,suka banget 😍🥰,0,3,positive,,0,False
40ea86be-6790-4b27-9da2-cb33df1a9c99,1,2026-07-23 12:53:53,"harusnya ada notipikasi setiap keluar masuk uang,kaya nada brimo,,saya pake apk ini ko gx ada nadanya....knpa ya",0,17,negative,,0,False
059a7853-0cd0-40fd-90c3-f466be1f6b45,5,2026-07-23 12:55:41,terimakasih 🙏,0,2,positive,,0,False
f3a19fb4-4d05-4a0a-bfaf-61acbce15d52,3,2026-07-23 13:13:36,"ini gimna mint otp tapi gak ada ot masuk sedangkan tiap minta otp dipotong 1500pulsa udah berkali kali gak dapet otp , tolong diperbaiki supaya tidak banyak nasabah yang dirugikan",0,30,neutral,login_otp_access,1,True
af3ee14a-7a6e-4a9e-80be-0a983061042d,5,2026-07-23 14:59:13,good,0,1,positive,,0,False
4f7618b8-4420-4710-ac62-cab15b6b0c15,1,2026-07-23 15:23:08,"gk di pake 1 bulanan tiba"" logout trus pas mau login malah otpnya gk di kirim kirim padahal buat minta otp pake pulsa udah 5× kirim sms dari jam 12 sampai sekarang otp gk di kirim kirim emang jembuttt bca ini🤬",1,41,negative,login_otp_access,1,True
c0f5105a-acf2-4be9-9459-64680a629490,1,2026-07-23 18:00:39,"bukanya makin baik malah makin buruk, untuk selfi tidak bisa percuma bagaimana ini min",1,14,negative,,0,False
e1494f08-fb76-42d9-91c2-9c29aabdf257,5,2026-07-23 18:08:54,"Sekarang suka sulit, nunggu warna biru menjadi hijau (bulatan sudut kan atas), kl bisa digunakan, cuman sekali, abis itu nunggu lama lagi, kl mau transfer atau yg lainnya, malah terkadang jadi merah (jadi lebih lama lagi). Yang repot, kl lagi bayar pakai Qris, kasian yg nunggu dibelakang saya. Sekarang saya akalin, pake pay pay yg lain, yg nggak pake nunggu merah, hijau, biru.",2,63,positive,,0,False
e140e96c-e5ed-4a17-85b9-d29f0414966d,1,2026-07-23 19:15:55,mw login mbanking di perangkat baru aja prosesnya lemot useless,1,10,negative,app_performance,1,True
80830bb1-1f75-4917-b7e5-9dead3b34f1d,5,2026-07-23 19:15:59,sangat memuaskan bgt pake mobile bca,0,6,positive,,0,False
3e7cf76f-ed9c-406f-b4d4-693bd17d9011,5,2026-07-23 19:38:09,memudahkan bertransaksi,0,2,positive,,0,False
196fc0d3-7a02-4891-885c-ea13a209c0de,3,2026-07-23 19:45:18,"tolong jika ada pemotongan dana karena admin bulanan di berikan notif juga, saya baru tau ada potongan dana setiap bulannya pas cek mutasi, tolong transparansinya",0,25,neutral,unexplained_deduction,1,True
9806da54-a109-4191-9fcd-e47479b9e0ab,3,2026-07-23 20:15:15,"sementara saya kasih bintang 3 dulu, saya ingin minta saran dari admin bca atas kendala tidak bisa aktivasi wajah di BCA Mobile, padahal dulu sangat mudah untuk saya menggunakan aplikasi ini atau login akun saya ke BCA Mobile namun akhir-akhir ini banyak sekali kendala, mohon di balas, terimakasih.",0,48,neutral,,0,False
915e002f-c888-492f-8bdb-4b12249a0822,1,2026-07-23 22:41:21,kenapa makin kesini aplikasinya sering eror lemot jadi makin kesana,0,10,negative,app_performance,1,True
39e41bfc-110f-4a94-87b1-187cb6e00554,5,2026-07-23 23:35:34,baik,0,1,positive,,0,False
d6d83793-d589-4cab-b228-0af765e424b9,1,2026-07-24 01:23:53,aplikasi gak jelas seharian vertifikasi wajah gak bisa2,0,8,negative,,0,False
e00c73a5-ccd8-466c-a550-bc0807c4271a,2,2026-07-24 01:38:57,"nunggu indikatornya warna hijau sampai tua, lemot bngt gabisa sat set",0,11,negative,app_performance,1,True
633cad16-2de7-491f-92b2-e3d5b2742530,1,2026-07-24 07:11:06,SERING ERROR! HABIS MELAKUKAN TRANSAKSI SETELAHNY MAU D GUNAKAN LAGI MESTI MENUNGGU LAMPU INDIKATOR BERWANA HIJAU MENYALA SAMPAI TIDAK MENYALA LG LAMPU INDIKATOR HIJAU NYA!! HARUS CLOSE APLIKASI & LOGIN KEMBALI BERULANG ULANG UNTUK BS D AKSES KEMBALI!,0,38,negative,"indicator_light_stuck,app_performance",2,True
ca3dc96d-51f3-4ed7-8446-1f27fc3275bc,5,2026-07-24 07:35:21,mantul,0,1,positive,,0,False
22b6efd8-5f9f-4406-a883-384bf3dc996a,5,2026-07-24 07:51:19,Yang Terbaik,0,2,positive,,0,False
248c5d6a-1c80-4e6f-ab2a-44827eb8b174,4,2026-07-24 08:32:37,indikator hijau nya kelamaan kayaknya ada bug,0,7,positive,indicator_light_stuck,1,True
8a13d342-befb-4129-b2ae-48a0e0be2a66,1,2026-07-24 10:42:35,makin kesini makin payah nih app. skrg buat transfer mesti log out-log in berkali-kali. sinyal bagus dan ga pake wifi padahal,0,21,negative,,0,False
d1b2205d-ad9a-4a7a-bbeb-02969e24b776,5,2026-07-24 13:09:59,"tolong ditambahkan untuk menu pembayaran pendidikan, saya mau bayar UT tidak bisa, karena tidak ada di menu, alhasil harus transfer dana ke anak yang pakai himbara",0,26,positive,,0,False
382c9b42-ccae-442c-a399-5669d156ddc2,5,2026-07-24 13:39:42,keren,0,1,positive,,0,False
cbb293a9-1e8a-4002-944b-ddafcc145b52,5,2026-07-24 14:00:19,nice,0,1,positive,,0,False
298e6f3f-4f24-485a-ab96-e4ad725be027,5,2026-07-24 14:30:54,good app,0,2,positive,,0,False
373e704b-747e-4890-abbb-580dd1972541,5,2026-07-24 15:03:25,sangat ok,0,2,positive,,0,False
d16515a0-7c7c-4c82-931d-1e6541fe4e56,2,2026-07-24 15:22:17,"signal biru mulu, setelah ijo, muter² loading, harus log out dulu lalu balik lg. ini parah sekali sih.",0,18,negative,,0,False
ecb59f4f-6213-421e-b0d3-3cb1d09f35ff,2,2026-07-24 16:53:32,lumayan baik,0,2,negative,,0,False
b3bfa670-6d26-4ac1-bb57-6e794f4868a0,3,2026-07-24 17:19:13,"sudah 1 mingu ini indikator lampu kuning.a lama bgt, . .sudah d coba pake wifi pakai paket data sendiri sama aja ,. gak ngerti, gak kayak biasa a",0,28,neutral,indicator_light_stuck,1,True
2b0d49db-d263-4117-8e29-d886296133ac,5,2026-07-24 17:43:12,bagus sngt membantu,0,3,positive,,0,False
1e0fc782-61ae-4796-9dec-556479636fcf,2,2026-07-24 18:16:49,"bar nya merah mulu udh di restart juga tetep aja, padahal wifi udh paling bagus tapi tetep aja, lagi di posisi genting padahal huft🥱",0,24,negative,app_performance,1,True
18d37344-4d62-4c46-a563-908f1f5a5240,1,2026-07-24 18:25:12,kecewa dengan bca. penanganannya lelet. aplikasinya banyak bugnya,0,8,negative,,0,False
59122601-e238-4182-a3fc-d6fbc0c6d592,5,2026-07-24 18:43:00,mantap cekatan,0,2,positive,,0,False
e2cda4e9-9fd5-4cf0-ab62-0febe393012f,3,2026-07-24 18:52:13,"saya kecewa sebagai pengguna hp lawas verifikasi gagal terus , sampai akhirnya mbanking saya terblokir, padahal kamera saya sudah cukup bagus gambar fokus , saya melakukan verifikasi pada waktu siang hari dengan cahaya yang cukup terang , tidak ada blur sedikitpun , kenapa akhir2 ini sangat sulit , pdahal saya nasabah paling rajin transaksi menggunakan layanan ini",0,57,neutral,,0,False
e1487835-90d0-4986-aa95-519a5473c5a9,5,2026-07-24 19:03:50,lumayan,0,1,positive,,0,False
a8e1e3db-a064-493c-bba8-cd4ca5c417d4,3,2026-07-24 19:39:25,"saya beri 3 bintang,, karena saat masuk ulang kembali ke aplikasi ini sangat sulit,, harus Terima Verifikasi via pesan, iya kalau pesannya tersampaikan,, ini berkali-kali tidak pernah tersampaikan,, padahal sinyal sangat bagus, pulsa pun masih banyak untuk kirim pesan, saran untuk verifikasi baik nya via WhatsApp saja itu sudah cukup baik",6,51,neutral,,0,False
a2d007ec-22d9-403c-b1b8-3d95a57ffa2e,5,2026-07-24 19:45:38,so far so good,0,4,positive,,0,False
aa03802a-6a67-41e8-91da-3b1c7339f919,5,2026-07-24 22:25:02,bagud,0,1,positive,,0,False
6c746e36-f007-459d-ad3a-bec48ababfe5,5,2026-07-24 22:41:59,masala hnya cuma TDK bisa liat transaksi,0,7,positive,,0,False
3d960ba9-1276-4def-bb1a-5828f52dabc7,1,2026-07-24 23:14:28,"Apk nggk jelas, Sering keluar sendiri, kalau aktivasi susah",0,9,negative,app_performance,1,True
81215a02-10b8-4b73-9dda-5762de8769a3,5,2026-07-24 23:57:09,"dan terulang kembali bayaran melalui qris gagal saldo dipotong, gak di perbaiki juga, klo gagal ya jgn dipotong saldo nya",1,20,positive,transaction_failed_balance_deducted,1,True
0757f9a4-1d7a-4e6b-b808-0d2590b20a51,5,2026-07-25 00:38:34,ISS The Best,0,3,positive,,0,False
cee03a2c-4190-4b2d-a703-c42f786c32a5,1,2026-07-25 01:46:07,"lelet x skrg appnya, kode otp susah x masuknya 🤦",0,10,negative,login_otp_access,1,True
d6456a6b-3eae-4ef1-b284-b1ed67b9112e,5,2026-07-25 03:01:48,baik dan membantu,0,3,positive,,0,False
451b0b1e-4393-4cd1-94af-2568cfafd2a9,4,2026-07-25 04:25:49,qris kadang bisa kadang lama,0,5,positive,,0,False
6da81220-93c2-4a1f-bf3f-5f04bb3c9a42,5,2026-07-25 04:42:46,membantu,0,1,positive,,0,False
7f904db0-22dd-428a-9e88-82128901419c,3,2026-07-25 05:09:03,pemakaian baterai boros,0,3,neutral,,0,False
2b4ceca3-bec6-444d-8a4d-d068d4235955,5,2026-07-25 05:14:27,Sangat membantu.,0,2,positive,,0,False
127a06a0-81c8-449e-9db5-d44cef459e2c,5,2026-07-25 05:53:49,Mudah digunakan dan sangat membantu dalam transaksi,0,7,positive,,0,False
6ffe9c2d-218a-4933-9ef9-5b277e1083d4,1,2026-07-25 07:54:55,"setiap kali mau transaksi saya selalu merasa was was.. karena saldo terpotong tapi tidak masuk, sudah 2 kali saya top up flazz saldo terpotong tapi tidak masuk di flazz",0,29,negative,transaction_failed_balance_deducted,1,True
a9631b67-aae2-4a56-96a6-16a1cc85ab1c,5,2026-07-25 08:00:39,Terkadang repot uang masuk tidak ada,0,6,positive,,0,False
09aa5679-81e1-46b2-8505-092f3040e84e,5,2026-07-25 09:04:03,sangat puas sekali,0,3,positive,,0,False
5381c4b9-fc61-4fe3-b047-77415cb2910d,4,2026-07-25 11:04:32,Hai BCA kenapakah kalau mw transfer dan top up harus aktivasi dulu??,0,12,positive,,0,False
26d874a1-2d7c-4bef-b7aa-2a29fae4dcdf,1,2026-07-25 11:17:52,sinyal bagus tapi indikator selalu biru transaksi jadi sangat lama,0,10,negative,indicator_light_stuck,1,True
3eef5a6d-7ce8-4edf-a6a4-71ef0642b7da,5,2026-07-25 11:36:05,"Sukses selalu bca, semoga saya bisa menang hadiah motor sangat butuh buat antar jemput ke Rs dan sekolah.",0,18,positive,,0,False
9b6c5b40-43b9-4a71-b023-a2f3b3e35d2a,1,2026-07-25 12:09:45,"lemot... tiap transaksi selalu gak bisa sekali, aplikasi buruk",0,9,negative,app_performance,1,True
0aad6a80-5bbd-4ecc-bacf-762b16ee4657,2,2026-07-25 12:17:19,"kenapa BCA saya tidak mau kirim nomor padahal nya saya sudah beli pls biasa untuk mau kasih aktif mbanking saya, saya kasih bintang 2,pertanyaan saya kenapa tidak bisa kirim SMS padahal pls biasa 10 ribu malah tidak bisa",0,38,negative,,0,False
83790fbc-77d2-4812-9b65-51cd43a36ae2,1,2026-07-25 12:19:52,sinyal susah..tau2 disuruh telp halo bca..mbanking gak bs di buka pdhl gak ada salah pin🙃,0,15,negative,customer_service,1,True
e4a2093b-3c4e-4684-801c-84f626548267,1,2026-07-25 12:33:18,sekarang lemot,0,2,negative,app_performance,1,True
24c1fdf8-5269-40bf-8884-97d9dc8c3811,5,2026-07-25 13:26:04,sangat membantu sekali,0,3,positive,,0,False
4c5a03f0-ba58-4188-8f43-a43c27225991,1,2026-07-25 13:27:21,"verifikasi wajahnya loading lama,mana gagal terus.grab gojek verifikasi cepat",0,9,negative,face_verification_failure,1,True
dd3f0fb3-b298-4bbe-aca4-31c4b0b974d2,3,2026-07-25 14:12:50,"aplikasi membingungkan harus nunggu lampu hijau dulu baru jalan kayak di trafigligth dan mutasi rekening hanya bisa tampil 1 bulan aja, nggak kayak aplikasi bangking sebelah kapan aja bisa di lihat semoga aja bca akan ada upgrade segera",0,38,neutral,indicator_light_stuck,1,True
df2f0111-9523-4c33-8a0c-2c95ed7639b9,5,2026-07-25 14:57:38,bagus,0,1,positive,,0,False
a37d4f4c-0a77-4308-8b8d-0a87240ff25f,5,2026-07-25 15:25:36,aplikasinya sangat membantu,0,3,positive,,0,False
9a8a071c-859d-41aa-8c14-242271e52b42,1,2026-07-25 15:26:32,gimana sih saya tf uang ke bca kok malah terpotong,0,10,negative,,0,False
8ad8fd82-0534-4509-8e10-a87d262ce596,5,2026-07-25 15:51:35,bgus mepermudahh transaksi dan mempercepat transaksi,0,6,positive,,0,False
5d9ba5a7-3a05-4aa8-b85a-d5c93a7a87dd,1,2026-07-25 16:00:35,"Ganti kartu online kartu tidak dikirim dan saldo hangus begitu saja , BANK SAMPAH pindah bank lain saja 😡🤬",0,19,negative,,0,False
0e432ea8-1938-4659-91c1-085034d850b0,4,2026-07-25 16:12:58,knp susah tf virtual akun,0,5,positive,,0,False
a1e98f3d-576b-4418-8b1d-b6147e881807,1,2026-07-25 16:16:12,"sudah 2 bln terakhir ini sering trouble indikator sering merah kadang juga biru, padahal Data internet aman. mohon diperbaiki pelayanannya",0,20,negative,"indicator_light_stuck,app_performance",2,True
4714662f-0e66-4615-bb3b-cb12023cf744,1,2026-07-25 16:34:18,"mbanking apaan begini. nungguin lampu hijau dulu, sekarang mau pake internet mana aja lampunya ga ijo², aplikasi bodoh",0,18,negative,indicator_light_stuck,1,True
faf1bd5b-54cc-4cd1-aae0-aede9c732bff,5,2026-07-25 17:13:19,ok,0,1,positive,,0,False
92c03a72-290b-4e54-90ab-469cad94b80b,5,2026-07-25 18:46:33,kehilangan transferan,0,2,positive,,0,False
ea10cf14-db57-4088-b380-1ab22619adba,1,2026-07-25 18:47:25,"kenapa harus pake warna indikator sih.. yg muncul kebanyakan warna biru,mau cek saldo aja jadi susah di buka.. lola",0,19,negative,"indicator_light_stuck,app_performance",2,True
2b171ca9-5bf6-4a8e-90ff-589e4590c5ab,5,2026-07-25 19:32:14,aplikasi sangat bagus,0,3,positive,,0,False
d7e378ca-c945-4bfd-bda4-fcf52ec3bb7d,3,2026-07-25 19:41:12,"lampu indikator nya kaya galau, bingung, mau mau engga engga, hidup mati, mati hidup",0,14,neutral,indicator_light_stuck,1,True
0cdb6baa-c538-4b55-bb5d-b7d338c6b767,3,2026-07-25 19:48:32,"kenapa sekarang mau qris susah bgt, tau2 ga ada sinyal padahal paket data ada wifi ada tempat terbuka, bikin lemot kalau mau bayar2",0,23,neutral,app_performance,1,True
e486c5c9-4736-4e45-8977-1cb7a192f5b9,5,2026-07-25 20:23:05,buat tranksaksi cepat,0,3,positive,,0,False
af477e0f-3826-4e8c-a0e1-fd78b6dee48a,3,2026-07-25 20:38:32,bca mobile skarang gk sama dengan yg dulu dari apk bca pindah ke apk lain walaupun 3 detik pas kembali lagi ke menu bca gak bisa ijo notif biru tolong di kondisikan,0,32,neutral,,0,False
f6559e36-a965-457d-a6fc-c47446ee512b,1,2026-07-25 20:55:54,versi terburuk yg pernah saya pakai. sudah lambat suka error jaringan. bca makin buruk. tolong kembalikan ke versi sebelumnya,0,19,negative,app_performance,1,True
7cedbc86-4dea-4578-b9fe-dc83c0aec2d2,1,2026-07-25 21:37:06,Ini mau ngecek saldo doang lama bgt kok ga muncul2 sih? Ngecek saldo aja susah apalagi mau transaksi! masih dengan kasus yang sama.. makin jelek mbankingnya,0,26,negative,,0,False
c266dab8-39bc-47f7-8508-4f53d690a0ee,4,2026-07-25 22:40:53,"Saya mengganti Device. Aktivasi dan verifikasi ditolak dan gagal terus. Saya benar2 dongkol dibuatnya, mengapa verifikasi ditolak terus, berikan saja opsi verifikasi langsung melalui video call. Sayangnya tidak ada Oh ya, aplikasi Finance bank lain sangat mudah dan tidak ada kendala berarti saat pergantian device. Identifikasi dan verifikasi pengguna yang sah sangat mudah. Saya harap m-Bca ini bisa semudah itu, tentu tanpa mengabaikan keamanan pengguna yang sah. Saya uninstal saja yah.",0,71,positive,,0,False
62e62b97-c46f-41d8-b7ae-7cb1f5f4206c,5,2026-07-25 23:02:08,mohon maaf habis update malah aagak lemoot apa kendalanya ya....mksih,0,10,positive,,0,False
982ed5b9-a669-4b60-83d1-bdd8756da2b1,1,2026-07-25 23:11:42,klo dipakai utk Qris sllu ga bisa udah 4x ditempat berbeda gagal terus alhasil pakai mandiri dan aman2 aja... tolong diperbaiki lg soal lampu2 itu dan jaringan nya,0,28,negative,transaction_failed_balance_deducted,1,True
4d1db28d-89e4-4357-b8f2-5d28a6411183,5,2026-07-25 23:50:48,perbarui dan perbaiki perangkat akun mbanking BCA,0,7,positive,,0,False
8c5dc16e-d9b5-47ba-9b8c-bc00813c1432,5,2026-07-26 00:07:21,BCA mobil semakin bagus,0,4,positive,,0,False
e4b02245-b1ee-4dc0-b6a6-6665e00eb9d7,5,2026-07-26 01:12:21,saya kasih👍👍👍👍👍,0,2,positive,,0,False
e7a419d4-eb14-466b-9d30-1631176eaeaa,1,2026-07-26 01:56:36,"Indikator hijau, biru, merah bikin enek",0,6,negative,indicator_light_stuck,1,True
aca707de-7251-4f53-a9fa-d028765aa59d,1,2026-07-26 02:24:43,qris bermasalah transaksi gagal tpi saldo berkurang,0,7,negative,transaction_failed_balance_deducted,1,True
4cd427c9-e712-48ea-a142-6955278e1c6f,5,2026-07-26 02:31:50,"kenapa terkadang QRIS BCA eror melulu ya , transaksi gagal , duit kepotong , dan butuh Berjam-jam untuk balikin, tolong min dipantau jangan sampe kejadian begini lah min..",0,28,positive,transaction_failed_balance_deducted,1,True
28d1679e-4390-4c97-83f0-156d0d343129,5,2026-07-26 02:39:00,Masya Allah mantabbbb,0,3,positive,,0,False
a89627f4-3465-4c30-84f1-4a9a1e0b351a,2,2026-07-26 02:39:27,tolong ini pemakaian qris lemot transaksi gagal namun saldo terpotong,0,10,negative,transaction_failed_balance_deducted,1,True
0868924c-5522-4f8b-bbc9-150ef6b5b3fd,1,2026-07-26 02:40:06,parah saya transaksi via q ris tulisan gagal tapi saldo susah hilang dan tidak kembali dan bukan hanya saya yang mengalami nya parah kecewa,0,24,negative,,0,False
519d85ff-9fe6-4801-9e1b-021d4973f971,1,2026-07-26 02:40:18,"saat gagal mengunakan qris tapi saldo sudah berkurang, dan uangnya tidak kembali",0,12,negative,transaction_failed_balance_deducted,1,True
68464be7-97e3-4a42-a9b5-4df98737e130,4,2026-07-26 02:43:50,beberapa x saya melakukan transaksi dengan Qris dengan cepat...tapi kadang gagal dan saldo saya terpotong...dan di tunggu 1X24 jam....saldo tidak kembali...dan kejadian begini sudah beberapa x...tolong sistem dibenahi...saya kehilangan uang beberapa x... walaupun nominal tidak seberapa...tapi membuatku kecewa,0,38,positive,transaction_failed_balance_deducted,1,True
f617a833-9ab4-43c9-a547-408756420a34,1,2026-07-26 02:49:35,pake qris transaksi udah ada notif GAGAL masih aja berkurang saldoku. aplikasi udah lama di realsisasi masih aja CACAT. bisa kerja apa gak sih team kalean?,0,26,negative,transaction_failed_balance_deducted,1,True
43734ef3-6e5e-415d-a317-2ae82045886d,3,2026-07-26 02:58:16,"3x QRIS gagal kenapa saldo nya kepotong 3x juga,",0,9,neutral,transaction_failed_balance_deducted,1,True
bc2dc9fc-3b0f-4302-8796-0812159bd05a,5,2026-07-26 02:59:14,"gimna itu uang saya TF pke kiuris TPI disana nya GK msuk , uang juga udh ke potong",0,18,positive,,0,False
1f15ac77-6514-418f-b160-d21cde7bec36,1,2026-07-26 03:02:16,kenapa pembayaran qris gagal tapi saldo terpotong gimana sih cara sistem kerja luh pada ? udah saldo kaga balik padahal pembayaran gagal tapi kok saldo tetap kepotong pasti disuruh nunggu mao sampe kapan nasabah tuh butuh kejelasan bukannya nunggu langsung aja jelasin saldo bisa balik apa engga percuma juga telvon kalo kaga ada kejelasan buang pulsa buang waktu dengan jawaban yg sama disuruh NUNGGU !!!,0,65,negative,transaction_failed_balance_deducted,1,True
23d1872a-9d42-4d7f-ada9-5e47774b3646,1,2026-07-26 03:03:01,kambuh lagi nih BCA.pembayaran QRIS gagal tapi saldo berkurang,0,9,negative,transaction_failed_balance_deducted,1,True
6e69b209-453c-4143-8ad1-95c416c9069b,1,2026-07-26 03:03:58,mulai lagi dah transaksi qris saldo ke potong tapi ga terkirim mau ngelapor ribet bos uang ga seberapa ribet nya bikin pusing . error atau bug di aplikasi kok di pelihara .,0,32,negative,transaction_failed_balance_deducted,1,True
450ec16e-7f59-4cea-8311-c37e8a2aff12,2,2026-07-26 03:05:48,"pembayaran lewat qris gagal tapi saldo berkurang, makin kesini makin ga bener, saya mau saldo saya balik sekarang!!!",0,18,negative,transaction_failed_balance_deducted,1,True
ab27ca83-51cd-43b1-9583-1b41d59ef101,1,2026-07-26 03:06:02,tramsaksi gagal sldo kepotong gak dibalikin gmna nih? 2 kali kok gajelas gini slekarang?,0,14,negative,,0,False
bd5be0a6-6361-4de7-bffd-1e3cb82a0752,1,2026-07-26 03:18:32,Duit belum balik nih. gimana Sihh BCA Lahh,0,8,negative,,0,False
9f23b2f3-e805-46e6-bc23-77df90ce16c7,5,2026-07-26 03:39:24,"saya mau tanya jawab bca online di aplikasi apa ya ? soalnya Qris saya gagal tapi saldo sudah kepotong,",0,19,positive,transaction_failed_balance_deducted,1,True
37f68d3a-3d10-48fd-b381-b7904256a258,4,2026-07-26 03:47:24,baru kali ini sistem qris bermasalah .mana lagi butuh banget malah error,0,12,positive,app_performance,1,True
b98d7b3a-cec1-44d1-bd7a-453ab134af83,1,2026-07-26 03:47:50,lagi eror kah???,0,3,negative,app_performance,1,True
8d3a68c1-1899-401f-a35f-f7ec1a7e175e,1,2026-07-26 03:59:06,saat transaksi menggunakan qris ada tulisan gagal tapi saldo sudah kepotong hadeh,0,12,negative,transaction_failed_balance_deducted,1,True
19bd4a08-0e8f-41c6-98fc-e7679ed11b0b,5,2026-07-26 04:14:52,Membatubskali,0,1,positive,,0,False
a90b7292-e7a1-4fad-8086-8d8970463f20,1,2026-07-26 05:54:46,"APLIKASI SERING ERROR, DAN BIKIN MALU, SAAT TRANSAKSI SERING GANGGUAN ALASAN JARINGAN. QRIS SERING GANGGUAN. APLIKASI BOBROK.",0,17,negative,app_performance,1,True
1579001a-a3e8-43d1-8ab6-e6b2b8d5dc29,1,2026-07-26 06:46:49,Uplikasi ini sebenarnya sangat mudah digunakan dan sangat membantu tapi udah berapa kali minta upgrad. udah upgade terus minta upgrade lagi kalau kita gak upgrade kita gak bisa menggunakan virtual Akun. kalau kita upgrade banyak banget ruang penyimpanan yg dibutuhkan. Benci banget sama My BCA pdhl mbanking lain cuman 1x upgrade aman jaya. saya kasih bintang 1 krn mempersulit,0,59,negative,,0,False
18466d54-ed65-43d3-ad41-590f982e16f0,5,2026-07-26 06:53:46,"kenapa setiap pengenalan diri selalu eror sih, tolong di perbaiki lagi",0,11,positive,app_performance,1,True
e6266eca-ce40-4b3d-9b96-a63872ea15aa,1,2026-07-26 06:53:47,qr nya ga bisa bisa astaghfirullah!!!!!,0,6,negative,,0,False
bcb995b7-871d-4fcb-8f4c-f186f5aef939,1,2026-07-26 07:49:23,tidak bisa menggunakan Qris/merchant,0,4,negative,,0,False
1415dbad-0868-449e-a9de-86eff5371f02,5,2026-07-26 08:23:17,ok,0,1,positive,,0,False
bf8f17fc-2422-4000-b7e3-f4b28f0602d1,5,2026-07-26 10:30:50,okee,0,1,positive,,0,False
14b65f30-4469-4ada-82bc-562b8fb6e4c9,5,2026-07-26 10:56:52,Bagus,0,1,positive,,0,False
cfff392f-4358-4569-9d6c-a4c0371577a8,1,2026-07-26 11:32:41,lama banget birunya..,0,3,negative,,0,False
8a393293-294f-46ff-8fb9-ecd95e21355d,5,2026-07-26 11:40:40,pelayanan nya sgt memuaskan,0,4,positive,,0,False
0a715b98-6dd8-4cdc-a961-c9117ac7a20d,1,2026-07-26 11:44:59,uang sering ilang udah di urusin mana ribet keluar uang tetep ga balik lagi uang nya kaya kejadian tempo hari,0,20,negative,unexplained_deduction,1,True
54afa6ca-a935-4979-a592-477e703a7f88,5,2026-07-26 13:24:55,bagus,0,1,positive,,0,False
d12ee866-93aa-4888-a5ae-f33a8c42f35d,2,2026-07-26 13:37:22,tampilanya masih jadul,0,3,negative,,0,False
65eac00e-2d52-49b7-a08b-ba6576ad3e0d,2,2026-07-26 15:20:54,sering troble. sekelas bca aplnya kek gini,0,7,negative,,0,False
de0a077e-ce7f-46fb-8a95-928e56a242c8,5,2026-07-26 16:38:38,"simple, mudah digunakan, mudah dimengerti",0,5,positive,,0,False
2fba95f5-d774-4b25-b6ab-ca2f6e4c7595,1,2026-07-26 18:38:25,"ribet gagal terus saat verifikasi foto , lol",0,8,negative,,0,False
cbb793c7-125c-4482-a0e4-ecff97fc8101,5,2026-07-26 18:42:00,"sangat membantu aplikasi ini,apalagi skr ada notif pemasukan dan pengeluaran uang..sempoga kedepannya lebih baik lagi",0,15,positive,,0,False
c9960c8c-ac67-4e1c-b32d-c0800677a65f,3,2026-07-26 20:53:49,Cara baliki bca ke awal gimana yaa tiba tiba ke hapuss bca nya,0,13,neutral,,0,False
e16ec139-5ce9-48af-a39a-f04d60e5a876,1,2026-07-26 21:11:44,akhir akhir ini selalu ngelag ga bisa ke proses kecewa sekali,1,11,negative,,0,False
bdc8f672-8f45-46cf-bcb5-06134d4194f5,2,2026-07-26 21:37:34,"terlalu sering merah padahal jaringan stabil, membuat lama transaksi",0,9,negative,,0,False
4c68f96a-2c69-4697-a9ab-9d6dac96ac4a,5,2026-07-26 23:42:15,"halo bca, saya sangat terbantu oleh bank bca yang sangat bagus dalam ke amanannya, akan tetapi, kenapa setiap saya ingin verifikasi wajah selalu gagal, log out ke menu utama mau masuk m-banking? tolong di perbaiki yaa",1,36,positive,"face_verification_failure,customer_service",2,True
5515761a-a747-4b74-b3a2-fa352fe32f0b,5,2026-07-26 23:42:28,sippp,0,1,positive,,0,False
3fd249ca-55fe-426d-aa15-d38ed47dfbdc,1,2026-07-27 00:29:06,ga bsa masuk,0,3,negative,,0,False
e9e15657-3188-4742-b725-170001eab7e8,1,2026-07-27 03:13:51,"Semakin kesini kok semakin kurang bagus layanan MB nya, setiap mau transaksi harus menunggu indikator warna hijau terlalu lama dan bnyak membuang waktu... lebih lebih disaat yg darurat tidak bisa di andalkan dalm saat darurat. tolong segera di perbaiki",3,39,negative,indicator_light_stuck,1,True
1bfe6061-9c7b-4498-91a3-c64762135b19,5,2026-07-27 05:22:49,"mantab sekali, sekarang bisa keluar notif di hp kalok ada uang masuk sama uang keluar. terbaiklah bca",0,17,positive,,0,False
0e1a2e2d-b159-4c14-877c-613b3b789832,5,2026-07-27 07:42:01,ok,0,1,positive,,0,False
840b774b-3515-4918-9d40-825982e020d0,1,2026-07-27 07:50:42,"Buka Aplikasi Langsung mental. harus Di ulang 2X, dan begitu seterusnya, Lampu hijau sering hilang. tolong kasi update tan baru,",0,20,negative,indicator_light_stuck,1,True
6af6f276-90cb-4353-ba4e-6951f58a366b,5,2026-07-27 09:00:14,"Tolong yaaaa... kalau apk harus di update, Kasih notifikasi. jangan saat input kode akses di anggap salah. kalau ke blokir kan bikin susah. Selain itu semua berjalan baik.",0,28,positive,login_otp_access,1,True
93ba2f2a-5eea-4d78-b5c2-5f8df2e1fe95,1,2026-07-27 10:23:47,"ini BCA karyawan kenerja abal2 kali ya ?? mau buka tabungan butuh kartu keluarga,bingung gue ?? emangnya gak cukup KTP aja ,padahal KTP elektronik sudah terdata didukcapil,,,kinerja perlu diperbaiki nih BCA,,, memang nya mau ngurus surat2, mau tabung uang aja dibikin ribet,parah222",2,42,negative,,0,False
81511c62-9eaf-46c3-bc7c-78443eaa23a1,5,2026-07-27 11:49:40,Sangat membantu,0,2,positive,,0,False
03859050-744f-47b0-a6e9-da46688075fa,5,2026-07-27 13:05:54,good...,0,1,positive,,0,False
8dc932c7-8793-4912-b344-5e45e44b8959,5,2026-07-27 14:15:05,lebih update untuk nasabah BCA walau kn prioritas seperti games berhadiah tq,0,12,positive,,0,False
67a3c739-4ca2-47b2-8151-5734005f521f,1,2026-07-27 15:03:27,"gak bisa daftar pulsa di potong, aneh aneh, pulsa sdh habis, cuma gara-gara apk gak jelas ini",1,17,negative,transaction_failed_balance_deducted,1,True
cd8502f3-515a-4761-8e7b-70b6f6007eba,5,2026-07-27 15:43:56,"BCA mobile sangat menguntungkan ,di samping limite yg besar BCA mobile rekomendasi kan dgn limte yg besar dgn konsumen yg paling banyak ,sya sangat suka",0,25,positive,,0,False
c9a3d402-593a-4904-a7fa-a22b14103035,2,2026-07-27 15:57:24,"entah maintenance nya eror atau bagaimana, sudah 2 hari bermasalah terus saat transaksi, sinyal aman dan indikator hijau masih selelu saja gagal... ayolah perbaiki lagi.",0,25,negative,"indicator_light_stuck,app_performance,maintenance_downtime",3,True
2e95b569-a1fe-4ecb-8720-6e36f263838e,2,2026-07-27 16:38:49,"tolong dong BCA jangan mempersulit buat login saja susah nya minta ampun, saya sudah berkali-kali SMS tapi tetap tidak bisa login juga",0,22,negative,login_otp_access,1,True
1dd196bc-117a-4acf-9c00-f326ef1ca1a0,5,2026-07-27 17:05:18,aku nyaman pakai ini sudah bertahun2 alhamdulillah aman.,0,8,positive,,0,False
b1264faa-aa1c-4929-ab00-ee2c887ca3d1,1,2026-07-27 18:46:31,VERIFIKASI MUKA SELALU NGEBUGS KALO GAK BECUS UPDATE MENDING GAK USAH UPDATE TIAP UPDATE NGEBUGS MELULU,1,16,negative,face_verification_failure,1,True
05020892-68ab-411a-9dc5-be0ef5871f2e,1,2026-07-27 19:41:46,"apus indikatornya, ngeribetin gajelas",1,4,negative,,0,False
ed159320-3cbb-4493-a65e-2ce850e1b1a9,5,2026-07-27 19:55:06,top apk,0,2,positive,,0,False
5b15ba58-3682-468d-89cb-94cc40550ad4,5,2026-07-27 20:04:09,Sangat membantu,0,2,positive,,0,False
3bc83311-d0a9-42f1-9d33-d58e59881559,1,2026-07-27 20:36:13,"Aplikasi lemot, bikin lama transaksi jd buang2 waktu. mending livin mandiri skrg drpd bca",1,14,negative,app_performance,1,True
a0ee5d96-0dc6-4bf6-9a9a-f97f899b9682,5,2026-07-27 22:06:26,sangat membantu saat bertransaksi.,0,4,positive,,0,False
9d163b72-78b6-43c6-9bf5-86611477292b,1,2026-07-27 22:09:04,lampu indikator merah terus padahal koneksi stabil bisa buat main game fps,1,12,negative,indicator_light_stuck,1,True
9d6ca1ef-2fac-4a31-8c74-4a64ca9aa717,1,2026-07-28 00:22:34,"ada masalah transfer dari pihak bank lain sudah hubungi cs bca ,selalu lempar tangan sudah hubungi cs bank lain itu ,mereka kasih bukti dan cek data dan mereka benar, dan kembali cs BCA hanya bisa bilang ""tanya pihak pengirim"" berkali kali jawabannya nya gini, bukti sudah di kasi semua loh, bilang cek rekening bnr apa gak, jls jls di bukti ada rekening+nama,minimal bilang"" baik kak saya cek dulu"" ini spam chat yang sama simpel nya "" tanya yang ngirim""",1,79,negative,customer_service,1,True
cae7313e-6bc0-4f00-82fb-f6f55f2afefb,5,2026-07-28 01:06:20,good,0,1,positive,,0,False
d61e32e6-247b-4c76-ae5a-4e1a409dd0a7,1,2026-07-28 04:53:02,biaya kartu ATM tahapan expers ko jadi 25rb biasanya 10rb terus ngambilnya pagi 03:00 edass makin parah bca udah mh lemot mbkingnya parah parah,1,24,negative,app_performance,1,True
4fb7c428-a7b1-4c38-89b1-5c4b24faf40e,5,2026-07-28 08:08:52,sangat memuaskan terbaik 🙏,0,4,positive,,0,False
99cfafc9-ef91-42a8-b92e-2eea0701b491,3,2026-07-28 08:33:30,"Beberapa hari ini aplikasi sangat lambat sekali, koneksi internet normal dan cepat, buka qris tidak terbuka sampai bermenit menit, transaksi transfer pun juga sama. mohon kepada tim IT developer BCA agar segera memperbaiki bug pada aplikasi dan meningkatkan respon aplikasi. hal ini sangat menghambat ketika butuh melakukan transaksi keuangan dalam waktu cepat.",2,52,neutral,,0,False
10464278-e7c9-425d-9950-916244576407,5,2026-07-28 10:12:53,sangat membantu,0,2,positive,,0,False
039b2554-cb79-4697-b1fe-6606ee45a6fa,4,2026-07-28 10:38:26,"kak kok saya gabisa daftar ya, selalu di suruh verifikasi ulang sementara data saya semua sudah sesuai KTP",0,18,positive,,0,False
08ba247f-47c3-4d01-b3cd-6ee61dc97bd0,2,2026-07-28 12:04:59,"kenapa ya abis di update malah ga bisa buat transaksi, indikator warnanya biru terus, klo pun ijo ilang"" mulu. alasannya internet tak tersedia..cek aplikasi lain ga ada masalah terkait internet..tolong segera perbaikannya",1,32,negative,"indicator_light_stuck,device_compatibility",2,True
feaaf153-ec14-4711-a280-d429df78ad5e,1,2026-07-28 12:05:54,"login ke akun sendiri dipersulit banget, mana lagi kepepet pengen bayar sesuatu",1,12,negative,login_otp_access,1,True
0c714b14-8c07-480d-833d-0e07c993a506,1,2026-07-28 12:17:18,"Ga tau semenjak gencar promosi mybca, bca mobile jadi susah konek nya. sinyal full aja lampunya lama jadi ijo",1,19,negative,indicator_light_stuck,1,True
7e4a8228-305d-4fd0-87c6-c1775adc1278,2,2026-07-28 13:24:04,"Kenapa sekarang jadi sering error dn meminta verifikasi ulang ? sudah verifikasi ulang tapi ada gangguan teknis beberapa kali , memakan pulsa beberapa kali verifikasi yg gagal. ini sangat buruk",1,30,negative,app_performance,1,True
7617e5ac-f9b5-4d39-8275-03d8ee4713e1,2,2026-07-28 13:24:57,sering gangguan sistem,1,3,negative,app_performance,1,True
ae31fd58-59d4-4983-8ed8-ece756a504e6,1,2026-07-28 13:26:17,lemot,1,1,negative,app_performance,1,True
5f51ce3f-6350-4d6d-9372-39f520d8b373,5,2026-07-28 13:29:33,tingkatkan klualitas playanan ny good job,0,6,positive,,0,False
d7aa32eb-0741-4556-854c-9b3069306003,1,2026-07-28 13:31:14,tidak bisa masuk masuk,1,4,negative,login_otp_access,1,True
d199d94f-7c59-4e6b-94b0-e155d01ace84,1,2026-07-28 13:33:44,apk perbankan terburuk login ribet uang gampang hilang,1,8,negative,"unexplained_deduction,login_otp_access",2,True
c6f9cced-c2d6-4b04-b22f-3e467cb2c724,5,2026-07-28 13:58:53,mantap,0,1,positive,,0,False
37eca70a-608f-42f9-942b-a0143c4dd085,5,2026-07-28 15:00:35,sangat bagus,0,2,positive,,0,False
00d5f8c7-6bfc-4213-a4ac-9d519237be42,5,2026-07-28 15:34:41,sangat membantu dlm pekerjaan,0,4,positive,,0,False
4c4cf70a-c9a2-4882-b48a-7c7c293e4ebc,5,2026-07-28 16:15:04,saya sangat puas,0,3,positive,,0,False
f66fbb96-3e97-43de-a104-96c40697b025,1,2026-07-28 18:23:09,"PARAHHHH, LEMOT NYA TAMBAH PARAH ... MENDING PAKE BANK LAIN AJA LA",0,12,negative,app_performance,1,True
0751274e-022c-4686-b88f-05f6278053b7,1,2026-07-28 18:51:08,"qris bca susah, kadang masuk kadang engak, kasian pedagang” kecil pinggir jalan, setatus pembayaran berhasil tapi belum masuk ke penjual. Kalau kaya gini terus mending pindah ke aplikasi sebelah!!!!",0,29,negative,,0,False
15c68a93-28aa-4554-a96d-7a8c704ea45f,5,2026-07-28 18:54:44,good,0,1,positive,,0,False
6aab1764-53f9-4afe-8673-3a399e0b97de,3,2026-07-28 18:56:23,"akhir2 ini sering sekali gagal scan qr dan trf harus diulang2 baru berhasil tlg dibenahi sangat mengganggu dan memalukan BCA SBG bank besar, aplikasi bank lain tdk seperti ini cimb click",0,31,neutral,,0,False
5db73cef-15bc-4c69-9150-bbb28c80a5dc,1,2026-07-28 19:02:40,"BCA sekarang ribettttt bangeet, tadi ke kantor Regitrasi ulang M-BCA yang terblokir. Sudah bisa buka...ternyataaaa harus aktivasi lagi..padahal syaratnya sama kenapa tidak sekalian??? SOP kok doubel customer tidak dikasih tau sejak awal..",0,32,negative,,0,False
5118ff4f-c21e-4e1a-b4d7-66d7e9838b65,1,2026-07-28 19:34:36,"Kecewa sama aplikasi ini sering banget loading saat mau transfer dan kadang nunggu lampu indikator hijau nya juga lama jadi sering ditunggu sama pedagang klo mau bayar abis belanja, semoga ada perbaikan kedepannya",0,33,negative,indicator_light_stuck,1,True
cf517722-29d6-4f47-b83b-eeb32b92bff9,1,2026-07-28 19:58:09,"8 tahun pakai App BCA Mobile baru tahun ini APlikasinya Lemot padahal Sinya Stabil Normal Tapu lampu indikator tetap Biru atau merah, Mohon Segerah Ditindak lanjuti Untuk Perbaikannya,Jagalah Kenyamanan Pengguna🙏",0,30,negative,"indicator_light_stuck,app_performance",2,True
6ff3c786-4b08-49ed-8654-05edef45ecd4,1,2026-07-28 20:35:09,aplikasi lemot,0,2,negative,app_performance,1,True
6ed7112d-b0f9-4d32-8bcd-0bfdf662f920,1,2026-07-28 21:09:36,"yg bener ajah lah,admin bca tolong dibenerin ke nih aplikasi. eror mulu. saya selaku pengguna tidak bisa login aplikasi mbca,maupun mybca. kecewa...",1,22,negative,"login_otp_access,app_performance",2,True
502ec09d-4c06-42ca-b5c7-cc0b6e9159e7,5,2026-07-28 21:12:41,bekerja keras cari uang,0,4,positive,,0,False
31594563-352f-4444-818f-b0cca2110a37,5,2026-07-28 21:23:51,"tolong sekalian kasih suara untuk notifikasi transaksi nya, biar ada ciri khasnya🙏",0,12,positive,,0,False
3f1ee915-e35c-4402-9848-7ef1527f9322,1,2026-07-28 21:41:23,"biaya penutupan rekening nya lumayan 50 rb sisa saldo saya terpotong, padahal itu untuk sisa biaya berobat maaf, saya bicara berdasarkan pengalaman saya sendiri, Tidak bermaksud merugikan pihak mana pun, saldo saya di Pend mutasi rekening, untuk penutupan Rekening BCA saya... dan terkadang terdapat transaksi biaya admin tidak wajar dari apk ini",0,52,negative,,0,False
e8d7809b-7d89-4c51-9f66-f61c5d6984af,1,2026-07-28 21:58:07,nunggu indikator hijau ampe 30 menit??,0,6,negative,indicator_light_stuck,1,True
6e833778-206d-4c05-ba71-c1bf914f0b5b,5,2026-07-28 23:30:59,saya diretas,0,2,positive,,0,False
a988c951-70c8-4225-9ee5-1b7284a857bc,1,2026-07-28 23:40:10,terulang lagi pembayaran QRIS saldo udah terpotong tapi pembayaran tida masuk tolong bantu M BCA,0,15,negative,transaction_failed_balance_deducted,1,True
bc849f44-fcfc-45a9-8517-347c8d54d68a,5,2026-07-29 00:13:30,"sangat memudah kan,ber transaksi",0,4,positive,,0,False
50cd21f3-a527-41af-890d-3eec2c5396c2,1,2026-07-29 00:29:38,indikator nya susah bener mau nunggu hijau lama bngt🤦,1,9,negative,indicator_light_stuck,1,True
b057a31b-161f-4af6-881d-a37879244338,5,2026-07-29 00:35:23,Ok top,0,2,positive,,0,False
72a0858f-39b3-4dbe-b0f9-49752a638c12,2,2026-07-29 01:06:13,sinyal nya jelek terus,0,4,negative,,0,False
7f2b4d75-8ccf-492b-8fb3-27ab111bc01e,5,2026-07-29 01:28:01,"sejauh ini aman sih mudah"" an",0,6,positive,,0,False
f7b0fa37-2ee5-4ee1-80b9-3240b4c87de4,1,2026-07-29 02:05:37,"makin sini makin ampas anjir, gue masih pake bca karna buat nerima gaji doang, qris lemot lampu hijau hilang terus, koneksi ulang gagal trus, masuk apk susah, ah ampas dah, gue aja buat daily mending seabnk atau spay anjir",0,39,negative,"transaction_failed_balance_deducted,indicator_light_stuck,app_performance",3,True
8003e57a-a8f8-4483-9fbb-d0623cd6e410,1,2026-07-29 03:12:44,RESPON LAMBATTT,0,2,negative,,0,False
f5b7768a-9cd4-4a84-b8af-8e8d21735c16,3,2026-07-29 07:04:36,ada bug saat transaksi selesai. aplikasi langsung force close meskipun transaksi sudah selesai. harus login ulang lagi dengan kode,0,19,neutral,app_performance,1,True
1f67cea1-4092-4b7b-9637-555fd76a9bfd,2,2026-07-29 07:40:00,"kenapa saya sering sekali diminta verifikasi ulang dengan alasan SIM card tidak sesuai, padahal sim card yang saya pakai sesuai dengan yang terdaftar di aplikasi ini. ini sudah yang ke 4x nya, jadi mengurangi pulsa saya terus karena harus kirim sms untuk verifikasi semua itu sudah sesuai dengan yg disampaikan admin, jaringan saya bagus, saya berada di kota, sim card berada di sim 1. tapi sering diminta verifikasi. tolong tindak lanjuti kembali masalah ini",0,74,negative,,0,False
2ba11f88-76b8-48da-a278-ea52418c9dbd,1,2026-07-29 08:57:52,"biru terus,, harus keluar masuk, sampe berkali kali nyari warna hijaunya.. makin lemot makin kesni",0,15,negative,app_performance,1,True
0fa63e1a-25ad-4184-89c3-858f229cb474,5,2026-07-29 09:10:10,sangat membantu 👍,0,3,positive,,0,False
1ed7e989-c214-4502-8bd3-6bad3697d843,5,2026-07-29 09:21:53,"fitur nya lengkap, aman, mudah untuk transaksi",0,7,positive,,0,False
0692f659-68c2-4f1a-b6b3-4b39427a8841,5,2026-07-29 09:44:29,mohon di perkuat sintal agar tidak merah,0,7,positive,,0,False
1a2dc4b8-ff44-4480-8326-63754100a2f1,5,2026-07-29 10:31:25,Terimakasih infonya,0,2,positive,,0,False
76cb9328-346e-40f0-98fe-4603976cf971,5,2026-07-29 13:07:28,"sangat memuaskan Bca ,semangkin sukses",0,5,positive,,0,False
6a314c3c-3fae-47d8-b393-fca75f408065,1,2026-07-29 13:16:27,"mau gacha ngebug terus, layr hitam tiap mau pencet balon, pdhl memory bgs, jaringan bagus, penyimpanan bagus, tlg diperbaiki",0,19,negative,,0,False
5e740f4b-dd47-4490-b0f5-be1726800c5f,4,2026-07-29 14:26:57,ok,0,1,positive,,0,False
82624601-495b-47f5-b59a-d958f8657745,5,2026-07-29 14:27:18,bagus',0,1,positive,,0,False
72091025-9546-44af-8d34-b72a7993e173,1,2026-07-29 14:48:56,"habis di perbarui lampu hijau nya lama, merah terus,,,, payah",0,10,negative,indicator_light_stuck,1,True
adc161d0-68a9-41f5-8529-08f20092c926,5,2026-07-29 15:18:46,Terimakasih Kepada Bank BCA Ciranjang atau CSnya atas pelayanannya yang cepat dan ramah. Good Luck.,0,15,positive,,0,False
dd9d5916-62f2-48a1-8a82-0e2fb36204d7,1,2026-07-29 16:18:17,Gara2 indikator sinyal warna aplikasi nya jd kacauuuuu .. jadi muter2 terusss .. klo update yg bener lahh ..LOLLL Smestinya gak usah pake sinyal warna itu ganggu aja ... aplikasi bank2 Laen gak da tuh ke BCA .. sampaaahh benerr aplikasinya .. JADUL ..PARAAHHH,0,44,negative,indicator_light_stuck,1,True
8a4d679c-3978-4577-9c53-a3a2f18439b6,1,2026-07-29 16:29:57,"sekarang lemot banget BCA, mau transfer2 biru terus ga ijo2",0,10,negative,app_performance,1,True
e2598e14-cfd3-4f0f-a6d6-c7131caf73d0,5,2026-07-29 16:58:01,good,0,1,positive,,0,False
66ccfa83-ca4d-4908-b05c-7cb1a48a4932,1,2026-07-29 17:13:43,"aplikasinya jelek hampir setiap bulan minta verifikasi aktivasi akun,,giliran aktivasi susah banget,biaya SMS nya harus bayar lagi,tapi gagal terus.pulsa udah banyak habis",0,22,negative,transaction_failed_balance_deducted,1,True
951e4907-e366-4de9-b71d-c2d30777429f,5,2026-07-29 18:41:01,puas,0,1,positive,,0,False
1d1be1a5-ea49-45d6-afee-416806dc1d76,1,2026-07-29 20:04:52,"gua mau bikin buat payroll, niatnya pake apk aja simple, giliran masukin foto gagal mulu, katanya pencahayaan musti baik & gak buram, padahal gua udah di luar rumah posisi siang hari. gua ngalahin pergi ke bca terdekat, bikin atm baru, n niatnya sekalian daftar m banking tp mau masukin datanya ntar aja kalo sudah di rumah. eh masih sama masukin foto gagal mulu, ada alasan buram lah, sinyal hilang lah. gua hapus aja gaguna, mau daftar doang pun di persulit, musti pny kamera bagus. apk butamap.",0,86,negative,,0,False
b623aa20-b8e1-4bee-a083-17280aa6b2fc,5,2026-07-29 20:25:29,sangat baik,0,2,positive,,0,False
88872143-4dff-433c-a010-cfb0aea37244,5,2026-07-29 21:06:26,Sangat bagus,0,2,positive,,0,False
7dec7c4d-e9ab-4875-9e91-0e072c7c03b6,1,2026-07-29 21:11:09,error mulu,0,2,negative,app_performance,1,True
4e858eb0-c94a-408c-b229-5cb03299b4dc,5,2026-07-29 21:31:33,"aplikasinya bagus,simple dan enggak lemot,keren abis☝🏻",0,6,positive,app_performance,1,True
5b527975-8500-46ff-ba00-34e3af392f07,5,2026-07-30 01:09:02,membantu sekaliii,0,2,positive,,0,False
65ee89f5-794a-4a10-8fa7-8ec801654e3f,5,2026-07-30 02:20:08,terbaik,0,1,positive,,0,False
9bbccda0-7f14-4950-b973-3f26ecd35abf,5,2026-07-30 02:35:03,mantap sangat membantu untuk bertransaksi,0,5,positive,,0,False
6f360b72-8a5c-4379-9a93-9721dcf2d748,1,2026-07-30 02:53:50,ini knp bca saya tidak bisa dibuka malah muncul layar putih terus balik ke home ini gmn saya mau beraktivitas kalau begini ini sudah 2 hari belum ad perbaikannya,0,29,negative,app_performance,1,True
a0e74db1-8335-4ba9-9f28-209c33505323,1,2026-07-30 04:24:04,Terlalu ribet,0,2,negative,,0,False
2a54e5f8-3f05-4687-8cf2-196de1bc1845,5,2026-07-30 05:07:31,saya sangat puas dengan kinerja nya,0,6,positive,,0,False
4f01bb25-f396-4833-85d8-a1a24b53d56d,2,2026-07-30 07:08:19,"Setiap isi otp ngga pernah berhasil jawabannya masalah conecting 😔 Ngga pernah berhasil, padahal wifi bagus dan data pun juga sinyal bagus... Mohon evaluasi nya",1,25,negative,login_otp_access,1,True
7c814173-9b03-4be8-bf87-0be25991e680,1,2026-07-30 07:15:22,sangat bagus!,0,2,negative,,0,False
ac5d7911-2361-42fa-8d8c-90348f8fb701,5,2026-07-30 08:00:51,mantaps dah,0,2,positive,,0,False
17866543-3d2c-4ee1-a9c0-ea28708b8076,5,2026-07-30 08:03:24,mantap,0,1,positive,,0,False
f923abbe-da0e-4a39-96f6-3d3770c077c0,3,2026-07-30 09:04:59,"saya kritik ya, mau transaksi trouble nunggu lampu hujau terus, harus logout login lagi, hanya daftar rekening beda bank saja lebih dr 5 logout",0,24,neutral,app_performance,1,True
98a9602b-b054-47f2-83c2-0e814972fa4b,1,2026-07-30 09:34:07,"aplikasi yang sangat buruk,mohon dibenahi lagi..masa bank sebesar bca seperti ini....sy sdg membuat mbanking bca, untuk memudahkan mobilitas saya..tp kenapa pas bagian verifikasi antara ktp dan wajah selalu gagal...berulang x ..capeknya hrs tulis alamat manual lagi...tolong diperhatikan bca",0,38,negative,face_verification_failure,1,True
b982e2d8-7c4b-4636-851a-c981ca54e424,1,2026-07-30 13:00:50,MALIIINGG. Transaksi Qris gagal tapi saldo berkurang,0,7,negative,transaction_failed_balance_deducted,1,True
d39dcd8b-d17d-42ab-9688-cce2062eb37d,5,2026-07-30 14:53:41,BCA tolong donk di hp aku yang ini g bisa download,0,11,positive,,0,False
fe4034f0-ce81-4348-9809-a01b1a211208,1,2026-07-30 15:11:02,"aplikasi ter goblog yang pernah ada, pulsa habis di sedot verifikasi tak kunjung Sukes , jangan daftar online bca pake apk ini , pulsa berapapun bakal habis",0,27,negative,,0,False
09bf134c-1925-4a09-bcce-7a28656de763,1,2026-07-30 15:17:58,"sekian lama pake makin judeg krn app ini harus bolak balik di log out krn sering tampilan signal yg biru lama ga ijo2 hrs keluar lg biru lg keluar lg br ijo. ( sudah RESTART bukan hpnya yg salah) pake bank lain lsg processsssssss aneh dan ga jelas. buang2 waktu, proses bayar jd lama pdhal kendala timer . bisa diperbaiki ga sih kita update terus tp malah makin buruk (diperbaiki min bukan malah kaya menyangsikan)",3,75,negative,app_performance,1,True
2e168a63-461c-466a-ad0f-f0b131467a4b,5,2026-07-30 15:47:08,banyak pilihan fitur dan kenyamanan bertransaksi,0,6,positive,,0,False
01ff8a3d-2ec9-4995-8f88-27632e1f2408,1,2026-07-30 15:54:33,"susah mau bayar qris dari galeri dan selalu gagal,lampu indikator warna merah terus jarang hijau selalu ngelag.",0,17,negative,"transaction_failed_balance_deducted,indicator_light_stuck",2,True
be9b2c07-8c6d-4b75-bb06-8addd8b41c23,2,2026-07-30 16:14:12,ribet sekarang vermuk foto sampe 20 x gagal mlulu pas apk nya di perbarui jadi ribet,0,16,negative,,0,False
e3448f6d-d97a-4387-8027-8cd0c10a0cfe,4,2026-07-30 18:43:27,kl mau top up flazz apakah bisa di mobile banking ? kl ada bagaimana caranya karna di mobile banking saya tidak ada menu top up flazz walaupun sdh ada fitur nfc dan update terbaru aplikasi tapi tetap tidak ada fitur top up pd flash,0,44,positive,,0,False
45ab0705-5023-45cb-9a9f-a5b53712f069,1,2026-07-30 19:15:30,saya kasih bintang 1 saja karena setiap kali masuk harus verikasih terus internetnya bagus tapi tidak terverifikasinya,0,17,negative,,0,False
6c1bb4d2-5ad9-475f-8fb0-91e178c09cd0,1,2026-07-30 20:04:22,"sinyal wifi bagus, kuota banyak, giliran mau tf lampu indikator biru terusss parahhhhhhh",0,13,negative,indicator_light_stuck,1,True
cae3f5c6-166e-4d48-a944-f7aeef66d007,1,2026-07-30 20:30:02,kagak jelas FC Mulu kocak,0,5,negative,,0,False
5f96a624-868d-4ded-8812-b422cbc32865,1,2026-07-30 21:13:26,"TF dari ATM ke bank lain macem BNI amar bank trus ATM saya TF ke sesama bank BCA selalu tidak bisa dproses , saya ambil uangnya saya TF manual masukin LG ke ATM TF ke no rek BCA lain bisa?? jgn nyusahin dong .ATM saya baru ganti sebulan lalu.masa gini terus .",0,52,negative,,0,False
d1f798d7-9f3d-49fe-a4ce-560caa1be42c,1,2026-07-30 22:03:59,"Saya menggunakan Hp Samsung A57, Aplikasi ini semenjak update bukan makin bagus malah makin lemot, di pakai transaksi lampunya biru terus, loading terus. Sangat payah jelek. Padahal Jaringan sangat kencang.",0,30,negative,app_performance,1,True
818b1375-b0cd-4338-acad-510ff7f807c5,1,2026-07-30 22:21:03,sering lemot,0,2,negative,app_performance,1,True
50902cdb-e08b-428e-944e-34adf2b90e67,1,2026-07-30 22:36:38,"aplikasi nya bagus cuman sayangnya untuk di verivikasi wajah sangat susah nga sama kaya brimo / dana / gopay dan yang lain lain supaya kamera nya langsung keluar gitu buat verivikasi wajah, kalo ini susah sekali apk nyaa butuh proses nya yang ada kepala mau picah / punyeng hanya gara2 mau verivikasi wajah nyaa,sayang juga udah buka buku rekening di bank nya langsung lagi baru apk nya kaya gini mohon di perbaiki apk nyaa, kalo udah bisa baru saya kasih bintang 5 nyaa",0,83,negative,face_verification_failure,1,True
e540c7e4-6b72-4e2d-8e61-6fd4fd06a6ef,5,2026-07-30 22:46:29,adanya BCA mobile jadi lebih mudah dan gampang,0,8,positive,,0,False
3fd2793b-82c2-4ebe-9da3-70b876502b71,1,2026-07-30 22:56:35,klu bagus Kita tambain Binta 4,0,6,negative,,0,False
4a98f922-7a51-4b1c-9d9b-5f3947e23099,5,2026-07-30 23:31:36,good apk,0,2,positive,,0,False
40415288-9195-4845-87f3-2de0ff4f2fad,1,2026-07-30 23:33:14,kenapa otp tidak mau keluar²??,0,5,negative,login_otp_access,1,True
496bab4f-00c3-4081-81f6-8250d754853a,3,2026-07-30 23:39:30,bagus mbangking nya,0,3,neutral,,0,False
2e3e9701-af59-4367-8608-312bc17267e6,5,2026-07-31 01:07:53,untuk saat ini apk mbngking ny Mayan bagus tolong di tingkat keamanan priv dan mnjaga akun dari akun yg mencurigakan dan berbahaya buat pemakai apk ny 👍👍👍,0,27,positive,,0,False
43166833-f56f-489c-a0cb-80af43c52ffe,1,2026-07-31 01:17:14,"udah cukup kesabaran ngadepin aplikasi perbankan kualitas sampah begini, bank sebelah minta otp cepet ini sampai aplikasi nya eror dulu baru keluar, buat otp ganti device doang aja abis pulsa 10rb udah gitu gagal pulsa ilang otp nya gak masuk juga. kirain sekian tahun di benerin masalah begini, ternyata masih tetep sampah",1,52,negative,"transaction_failed_balance_deducted,login_otp_access,app_performance",3,True
08456fc3-fa01-42a9-bb20-be9edb02386e,1,2026-07-31 03:56:24,"aplikasinya buruk, mau transaksi gagal terus lampunya biru terus gak layak banget dipakai, sangat menghambat.",1,15,negative,,0,False
5cfa2496-0722-4547-b7ad-ea58c69ddca8,5,2026-07-31 04:12:02,sangat mudah digunakan aplikasi BCA m.bangking ... semoga kedepannya sll menjaga kualitas yang terbaik,0,14,positive,,0,False
6b24993b-d295-4d83-ae19-3e07b67868ee,2,2026-07-31 06:14:53,"sekarang jd sering indikator lampu biru , dulu sekali login ijo bsa ampe 5x transaksi . skrg sekali transaksi . kedua kali langsung biru , harus log out dlu baru login lg",1,32,negative,indicator_light_stuck,1,True
8fd5061f-5d74-4a46-b277-d087a75fe57f,5,2026-07-31 06:47:48,mudah saat transfer di BCA,0,5,positive,,0,False
911820e2-8502-4fdb-8313-77774a7eee0e,5,2026-07-31 07:13:35,kenapa mbanking saya ga bisa di buka?,0,7,positive,app_performance,1,True
96a64312-dddc-477b-9a6c-5468047c0213,5,2026-07-31 08:16:34,sangat membantu,0,2,positive,,0,False
a523bbda-5422-4046-b773-061812f9338b,1,2026-07-31 08:32:34,keamanannnya emng bagus. tapi tolong pikirkan lagi kenyamanan pengguna nya. 😭😭😭😭😭,1,11,negative,,0,False
25280740-6b7d-4394-976b-a09c49a9650b,1,2026-07-31 10:35:53,tolong di update dong. agar bca mobile ga lemot. dan hilangkan indikator hijaunya. ga guna menurut saya. memperlambat saat mau transfer dan Qris. udah banyak keluhan itu mengenai indikator hijau dan lemot nya aplikasi. pakai device mahal juga tetap lemot,4,40,negative,"indicator_light_stuck,app_performance",2,True
87dd5438-7143-459b-8f23-81ba32597a94,4,2026-07-31 10:38:25,"aplikasi nya sangat membantu di setiap transaksi, mantap",0,8,positive,,0,False
f3c97b6e-e18c-4c63-8a94-428c36d6fbc8,1,2026-07-31 11:12:43,Gag usah kebanyakan update lah mau transaksi Lampu biru terus parah. kalau bisa gag usah ngasih bintang maunya. parah ngeganggu banget,1,21,negative,indicator_light_stuck,1,True
1622a70e-559d-4081-9b70-5479eb2f42de,1,2026-07-31 11:47:13,"notifikasi kadang ada kadang ga ada,sering gagal transaksi karna indikator lampu yang hijau tiba2 biru dan kalo bisa ditambahin grafik pengeluaran agar lebih mudah dipahami tanpa harus cek mutasi,tolong diperbaiki developernya,nanti kalp sudah diperbaiki saya kasi bintang 5 terima kasih",1,40,negative,indicator_light_stuck,1,True
e028f9be-bf5b-44f2-94b6-6a15b59f30c3,5,2026-07-31 12:38:06,Qris nya kok lemot susah di buka sekarang.? tlg..,0,9,positive,app_performance,1,True
d61c7613-ae58-443f-a665-7f9623465ec8,5,2026-07-31 12:50:41,"ko makin kesini makin buruk aja, indikator nya sangat mengganggu dan lambat sekali",0,13,positive,indicator_light_stuck,1,True
e9702d15-e7d7-42a0-a7f2-e6d83127e9c7,3,2026-07-31 13:14:19,"lemot, tiap transaksi lama bgt, kadang lampu indikatornya merah lama atw biru lama loading trus, utk yg usaha repot kaya gini",0,21,neutral,"indicator_light_stuck,app_performance",2,True
fcb5fada-c8d8-4d2c-bec5-fc711653e3a2,5,2026-07-31 13:48:44,bagus dan mudah bertransaksi.,0,4,positive,,0,False
1acead31-a3b3-4c52-a9b0-fdd2e7ccca26,5,2026-07-31 13:55:42,"susah banget buat login , suka logout sendiri..padahal udh update semuanya... response cepet dan sudah terkendali ..thankyou BCA",0,18,positive,,0,False
66f2f6d0-eaf1-4f2f-9aba-fdc5648edd24,1,2026-07-31 14:39:08,mau tunggu lampu pojok warna hijau sering tidak bisa,1,9,negative,indicator_light_stuck,1,True
ac4127ca-066a-402f-9f05-0dd9fc17d649,5,2026-07-31 16:10:24,sangat mempermudah,0,2,positive,,0,False
630107bb-456e-4c0a-9503-b890f9b077a6,5,2026-07-31 16:13:50,Kenapa BCA Mobile tidak ada notifikasi transaksi uang masuk/keluar?,0,9,positive,,0,False
130cb0e1-69bd-49b3-bab4-b67191ab42b0,5,2026-07-31 17:26:51,"saya edit ulang ulasan, setelah komen langsung responsif dan permintaan dikabulkan untuk penambahan item notifikasi tp untuk lampu indikator kalau pas sinyal down pas byar pake qris jadi delay byr masuk 1kali notifnya keluar pembayaran 2kali.",0,36,positive,indicator_light_stuck,1,True
6641659d-56aa-4938-af85-d0e3da7f0d78,5,2026-07-31 17:51:01,bagus,0,1,positive,,0,False
ed152260-8b87-4fb6-88eb-fc2a9419de7c,1,2026-07-31 17:57:35,sering loading kaga jelas lelah,1,5,negative,,0,False
6fd96a73-3582-4691-9597-fa9babdeea60,5,2026-07-31 17:57:43,kenapa setiap habis transaksi harus nunggu lama lg padahal aplikasi blm logout ini harus nunggu lampu yv dipojok kanaan atas hijau lg mana lama banget coba tolong di perbaiki lg ke pihak BCA biar berjln lancar ga harus nunggu lama,0,40,positive,,0,False
0558503f-81a4-41e6-a39b-b681a3ebb99d,5,2026-07-31 18:27:10,ok,0,1,positive,,0,False
ac70b5c5-6335-4f4d-8eda-b390b7e31b11,5,2026-07-31 18:49:27,"mempermudah bertransaksi,, cman akhir2 ini untk transaksi qris lemot bgt,, tolong di perbaiki terimakasih",0,14,positive,app_performance,1,True
f2a85f40-51f6-4700-bc26-6661a3fae38a,5,2026-07-31 19:03:25,bagus 👍,0,2,positive,,0,False
9a138f74-3888-41e5-91e2-717d1ae9cbc7,1,2026-07-31 19:17:40,wooiiii... lampu indikatornya susah banget hijau sih 🥵🥵🥵🥵🥵🥵🥵,0,8,negative,,0,False
00a851a6-c700-4098-bafa-44df7d7b8fe9,2,2026-07-31 19:38:36,"koneksi selalu terputus, tidak mau hijau",0,6,negative,,0,False
b140f657-27a1-46bd-aa89-512d26c77a57,5,2026-07-31 19:49:51,dari dulu saya pake bca mobaile emang mantap,0,8,positive,,0,False
35299164-a78d-482d-8b94-dad7482bea68,5,2026-07-31 20:01:34,kenapa notifikasi gak ada pdhl sudah diaktifkan,0,7,positive,,0,False
eeab55b2-f565-4a34-aeaf-cc576b5297bb,2,2026-07-31 20:15:31,"sering ngelag,macet,mo gak mo login logout",1,6,negative,,0,False
9b1b5cdf-dcda-40fc-90f6-9f0631e78c0f,2,2026-07-31 20:41:01,"tanda ijonya lamaa bgt, kirain sinyal tp kayanya aplikadinya error",1,10,negative,"indicator_light_stuck,app_performance",2,True
fff94e33-0160-482b-814b-c0030ddbf44d,5,2026-07-31 22:09:58,kenapa belakang ini setiap transaksi pasti sinyal langsung biru padahal udah pake wifi harus log out dlu untuk transaksi berikutnya tolong di perbaiki,0,23,positive,indicator_light_stuck,1,True
48ce55cb-75e7-4590-87eb-75636cd6e68a,5,2026-07-31 22:52:54,sangat berkembang,0,2,positive,,0,False
84b934bc-18b9-4c17-a34c-6ec96672cdb9,5,2026-07-31 23:14:13,kenapa gak bisa BCA mobile,0,5,positive,,0,False
f2f70e37-09a7-43e9-9076-3950cacabbfe,3,2026-07-31 23:59:38,"habis di upgrade kok malah merah terus, pdhal jaringan kenceng, harus di kluarin lebih dri 4 kali baru bisa ijo, bkin nunggu lama kalo mau pembayaran, tolong d perbaiki kembali",0,30,neutral,,0,False
403b1e96-f7bf-410e-87a6-1418b72acde6,2,2026-08-01 00:00:33,sering gangguan indikator nya selalu merah padahal koneksi bagus,1,9,negative,"indicator_light_stuck,app_performance",2,True
6b2fa060-84f5-4a06-8cc4-48f3c4ef673c,5,2026-08-01 01:24:04,Lebih aman dan cepat Terimakasih BCA,0,6,positive,,0,False
772582b7-999e-4f98-80b5-3437b7e42acb,1,2026-08-01 01:49:54,lampu hijau terlalu lama menyala bikin kesal mwngganggu transaksi,1,9,negative,indicator_light_stuck,1,True
6175949b-e9f5-4d1f-ac5e-a40f8e5ea25a,5,2026-08-01 02:26:49,"(20-02-2016) Bikin hidup jd mudah. (01-08-2026) ada notif keluar masuk transaksi ini yang aku tunggu, terima kasih BCA 🙏.",0,19,positive,,0,False
609037cf-ff50-43ef-bab1-b6b3d4711ee1,5,2026-08-01 05:13:26,sangat membantu & fleksibel,0,4,positive,,0,False
a9a31743-c123-41fb-8537-0d304d6b3a68,1,2026-08-01 06:31:32,susah ya skrg...apa2 nunggu biru dulu,0,6,negative,,0,False
b634d063-0b70-4f14-82db-a0549724cd02,5,2026-08-01 07:22:12,"menunggu warna HIJAU kelamaan, tampilan SCAN QRIS juga kelamaan, tolong perbaikannya.",0,11,positive,,0,False
33f74eb4-b7c2-4b84-8918-2f9cb1937c26,3,2026-08-01 07:23:51,"sekarang sering susah make aplikasi ini, sering loading lama padahal jaringan bagus. mau tf aja susah. tolong dong diperbaiki",0,19,neutral,,0,False
ca62a15a-c02d-4d29-9b90-f94ab6e64bba,1,2026-08-01 07:59:50,gabisa login trs padahal udh turn off develop aduh ribet.,0,10,negative,,0,False
f2c64348-361c-454c-9ab6-632350fa666a,5,2026-08-01 08:42:57,"saya install aplikasi ini karena ada keperluan. dulu pernah menggunakan aplikasi ini waktu saya menggunakan BCA gold, suatu hari pernah saya melaporkan mengenai adanya kejanggalan dan masalah yang saya alami mengenai transaksi fiktif namun pihak BCA tidak mampu menyelesaikan masalah saya sampai saat ini. kali ini saya install lagi karena memang sedang ada keperluan.",0,54,positive,,0,False
bb0c1bac-9f48-4386-a13d-0a9c607cb78b,5,2026-08-01 08:59:19,ßagus & mudah digunakan,0,4,positive,,0,False
2af047eb-c42d-45ab-a5db-fd8f10b674f2,1,2026-08-01 09:01:11,"lihat baca komenan mau download tidak jadih ah,, ,,",0,9,negative,,0,False
f1c8fc5d-51f7-485d-84f2-31458b715228,1,2026-08-01 09:27:24,aplikasi susah di buka loding Mulu membuat emosi pengguna,0,9,negative,app_performance,1,True
9d2d9ac1-67d3-41da-8c6a-f575970d9b9b,5,2026-08-01 09:36:35,"proses transaksi cepat dan mudah, namun kalau pake CRIS suka lama jadinya, di tekan berulang-ulang dulu baru mau, terimakasih",0,19,positive,,0,False
05ed8045-f0d4-4962-a30f-4c28dd2b3e55,1,2026-08-01 09:52:28,"akhir2 ini aplikasi mobile bca nya sangat jelek, mau transfer atau Qris atau transaksi apapun gk bisa,karna lampu ijo nya ilang mulu bikin kesel, udh gitu suka keluar sendiri daei aplikasi nya kudu masuk lagi hadehhhhhh. mohon di perbaiki lagi ya, terimakasih",0,42,negative,"indicator_light_stuck,app_performance",2,True
a7af3142-f0a3-4069-ac8b-784506f3e781,1,2026-08-01 10:12:57,"M banking banyak sekali kendala nya, harus segera ditindaklanjuti agar kenyamanan konsumen terjaga. dan sampai sekarang pun masi tidak ditindaklanjuti, bertransaksi menjadi susah karena jaringan aplikasi yg sering dan tiap waktu bermasalah",3,32,negative,,0,False
b400c86d-14bd-40c7-9fc8-e102638c62c7,1,2026-08-01 10:14:42,sangat buruk..... gak ijo ijo padahal stabil signal,0,8,negative,,0,False
c514436c-7d10-42bb-834e-71794cb19cb1,1,2026-08-01 10:16:51,gangguan mulu kocak,0,3,negative,app_performance,1,True
33419adb-aa40-4697-8389-dd448f107d77,3,2026-08-01 10:31:05,"Tolong diupdate perbaikan aplikasi ini, sebenernya sdh bagus, cuma belakangan ini sering sekali lambat utk transaksinya terutama saat pembayaran lambat sekali warna hijaunya muncul sehingga kalo ada antrian pembayaran bikin malu karena tunggu hijau",3,34,neutral,,0,False
02614aa9-453c-4861-a9eb-26dc34e63364,5,2026-08-01 10:50:42,ini kenapa saya gak bisa dowload mnamking bca.disitu ada uang saya,0,11,positive,,0,False
c9c7e293-2a91-4b2f-a9a5-acde90944032,3,2026-08-01 10:59:53,"Tolong diperbaiki lampu indikator nya, sudah hijau balik lagi ke biru. Biasa nya kalau TF cm butuh waktu 1 menit, sekarang 15menit",0,22,neutral,indicator_light_stuck,1,True
927abeac-db24-44bc-ac7e-670dce483b92,2,2026-08-01 11:00:34,BCA ini transferan hasil penjualan dari shopee kenapa blm diteruskan ke nasabah??,0,12,negative,,0,False
ce9d553b-f53a-4fb0-84be-3de170c9f4ff,1,2026-08-01 11:09:46,"Hingga hari ini tgl. 1 Agustus 2026, aplikasi tetap tidak bisa diakses, hanya berputar2 di menu Syarat dan Ketentuan yg tidak bisa dicentang kedua tick box-nya. Jadi transaksi harus manual, tarik manual, kirim pake slip setoran manual. Luarbiasa... pertanggal 07 September 2025 saya update ke versi terbaru 4.7.0(1265) hasilnya tetap sama tetap tidak bisa centang kedua tickbox ""Syarat & Ketentuan"" Apa begitu berat syaratnya ya??? Tolong belajar dari bank lain dululah, kalau mau buat mobile banking",1,76,negative,login_otp_access,1,True
5e4a722a-6a23-4757-b726-e35b37c36dca,1,2026-08-01 11:13:09,kelamaan minta otp nya,0,4,negative,login_otp_access,1,True
a66db491-80d0-45ba-a248-daf03be253d7,5,2026-08-01 13:14:13,Okey,0,1,positive,,0,False
6657c852-1778-41c9-a81f-193ed7cddb3f,5,2026-08-01 13:35:07,"kenapa gak bisa login ya,apa ada versi yg terbarunya",0,9,positive,login_otp_access,1,True
6cb95930-d059-4832-b911-a1813fa35b89,1,2026-08-01 14:00:01,gaguna otpnya lama bener sampe skrng belum ada ni otp gajelas,0,11,negative,login_otp_access,1,True
dfdba55a-0a05-4faf-b728-ef29cc0d62a1,5,2026-08-01 14:28:34,"pelayanan ramah, pkoknya joss, thanks bca",0,6,positive,,0,False
56625974-d8c8-424c-90e8-f321b0195614,1,2026-08-01 14:30:38,ribet. gk guna.. Mnding myBCA,0,5,negative,,0,False
132cc0a4-4af1-40d1-a692-131f7aa1dc2d,1,2026-08-01 14:55:48,"sekali tf bagus , tapi kalo kedua kalinya lampu indikator susah hijau bitu trus, harus keluar dlu aplikasi baru bagus, trus kalo kita kelamaan, misalnya ngecek no trus ke buru biru lampu indikatornya malah jadi susah hijau dan harus keluar dlu , ini knapa? sinyal bagus ya",0,47,negative,indicator_light_stuck,1,True
4d038c13-4d56-425c-bac3-01493cb6cc3b,2,2026-08-01 15:08:31,"bagus, tapi sayang masih sering delaynya lama padahal sinyal bagus, saldo ada, buat transaksi susahnya minta ampun... perbaiki lah masalah jaringannya bca.. ngga bisa buat buru buru",0,27,negative,,0,False
5f45f23d-223c-4824-ae36-78fb59649313,5,2026-08-01 15:34:07,"tolong dong di perbaiki apk nya, nunggu lampu hijau nya lama skli, sampai hrs di keluarin total bru bisa hijau lgi setelah tf",0,23,positive,indicator_light_stuck,1,True
050ca16d-bd7a-45eb-8951-99704a46f98a,1,2026-08-01 15:51:34,ini aplikasi kenapa dah Qris lemot banget tolong dong perbaiki ulasan udh banyak bintang 1 juga tak kunjung diperbaiki juga,0,20,negative,app_performance,1,True
0440f0de-c260-4d4a-a96d-de6ab016a6a4,5,2026-08-01 16:30:41,sangat membantu dan gampang proses nya,0,6,positive,,0,False
f1e7510b-7a16-4913-90f6-2248ba498468,5,2026-08-01 16:45:55,minus tidak ada notifikasih saat uang masuk ataupun keluar,0,9,positive,,0,False
7c60bcfe-9089-42a3-9fb6-be0493fd2f9e,1,2026-08-01 17:24:11,"aplikasi seperti semakin berat, tidak bisa langsung pakai setelah buka halaman lain, harus reload aplikasi. transaksi hatus reload terus agak repot ini ....",0,23,negative,,0,False
998b77f5-90e3-4840-a441-032f57d83dcb,3,2026-08-01 17:26:22,lampu indikator sering warna merah belakangan ini saat di gunakan payment jd harus menunggu lama..wifi good signal good tapi merah trus ga brubah ke hijau..,0,25,neutral,indicator_light_stuck,1,True
900fae97-77c3-46a1-a637-0af91b253383,1,2026-08-01 17:32:13,ribet kode otp ajh susah . semakin kesini semakin gak bagus .buat pakai m banking,0,15,negative,login_otp_access,1,True
14060af1-8a19-4e20-8aee-952d9c2a6417,1,2026-08-01 17:48:23,udah 4 hari mau pakai aplikasi taiii BCA ini nggak bisa .. setiap mau pakai jawabannya sementara transaksi tidak dapat diproses.. mending pindah ke bank sebelah..,0,26,negative,,0,False
a0b998b8-988c-41e1-b333-2e7aab261da8,5,2026-08-01 18:04:21,sangat puas,0,2,positive,,0,False
6948bbed-5079-4297-ac25-f19b7bf6dba5,1,2026-08-01 18:48:20,gaguna verifikasi susah gajelas,0,4,negative,,0,False
8fc215f2-5450-4827-9a7f-a019a97eaced,1,2026-08-01 18:54:15,"Jelek dan merepotkan , sering ke blokir karena sinyal hilang, pas mau buka lagi harus isi pulsa buat ngambil kode otp, whatsapp ada kenapa harus sms",0,26,negative,login_otp_access,1,True
e9e801e6-ccca-4cd8-92b4-c49e8f3e7221,1,2026-08-01 19:48:23,masa ga sesuai ketentuan katanya biaya cetak fisik 25.000 terus ada biaya mengendap okelah 10.000. lah ko jadi sering kepotong mulu gimana sih? bilang nya saldo mengendap masa saldo mengendap sampai 53.000,0,32,negative,,0,False
5b1e5b63-aa08-4ed9-84cf-6285525ad1f9,1,2026-08-01 19:51:56,sayang tidak bisa login di verifikasi wajah,0,7,negative,face_verification_failure,1,True
89055a49-cbbe-4208-ac8e-491320e8504e,5,2026-08-01 20:54:54,aneh ngisi saldo 100 yg masuk 50 terus 50 lagi nya kemana tolong bales admin saya butuh kejelasan,0,18,positive,,0,False
4b7034a2-f8f8-4175-969e-6155ec2c18d3,5,2026-08-01 21:45:18,ok,0,1,positive,,0,False
ab667eea-8dd1-4cee-8137-c0ae39b4adce,1,2026-08-01 22:13:03,kecewa lemot,0,2,negative,app_performance,1,True
f1cae06a-c251-438a-b077-5f56e176407c,5,2026-08-01 23:29:51,ok,0,1,positive,,0,False
422918f8-4255-4a7f-86d5-0bb2884700f0,1,2026-08-01 23:37:24,jelek Skali aplikasi perbankan tapi jelek,0,6,negative,,0,False
0538bd4f-af15-484b-ab91-bb76016e87db,1,2026-08-01 23:51:21,"tolong dong untuk keamanan BCA di tingkatkan, hari ini saya kehilangan saldo, chek mutasi tidak ada uang keluar, tetapi saldonya ke potong tiba"";tanpa ada keterangan uang keluar",0,27,negative,unexplained_deduction,1,True
82d72a9b-be18-43fd-80ee-f022dab6ee8c,1,2026-08-02 00:11:45,makin lama makin lemot,0,4,negative,app_performance,1,True
e1c9a5be-52fe-4b80-9703-931f88226c8a,5,2026-08-02 07:55:57,"Pelayanan BCA, untuk kemudahan bertransaksi sangatlah baik. Dan mudah diakses.",0,10,positive,,0,False
a7e02f49-e872-4b87-8c29-9baf9f9dad31,4,2026-08-02 08:00:41,"Kenapa suka lelet sekelas bca,,mau transaksi harus nunggu lampu hijau,,kadang suka eror,,lampu merah",0,13,positive,"indicator_light_stuck,app_performance",2,True
d4b39363-c2e9-4e90-a41a-a59b8559cbf0,1,2026-08-02 08:43:02,saldo tiba tiba ilang mulu cek mutasi gaada keterangan jd takut simpen duit di bca,0,15,negative,unexplained_deduction,1,True
1a8d79f3-b774-4a56-a280-3302284c01ff,1,2026-08-02 09:05:39,saldo rekening gak masuk tapi di mutasi sudah masuk tapi saldo tetap tidak bertambah,0,14,negative,,0,False
9506b53b-1ef0-432f-9992-60a6eb8eb425,1,2026-08-02 09:22:47,"bca lemot sekali sekarang,, knp???",0,5,negative,app_performance,1,True
016bc5be-5df8-4c75-9eb8-27fb71b4301f,1,2026-08-02 10:02:28,"skrng susah keluar dikit ke menu HP, pas masuk lagi ke BCA nya harus tungggu signal hijau.... tapi signal hijaunya gak pernah bener harus tutup aplikasih baru buka lagi,,, ini bikin ribet....",0,32,negative,,0,False
a39208bc-d59a-4936-ba71-dff118b52882,5,2026-08-02 10:11:09,bagus,0,1,positive,,0,False
05b60e7e-7f33-436f-a001-f88802003131,5,2026-08-02 10:55:01,"Makin bagus,, Memudahkan urusan Transaksi,, Ada Notifikasi juga pas Uang masuk & keluar",3,13,positive,,0,False
4e69b3f7-488c-49ff-b586-c947673f9ca6,1,2026-08-02 11:13:36,suka lemot aplikasi nya,0,4,negative,app_performance,1,True
afefb4da-1ea8-4837-9744-f2aa95de95d6,5,2026-08-02 11:23:46,oke,0,1,positive,,0,False
078a149f-ca92-4ca9-a7b4-47c5b4b44797,1,2026-08-02 12:59:42,uang sering hilng parah mending 1000 perak ini sampe 39.000 dari pertama bikin begitu juga parah!!,0,16,negative,,0,False
d41d4d6f-94c4-489f-b201-f60907aa24e7,1,2026-08-02 13:00:42,lemot bgt ini aplikasi gabisa diandelin !!!!,0,7,negative,app_performance,1,True
76b23d4a-5cd6-46c3-8026-3baa76374ec6,1,2026-08-02 13:10:02,"hari ini aku cek gajihku kok di potong, pas akhir bulan gak ada potongan apa2, mayan eehh dipotong 40k pass, gak tau potongan apa, di mutasi gak ada, aplikasi aneh, gak rela aku",0,33,negative,unexplained_deduction,1,True
a6d16f35-4911-4f0b-8d1c-e297e0cb2d8d,5,2026-08-02 13:16:49,bagus,0,1,positive,,0,False
71611c64-4502-42a9-bad3-00ed5cedd88b,5,2026-08-02 15:02:25,okbgt,0,1,positive,,0,False
3b505de0-c495-4d5a-aaec-f04a3b6578fe,2,2026-08-02 15:08:55,isi pulsa di tolak trus !!!!,0,6,negative,,0,False
7aa7230b-bfb2-4da6-acd6-a7fe44ed0be6,5,2026-08-02 15:54:02,Dari dulu sampai sekarang saya selalu menggunakan aplikasi ini karena cukup membantu saat saya hendak melakukan transaksi apapun. Makasih ya BCA Mobile,0,22,positive,,0,False
7bf4ab7d-8126-4718-8e23-a0dabe0f7359,2,2026-08-02 16:07:00,Kok jadi bener² lelet ya.. pdhal jaringan aman..,0,8,negative,,0,False
258a80a4-2394-412f-a8bf-fbe8b6f58200,5,2026-08-02 17:05:52,boleh,0,1,positive,,0,False
73fbfe7a-8bac-4f19-9e64-5e095ae2d4a4,4,2026-08-02 17:54:57,"sekarang lampu indikator hijaunya jadi susah, biru terus..membuat lama dalam bertransaksi",0,11,positive,indicator_light_stuck,1,True
5f8996db-84f3-40f4-887b-e4b663bed3a4,1,2026-08-02 18:10:55,makin gila potonganya bysane 14rb per bulan ..aq cek ni tadi 50rb...mantabb uninstal..,0,13,negative,,0,False
6cb1756e-533c-41fc-9c60-08d0bef352e3,1,2026-08-02 18:41:45,"tiba"" terunstal di instal lgi mlh g bsa"" masuk ,udh ngabisin pulsa pula😇",0,13,negative,,0,False
b017f4e3-a390-4b2c-81c3-fa7a58e22294,5,2026-08-02 19:54:31,Terimakasih BCA sangat membantu keseharian untuk segala transaksi,0,8,positive,,0,False
5dd38ac9-6b81-4b98-9d5d-b2b5a77abf58,1,2026-08-02 20:02:15,"Ini kenapa Saldo saya di potong tapi gak ada Penjelasan di Mutasi Transfer.?? potongan admind berubah tgl yg biasanya tgl 20 jadi tgl 1. saldo saya minim. awalnya 17.000 kena potongan admind 14000. harusnya sisa 3000. kenapa jadi 00.00. Pas ada yg Tf 11.000 langsung kena potongan lagi. tersisa di saldo 59.68, Kenapa bisa begitu?? kayak maling aja BCA.",2,59,negative,transaction_failed_balance_deducted,1,True
a4f2b060-5435-4c80-ba54-b4698cbfa989,5,2026-08-02 21:40:16,apk bagus,0,2,positive,,0,False
9a01a395-5793-40a6-9bb8-29201f52f22a,1,2026-08-02 22:22:34,"Apasi ini m-banking baru masuk ijo, pas mau transaksi biru nunggu lama ijo nya atau kudu masuk ulang lagi. ga jelas",0,21,negative,,0,False
4a55bddc-a262-4cef-a42e-5bb61d8c9a3e,1,2026-08-03 06:40:51,"lampunya merah terus, dicoba pake wifi gabisa dan udah beralih dari wifi ke paket data, ternyata tetep aja ga bisa. mau transaksi susah banget nunggu lampunya yang ga cepet ijo, udah berkali² kek gini, entahlah kenapa. semoga segera diperbaiki, soalnya makin kesini makin males pake bca mobile gara² kek gini",0,50,negative,,0,False
b299988b-e0cb-4e74-b2fa-ef42c3caabba,1,2026-08-03 07:23:29,verivikasi wajah selalu gagal heran,0,5,negative,face_verification_failure,1,True
ca99ce2f-7642-400a-9a19-4bd12a17495d,1,2026-08-03 07:33:57,Tlg di improve aplikasinya... tdk perlu signal biru lalu hijau krn sangat merepotkan.. bisa cek gopay & shopee pay Qris user friendly,0,22,negative,,0,False
2536df2c-960f-494c-9818-3c5f078537a1,5,2026-08-03 09:26:55,very good,0,2,positive,,0,False
4ddf5826-35a8-451e-aa77-a2e4f3837724,5,2026-08-03 10:35:58,yang terbaik,0,2,positive,,0,False
6df32473-0b82-470a-ad1e-b4dca6e0ff4c,1,2026-08-03 10:44:41,"Sekarang bca mobile makin lemot dan setiap lagi copy nomor rekening di wa untuk balik lagi ke aplikasi maka akan biru terus, jadi harus keluar dulu dan masuk lagi, Jadi ribet. mungkin tujuan BCA untuk menghemat bandwith?",0,37,negative,app_performance,1,True
efd7a95c-18cd-49a1-b7eb-fd1d9a8ed330,5,2026-08-03 11:38:25,bagus sekali,0,2,positive,,0,False
c1d5decb-fea0-4a04-a00a-2727b5ab9bf7,2,2026-08-03 11:40:46,"habis update terbaru, knp skrng indikator hijau suka eror, di indikator biru terus",2,13,negative,"indicator_light_stuck,app_performance",2,True
859f0393-0ae7-4651-a0a5-cc26e5483c66,2,2026-08-03 14:27:05,"kenapa lemot bgt si.. mau pakai pket data atau wifi kuota banyak ttep aja lemot, jadi harua keluar dulu, trus login baru bis.",0,23,negative,app_performance,1,True
ef404834-bef8-42b8-9cfa-8d122c1d7c67,5,2026-08-03 16:05:17,"Dari semua Mobile banking yg pernah saya pakai (inisial B,M, dan D) ini yg paling mudah, tampilan User Interface tanpa gimmick, hanya saja memang aplikasi ini idealnya penguna HP Ram 8 GB keatas",0,33,positive,,0,False
a61360ec-a3ec-4fae-9e50-7f14813775b0,5,2026-08-03 17:44:47,aplikasi yang bagus....👌🙏🏻,0,3,positive,,0,False
82953d9f-1c08-42c6-aa2d-eff39df00691,1,2026-08-03 18:07:33,sekarang ini aplikasi jadi lemot kaya sampah mau tf harus bolak balik logout dulu padahal jaringan stabil lampu gak ijo2,0,20,negative,"indicator_light_stuck,app_performance",2,True
df87de05-07d2-46ca-b12c-f4dc03569c2c,1,2026-08-03 19:00:46,"aplikasi bagus tapi MANJA, indikator harus warna hijau baru bisa transaksi pakai aplikasi bank lain ajah bisa ...",0,18,negative,indicator_light_stuck,1,True
fad1b679-b6a6-4e36-81bb-40d7f9df8614,5,2026-08-03 19:39:05,bagus,0,1,positive,,0,False
2cf1a5e2-2a09-4b91-86aa-32138dcc4777,4,2026-08-03 19:48:42,mempermudah transakasi,0,2,positive,,0,False
67ff5d7a-e1ac-4f1a-887b-6f21443f8f81,3,2026-08-03 19:52:26,"prasaan nonton youtube pke resolusi 4k lncar aja tpi pas mau tf pke bca slalu, ada kndla sma jaringannya",0,19,neutral,,0,False
f938f987-9e98-4bc0-80cb-ac8c86cfb8ed,1,2026-08-03 20:28:49,"BAPUK MAU ADA SINYAL KUAT JUGA IJO NYA LAMAA BGTTTT TF AJA NUNGGU IJO DULU WLPN SINYAL BAGUS TAPI BIRU MULU, BAPUK NIH APLIKASI.",0,24,negative,indicator_light_stuck,1,True
c22d6766-ef33-45c4-87e0-a1d675b13af5,5,2026-08-03 21:41:57,bagus,0,1,positive,,0,False
7ccc5262-0ebd-4b79-b649-76dc665fe51d,1,2026-08-03 21:49:25,"lemot banget akhir ""ini transaksi jadi lama minta tolong d perbaiki dongg",0,12,negative,app_performance,1,True
bc4b9620-e28c-45ff-86af-3ae608a42bf0,1,2026-08-03 21:50:38,"detik ini tolong benerin dong mau transfer biru terus lampu indikator nya,,,",0,12,negative,indicator_light_stuck,1,True
573f07d4-7919-483f-baf5-9d71f35f653d,1,2026-08-03 21:55:06,sering tanda biru.. padahal signal bagus.. jd harus seringbkeluar dulu biar dpt tanda hijau agar bisa transamsi dll.. bca skg knp gak lancar ya,0,24,negative,,0,False
de6a1b0c-aeda-4078-8b05-545aca74b1ff,1,2026-08-03 22:48:18,"setiap transaksi selalu kendala sinyal, padahal sinya bagus, makin kesini makin jelek",0,12,negative,,0,False
c4391060-b465-4488-9a44-be9a2b393e36,5,2026-08-04 00:05:34,simpel dan elegan,0,3,positive,,0,False
fa6c3d22-2302-4aab-8b90-3231ebb74fad,1,2026-08-04 05:02:36,"semakin buruk, stiap saya dapat TF an selalu tidak langsung masuk ke rekening saldo bank saya, kerap menunggu 1 sampai 2 hari.. sangat buruk BCA sekarang, fake",0,27,negative,,0,False
4a3e88d0-00dd-4f89-9602-29063d9459c8,1,2026-08-04 05:03:21,aplikasi lelet sekali setiap mau transaksi 1 kali untuk transaksi transfer masa harus nunggu sinyal hijau lama sekali. Saya khawatir kalau gagal tapi sudah di debet. ini apa normal kah? soalnya habiskan waktu yg tidak main main lama nya,0,39,negative,indicator_light_stuck,1,True
e53822ed-5b71-4e90-9d67-ae46781cc49a,4,2026-08-04 06:23:34,bagus dan nyaman,0,3,positive,,0,False
ae34500e-69f8-45fe-9bf2-9d6fa9acee3d,1,2026-08-04 07:14:58,"kok sekarang jadi susah banget ya nunggu indikator nya jadi warna hijau? habis masukin daftarin rekening buat transfer, eh pas mau transfer indikator cuma warna biru aja pas warna hijau abis di masukin pin muter nya lama banget. apalagi kalau pakai qris buset dah muter nya lama banget, kacau!!!",0,49,negative,indicator_light_stuck,1,True
536d2651-0c8f-48eb-9752-0a96c89e5218,3,2026-08-04 07:45:33,setelah perbaharuan.. knp setiap mau scan qris selalu gagal dan ulang2.. walaupun jaringan bagus slalu berwarna biru jd harus keluar aplikasi dan masuk lagi baru bisa itupun scannya lama lagi dan msh gagal 🙂‍↕️,1,34,neutral,transaction_failed_balance_deducted,1,True
340edd6e-1f51-4533-bf48-60cf17a4f304,3,2026-08-04 07:46:30,"untuk sekarang ini menunggu biru menjadi hijau butuh waktu yang agak lama, dan kadang tidak mau berubah padahal jaringan internet oke dan sudah di coba restart juga.",0,27,neutral,app_performance,1,True
31d4273d-90b9-4f2b-8767-592eec250edc,5,2026-08-04 08:40:38,saya mau daftar poto selfie nya kok gak bisa truss,0,10,positive,,0,False
172f5702-400b-4ca3-ab0d-39e163dc8b62,2,2026-08-04 08:46:02,You tricked us. We lost the car,0,7,negative,,0,False
52c8ff4e-c207-44f8-a4bb-7a2739f11e56,1,2026-08-04 08:54:11,"You tricked us. We lost the car. What you talk first, different in the next meet, so you get more money",0,21,negative,,0,False
22e1b19d-7655-4862-81d8-dd489f8b2216,2,2026-08-04 10:27:02,"app nya simple sangat membantu,tapiii semakin hari semakin lemottt. nunggu indikasi biru ke hijau harus nunggu lama. tolong dong di upgrade app nya",0,23,negative,,0,False
d272a0ca-ed24-4f1b-9f43-e5de758a24d2,1,2026-08-04 10:52:58,semakin parah kalo transfer sampe berkali-kali gagal trus nunggu warna hijau tolong perbaiki makanya sy LBH suka pakai dana lebih mudah dan enteng aplikasi nya,0,25,negative,transaction_failed_balance_deducted,1,True
d900096b-8d2b-4534-a4db-784a71c0bbad,5,2026-08-04 10:56:00,Baik,0,1,positive,,0,False
de6545b1-aebb-481e-b5c1-f1e3b20d8aba,1,2026-08-04 10:57:23,"mau vermuk aja susah banget parah coba berkali kali ga bisa""",0,11,negative,,0,False
5248149e-e507-44b7-a15c-d297468c441b,5,2026-08-04 11:20:53,ok,0,1,positive,,0,False
20bc875d-d1d0-4f36-829f-4866a9bb9804,5,2026-08-04 12:29:00,terus berikan layanan terbaik,0,4,positive,,0,False
ce35e111-1e0f-40ab-bed3-ce10b7d7914a,1,2026-08-04 12:30:17,"sekarang kalo qris susah banget nunggu indikator hijaunya, giliran bisa pas oke berujung gagal",0,14,negative,indicator_light_stuck,1,True
30addd92-3828-4518-8318-c1cb0f7ad7aa,5,2026-08-04 12:32:55,"responsif dan cepat, jarang ada gangguan teknis",0,7,positive,app_performance,1,True
2b621bfd-7e17-4764-be0a-8751a082592f,5,2026-08-04 13:44:12,BCA mobile memudahkan untuk bertransaksi pembayaran online.,0,7,positive,,0,False
4e8029ae-675c-42e1-9885-37ebcef02e73,4,2026-08-04 13:53:52,mohon maaf ni king bca raja dari segala raja perbankan di indo. amplikasi nya saat awal di klik blank putih lemot bgt tapi kalau udah di dalam amplikasinya aman. mohon di perbaiki ya sudah update juga masih tetap sama,0,39,positive,app_performance,1,True
0cc9c4a1-0c65-43e7-aaec-39f8c3c7d1c6,1,2026-08-04 15:01:23,tidak bisa masuk ke akun BCA saya awalnya normal tp sekarang setiap saya buka berulang ulang gak pernah bisa selau close,0,21,negative,login_otp_access,1,True
96aa1b55-5a65-446e-a9cf-e81b3c6c77c4,1,2026-08-04 16:11:36,beli pulsa kepotong pulsanya ndak masuk apa2anlah 😡,0,8,negative,,0,False
a622d1f9-8b35-42e2-9caa-74c8b6589905,5,2026-08-04 18:54:37,sangat membantu,0,2,positive,,0,False
d5a62c1b-2bb0-4c12-a815-accb4a66b068,2,2026-08-04 19:44:15,"tolong di perbaiki, sekarang kalo buka mbanking ijo pas nyalanya doank, trus pilih 1 menu, trus lanjut pilih menu yang lain langsung lampunya biru terus, jadi harus logout, login lagi, pilih 1 trx, trus biru lagi, ga bisa trx lagi, harus logut lagi baru login lagi, jd setiap login cuma bisa pilih 1 menu.",3,54,negative,,0,False
035ca20a-260a-4444-9fba-531f0da59c79,5,2026-08-04 19:45:38,knp ga bisa perivikasi wajah.saat sy ganti hp mau aktfin lgo mbking sya .sy nyaman menggunakan mbking,0,17,positive,,0,False
274be230-d5e2-4210-a0a4-f26de6333618,5,2026-08-04 20:21:45,"gagal trus mau daftar,pulsa udah di potong namun gagal trus malah habisin pulsa aja",0,14,positive,transaction_failed_balance_deducted,1,True
bb26e692-d820-47ce-8d14-a315466c3f8b,3,2026-08-04 20:53:37,semakin canggih sih MBCA ini sampai kita harus nunggu lampu hijau saat pembayaran qris sampai bisa 30 menit bahkan bisa 1 jam kalo mau disabarin.. keren sih nunggu notif hijau kaya nunggu gajian..🤣🤣🤣,0,33,neutral,indicator_light_stuck,1,True
93e2cdf0-7505-41f3-a10b-035a9874819a,1,2026-08-04 21:11:48,knapa stiap bulan potongan'y besar banget yah sampe 50ribu kadang 100rbu,0,11,negative,unexplained_deduction,1,True
552b95d7-6ade-465a-b105-77c9c9c230f8,1,2026-08-04 22:02:42,"kok sekarang nunggu hijau susahnya, apalg kalau sdh tf 1x, mesti logout dulu baru ada jaringan hijaunya lg, klo ga, ga mau",0,22,negative,,0,False
b642d674-fc78-4d54-89e1-599933e07d0d,2,2026-08-04 22:06:45,"kenapa sekarang kalau mau transfer sending melulu lampu nya biru terus, sangat mengganggu sekali, tolong di perbaiki.",0,17,negative,indicator_light_stuck,1,True
74042874-45c1-4301-976c-63b7ee974a36,5,2026-08-05 00:22:55,mantap,0,1,positive,,0,False
95ef6a18-8a69-4094-b264-33649883036b,5,2026-08-05 00:24:45,bagus,0,1,positive,,0,False
1b6b0956-f8ae-4071-8398-d729a4ae2113,1,2026-08-05 01:54:58,tolong perbaiki.sekarang udah ga jaman aktivasi lewat sms.masih jadul aja.apa apa di bikin ribet,0,14,negative,,0,False
c95e28b3-ecde-46ef-b119-c0b6f248b810,5,2026-08-05 07:00:58,"kalau mau login awal BCA mobile otp nya biayanya mahal ,kalau bisa mending foto KTP sama verifikasi muka biar tidak ribet sama pulsa",0,23,positive,face_verification_failure,1,True
c869780d-4ce0-41e1-b871-95c7612a0f13,1,2026-08-05 07:17:36,"lampu indikator merah terus ,padahal sinyal bagus",0,7,negative,indicator_light_stuck,1,True
54025535-23a2-457a-8184-b0f83912a496,2,2026-08-05 07:21:35,tdk dpt digunakan,0,3,negative,,0,False
fada2cfd-9457-422c-8653-b16306eb0f13,5,2026-08-05 07:27:26,"2026 sudh ada peningkatan, sudh ada notif uang masuk dan uang keluar",0,12,positive,,0,False
aa758eb4-7ed1-40db-bf93-c5a3bb772919,5,2026-08-05 07:49:55,cepat,0,1,positive,,0,False
31cae24b-2963-46ba-8937-a041804f2224,1,2026-08-05 09:16:25,"tolong ya kalo potongan tu , udah di potong 15 ribu awal bulan kenapa w kemaren TF lewat gopay ke BCA w nominal 70 ribu g masuk ke rekening w ... kemana uang w 70 ribu , coba jelasin ke w .. w g pernah ya minjem uang di Bank baru pake BCA berapa bulan malah di giniiin ...",0,59,negative,,0,False
cfa4dd4a-6ae9-44dc-b472-cf8aef560e19,2,2026-08-05 09:24:04,"Jelek bgt plis apk lelet, harus nunggu hijau terus, transaksinya jadi banyak terhambat waktu. Tolong perbaiki.",0,16,negative,,0,False
29b5900a-68cc-4742-a4ca-382cc952eeb9,5,2026-08-05 09:47:55,very good,0,2,positive,,0,False
b5baaf01-8fb3-4918-b578-042c9a96d34f,3,2026-08-05 10:21:44,"cukup terbantu untuk m banking cm saran aja untuk mutasi dikasih keterangan jam-nya jg, sulit buat ngecek klo ada yg masuk",0,21,neutral,,0,False
dcdea33b-891b-4c85-aeb3-d9c01c9d985c,1,2026-08-05 10:50:36,buruk,0,1,negative,,0,False
78bd95c0-0ba2-4d2d-b70c-3a493d0c20ae,5,2026-08-05 11:08:58,mambantu bageet dlm proses pembayaran dlm sgala hal. top,0,9,positive,,0,False
295dd3ca-0895-474a-a44e-47767d904649,1,2026-08-05 11:31:03,Harus bngt nunggu indikator ijo klo mau ngapa²in ya? lelet tau ga,0,12,negative,indicator_light_stuck,1,True
79f7b5f5-5ccf-4d4b-8618-423f973ae1e3,3,2026-08-05 11:59:31,"Mohon bantuannya untuk login ke akun BCA Mobile saya, sudah 7× saya melakukan login tapi tidak berhasil sampai komentar ini dibuat, dan saya juga sudah kehilangan pulsa sebesar Rp11.000. Berbagai upaya sudah saya lakukan, mulai dari; hapus aplikasi, mulai ulang ponsel, mode pesawat on/of, ganti jaringan ke WiFi pun juga sudah saya lakukan. Awas saja kalau komentar saya ini di reply ""Mohon pastikan pulsa anda cukup"" tidak perlu diberitahu pun juga sudah tahu saya, nih pulsa ada 30.000",0,78,neutral,,0,False
14547bf5-d12a-4c6d-a96a-67aa92621ac7,5,2026-08-05 12:11:57,good,0,1,positive,,0,False
2135f16f-e068-43af-9f25-c2a7f7bf0798,1,2026-08-05 12:17:46,error lampu merah gak bisa dipakai,0,6,negative,"indicator_light_stuck,app_performance",2,True
e0a5cab5-3863-4491-9ba3-834489326004,5,2026-08-05 13:01:50,Pelayanan terbaik,0,2,positive,,0,False
f67da32b-e441-4820-ad04-333d846b8280,2,2026-08-05 14:23:18,"Mohon segera diperbaiki, tiba-tiba BCA Mobile saya force closed, sebelumnya aman-aman saja, jadi tolong segera diperbaiki",0,16,negative,app_performance,1,True
0c8b464d-eb28-4698-a59a-33d28de9c1fb,1,2026-08-05 14:51:17,sering bgt troble disaat2 genting... indikasi gk bisa ijo smpe kudu restart berkali2,0,13,negative,app_performance,1,True
94d8c2cc-1671-49fc-b36b-e2147a2c512b,3,2026-08-05 14:51:41,kode otp nya gak masuk2...!! Lamaaaa,0,6,neutral,login_otp_access,1,True
7953a48e-e0ae-4042-95f7-54246e2185d4,2,2026-08-05 15:32:34,"jelek banget pake mbanking ini, sinyal susah banget!!! mana eror terus harus tunggu lampu ijo!",0,15,negative,"indicator_light_stuck,app_performance",2,True
04b9b9d2-f227-4722-85ab-a007b99d95ee,4,2026-08-05 15:40:39,"uang 50rb saya hilang gatau kemana , udah ke kantornya engga ada jawaban , ini bukan tentang nominal takutnya hilang lebih dari itu",0,23,positive,unexplained_deduction,1,True
ba8cf3b8-45c7-4d30-9373-dc4f04a5b780,2,2026-08-05 15:46:08,"Sering trouble, lampu indikator bermasalah, padahal jaringan ada dan berfungsi,nunggu lampu indikator berwarna hijau lama banget.",1,16,negative,"indicator_light_stuck,app_performance",2,True
765bf7b6-1ef8-4384-8ffe-bd9daedfeb30,5,2026-08-05 15:59:21,Excellent,0,1,positive,,0,False
08f80b0c-9d38-46bf-8bf2-e0df7639aa06,5,2026-08-05 18:42:40,Mantap,0,1,positive,,0,False
0e1613db-a595-444d-af6f-cd9597ab0b77,1,2026-08-05 18:50:41,tolong di perbaiki. sekarang gampang merah. sinyal lancar. aplikasi gak jalan. kalo udah ada perubahan saya update lagi bintang nya,0,20,negative,indicator_light_stuck,1,True
956427a9-96b8-4029-b174-75f35a46de2e,1,2026-08-05 19:44:54,BCA ribet membagongkan,0,3,negative,,0,False
921ebe75-2504-492f-8a98-6d2b0930fd3e,5,2026-08-05 19:48:34,saya suka aplikasi ini karena saya sangat perlu trima kasih,0,10,positive,,0,False
e256329b-1027-4d67-84b1-65d724715801,2,2026-08-05 20:01:08,"bagus sich tp akhir akhir ini seperti sinyal sulit dan warna merah terus,mau beli makanan giliran mau bayar sinyal merah terus,terpaksa pakai tunai,kan malu",0,24,negative,indicator_light_stuck,1,True
1ab5ed74-3e7f-49e3-9e1b-f0820fea233d,3,2026-08-05 20:16:45,"sebenarnya aplikasinya simple tetapi kebanyakan setelah masuk harus menunggu indikator hijau dan seringkali indikatornya merah terus padahal signal dan jaringan bagus, harus berulang2 logout dan login kembali. mungkin bisa sebagai masukan, terima kasih",0,33,neutral,indicator_light_stuck,1,True
fd720bb1-553e-458a-8a8b-6f0f91f0b913,5,2026-08-05 20:35:25,ok,0,1,positive,,0,False
fd9dfcd7-5449-4976-9db8-b16952266eed,3,2026-08-05 20:41:39,kenapa ya akhir akhir ini sering kalo buffering ketika melakukan transaksi padahal sudah di wilayah yang mencakup sinyal yang kuat. minta tolong buat segera di perbaiki yaa supaya kelancaran saat transaksi tidak terganggu,0,33,neutral,,0,False
615ee156-1cca-4a21-a249-0d4dca6b7f01,1,2026-08-05 20:43:47,qris kenapa ya kalo mau scan indikator hijau terus biru gitu terus.smpe harus makan waktu sampai 10 menitan,0,18,negative,indicator_light_stuck,1,True
149b740e-63c2-40cc-b647-e125a67ee668,1,2026-08-05 21:38:54,woyy ngebag gmn si gda sms,0,6,negative,,0,False
2b88b26a-52e4-4ba5-b2e0-588d0e0348a1,5,2026-08-05 22:08:19,memberikan kemudahan,0,2,positive,,0,False
37a1d3cd-2fd8-4419-9917-0ccde5b71076,5,2026-08-05 23:08:01,👍👍,0,1,positive,,0,False
8e7950ba-7a88-49a1-9ede-0e17c8c909ea,2,2026-08-06 00:54:19,kenapa si ini aplikasi di HP saya ga jelas banget gabisa masuk2,0,12,negative,,0,False
3b55a38f-9b83-47df-908b-cd4155a12fc4,1,2026-08-06 01:12:28,"perbaiki lagi sinyal nya Terkadang kalo mau bayar Pake Qris hrus nunggu indikator Warna Hijau terkadang Lama klo belanja di warung Gak enak sama yg lain Antri. perbaiki lagi Boss masa kalah Sama Bank Yg lain Qris pembayaran atau Tranfer Cepat. bang Yg lain Langsung cepat boss, masa Kaya Gitu aja Harus restart Hp. ini ulasan Saya Harus nya perbaiki lagi kadang indikator Merah harus Nunggu hijau baru itu juga Lama Kadang bisa kadang enggak",0,75,negative,"indicator_light_stuck,app_performance",2,True
73fa7872-3b55-4910-9d97-a40ae850f609,1,2026-08-06 03:45:53,"Mau transfer bca ke bri 500k tapi blm masuk juga , tp saldo udah kepotong, di mutasi sudah berhasil kena fee jgk. .. tp gak ada notif masuk dri pihak ban bri... minta tolong kak, ini gimana?",0,37,negative,,0,False
9fd43c13-1cee-46b8-85a8-3201a5dc7acf,4,2026-08-06 06:06:51,knp sy tf ke org kok ngk bisa ya?knp di sistem ny gangguan ya?,0,14,positive,app_performance,1,True
056c5238-8144-4b90-a469-32bf8c490cec,1,2026-08-06 07:14:35,aplikasi crash... saat update skrng,0,5,negative,,0,False
036fb170-d31c-4d89-9580-5613c6df4154,1,2026-08-06 07:19:42,"yang d update apa an sih d tinggal keluar aplikasi bntr trs blik lg lgsg biru,trs lma lg mau ijo nya",0,21,negative,,0,False
01e65759-d500-4194-9ba1-c0c90f390db1,1,2026-08-06 08:04:13,"ganti kartu ATM udah mau 1 bulan belum di urus juga, kalau emang proses nya lama harus nya kartu ATM yang lama jangan di nonaktifkan dulu dong jadi ga bisa akses ke aplikasinya lagi",0,34,negative,,0,False
6fbdccca-89fd-4404-b4a3-72e2339b6186,2,2026-08-06 08:32:06,knpa untuk skrg mau qr susah nya minta ampun pdhal lampu i dikantor sudah hijau tetap gak bisa udh d reefres sgala macem mash tetap gak bisa tolong d perbaiki pdhal saya suka banget sama pelayanan perbankan nya tolong untuk aplikasi nya d perbaiki,0,44,negative,indicator_light_stuck,1,True
2418ba11-fbdf-4f51-a5de-c7c33ec2a4cb,1,2026-08-06 09:25:43,beberapa hari ini penanda hijau sering hilang. transaksi sudah tinggal kirim ketika hilang kan jelek banget ya. ngulang lagi. keluar lagi. kenapa kok tambah jelak??,0,25,negative,,0,False
50d85800-1fda-4ebb-a66d-f2b40c77f8d6,5,2026-08-06 09:37:12,mantap,0,1,positive,,0,False
d9c6821d-9513-48e0-ace0-bb9797ae1239,1,2026-08-06 09:37:22,lemot,0,1,negative,app_performance,1,True
380360bf-e2ff-4d33-9ea4-a97fb65fc73b,1,2026-08-06 09:37:55,"pulsa habis percuma saat login ke mbca tapi otp tidak ada yg masuk sama skli giliran ngadu malah di bilng harus ada koneksi internet yg baik dan pulsa min 5rb, sedngkn koneksi internet saya stabil pulsa juga aman eh malah login otp tidak masuk malah pulsa terpotong percuma",0,48,negative,login_otp_access,1,True
0d2ad8d6-5b53-4e56-b86d-85c743c6318e,5,2026-08-06 10:05:00,ok,0,1,positive,,0,False
1ec8d30a-0ee6-4272-ae8f-d6e9308f8d62,5,2026-08-06 11:05:05,ok,0,1,positive,,0,False
fcfbe3eb-50b9-475f-afd9-823b1c9fa01b,4,2026-08-06 11:30:08,kenapa sekarang klo lampu di warna biru malah susah nyala lampu hijau.nya.. itu merepotkan,0,14,positive,indicator_light_stuck,1,True
e6a44426-4130-445c-bd18-ebc98bf71dde,4,2026-08-06 11:49:29,"semakin mudah, karna skrg ada notifikasinya kalo ada uang msuk",0,10,positive,,0,False
8599ac3f-b46b-454f-a748-3f8b0a908de0,4,2026-08-06 12:29:10,very good apk,0,3,positive,,0,False
23f93ee9-6057-42d8-8ed2-2bda6bc8dd64,2,2026-08-06 12:51:32,tiap sekali transaksi mesti logout login biar bisa sinyal hijau,0,10,negative,indicator_light_stuck,1,True
23c9c162-39c0-49f4-a42f-92f5e4641bb9,1,2026-08-06 12:56:13,indikator indikator ga jelas sinyal bagus pake segala tunggu indikator hijau lo kata traffic light kocak,0,16,negative,indicator_light_stuck,1,True
93a258b1-ab74-42a3-8bc5-ae15e584eb78,5,2026-08-06 13:20:33,baik,0,1,positive,,0,False
1a71b483-54f2-4417-859d-376320863cf5,1,2026-08-06 13:28:34,"Semenjak ada Gacha, sinyalnya jadi susah banget idakatornya biru-merah susah banget dapet indikator hijau, sinyal bagus dan dilokasi biasanya akses BCA-M yg tidak ada masalah sebelum ada Gacha",0,28,negative,indicator_light_stuck,1,True
42a73389-2de1-4c9e-88e9-872d26e76a35,1,2026-08-06 13:29:10,"Penarikan dana dari Grab ke BCA seharian kaga masuk² dari Grab sudah selesai, pas liat mutasi BCA ga ada saldo dari GRAB yang masuk",0,24,negative,,0,False
8f198536-3eb4-42e0-940e-cdd9d5206f35,1,2026-08-06 14:20:09,kalau transfer sinyal hijau biru lama sering error,0,8,negative,"indicator_light_stuck,app_performance",2,True
53eb2cc7-080f-45e0-8b9d-2eb2ffc9ccf1,2,2026-08-06 14:55:16,kenapa ketika aktivasi m-banking lewat handphone ga bisa bisa mohon infonya agar mudah mengaktivasi nya,0,15,negative,,0,False
d62df0c0-fa2d-4334-81f1-b87eff1b1892,5,2026-08-06 15:28:51,aman dan bermanfaat untk bertransaksi,0,5,positive,,0,False
6a8e4936-79ab-46c2-90a9-fb0edac66592,4,2026-08-06 16:20:23,sudah lebih baik,1,3,positive,,0,False
79c6499c-30db-46e4-83d2-a5ab1386657c,1,2026-08-06 16:24:49,buka aplikasi ajj susah bngt sangat tidak membantu masak aplikasi bank kayak gini,0,13,negative,,0,False
f7ad902f-df6a-44b7-8156-6b15a13c4ffe,5,2026-08-06 17:04:47,membantu dlm sgala perbanksn keuangan,0,5,positive,,0,False
7c9a0ab4-9a00-4f70-a2bd-0e9421dc003c,1,2026-08-06 18:21:51,lambat,0,1,negative,,0,False
16c80b5b-60c4-427f-b0df-951b269bca9a,5,2026-08-06 19:46:35,ok,0,1,positive,,0,False
11cddc9d-0538-4bfe-95d6-435c537bb427,5,2026-08-06 19:52:31,baik,0,1,positive,,0,False
d6a5bb06-962c-47e3-8d24-9cdf271c0e4b,3,2026-08-06 20:02:43,baru di perbaharui tp ngelag terus aplksainya.. padahal sinyal kuat. apakah sedang ada masalah maintenace. setelah saya coba uninstal apkl dan downlod lg.. apkliasai skg sudah normal kembali,0,28,neutral,,0,False
b350e92b-5625-40a4-a1b6-a46855636b7f,1,2026-08-06 20:44:20,BUSUK,0,1,negative,,0,False
4381a3b8-f61b-4293-9e2c-8286f28e193d,5,2026-08-06 20:51:04,kenapa kok tidak tampil di menu hp,0,7,positive,,0,False
fa1947bb-f7bb-4966-a6a4-3f8ea809b06d,1,2026-08-06 21:10:02,saldo berkurang gk jelas,0,4,negative,unexplained_deduction,1,True
35632dcf-465a-4830-9729-7df0cdf82c5e,5,2026-08-06 21:28:19,ok,0,1,positive,,0,False
fa86c9fb-3bae-4aaf-b2b4-5d5c14fe45e8,1,2026-08-06 21:35:18,"Ada apa sih dengan app BCA mobile sudah bbrp bulan selalu indikator auto biru pas mau transaksi, sangat mengganggu banget aktivitas bisnis, kepercayaan kolega bisnis jadi berpengaruh terhadap usaha saya. PERBAIKI DONG LEMOTNYA SISTEM SEPERTI INI!!!!! baru isi kuota sekali pun ternyata memang apk nya yang bermasalah, huffttt",2,48,negative,indicator_light_stuck,1,True
598ce9cb-bdf3-4fa2-905a-fa72af5a5d9f,4,2026-08-06 22:02:26,lebih praktis,0,2,positive,,0,False
9784e1ac-10d8-493f-a642-a9f330b56df1,1,2026-08-06 22:04:28,sering lelet pd hal.wifi kenceng..ngecewain banget.ga efisien.,0,7,negative,,0,False
d770ddb6-04c1-4bd6-ad41-b8269329498c,5,2026-08-06 22:05:56,Good,0,1,positive,,0,False
ec93b0a1-d2f4-44cb-a29d-8fd03407a280,5,2026-08-07 01:30:40,sangat membantu dan bagus,0,4,positive,,0,False
4b2cb5e7-e17c-4868-a934-416ba6a1b473,1,2026-08-07 04:36:00,tidak dapat menerima kode OTP,0,5,negative,login_otp_access,1,True
7a7b647d-a090-4189-bae6-bcc752ed2ccc,5,2026-08-07 06:33:02,"aplikasi nya simpel jelas setiap transaksi,gak ribet no pending²,pelayanan cs nya ramah baik dan bagus Semoga selalu mempertahankan kualitas pelayanan pelanggan",0,21,positive,customer_service,1,True
a26ac638-9c2f-493a-96a9-412e6c360a53,1,2026-08-07 07:13:06,sering sekali indikator berwarna merah/biru. membuat tidak bisa bertransaksi. membuat lambat. apalagi saat urusan penting.,0,15,negative,indicator_light_stuck,1,True
233be491-89c1-47c1-b386-d8580ec3d1f1,5,2026-08-07 07:31:04,Sangat mudah dan cepat,0,4,positive,,0,False
b0db7e9e-4b40-4243-aa06-2c5ba47f91d6,5,2026-08-07 08:00:32,"nice aplikasi good BCA, THANKS TO BCA🙏🙏🙏",0,7,positive,,0,False
bb0369a0-6c7e-4075-bdbf-dd3b0df6b346,1,2026-08-07 08:00:59,Verifikasi Loading Lama ga jelas,0,5,negative,,0,False
edefbf21-6b55-443d-a5a7-6ebe8e6c1fb2,4,2026-08-07 08:21:32,sbenernya ok cuma lama banget ya sinyal nya utk ijo dan bs dipake transaksi.,0,14,positive,indicator_light_stuck,1,True
681cde59-657c-4de0-b2fd-de3483e1bdcb,5,2026-08-07 09:14:30,mantab,0,1,positive,,0,False
36b8f640-340b-477f-9bc7-57728e3bd65d,3,2026-08-07 09:24:18,overall bagus sih aplikasi ini.. Namun masih ada 1 pertanyaan ini Qrisnya sedang bermasalah atau bagaimana sih? padahal saya ingin melakukan transaksi cashless eh malah jadinya pembayaran cash karna Qrisnya tidak berjalan sesuai harapan. sementara ratenya syaa kasih 4 dulu karena fitur pendukung lainnya agak susah dan proses login pun terkadang eror,0,52,neutral,app_performance,1,True
77e46338-beb6-415b-9fd9-a69151e7ba71,2,2026-08-07 09:43:06,kalau bisa untuk registrasi ulang bisa menggunakan data WiFi.karena SIM-card memang harus terpasang. mengapa? karena kita kirim SMS saja SDH kena biayaRp1000.ini sudah gagal 4x padaha SIM card sudah di posisi SIM 1.sim 2 dinonaktifkan.data internet sudah pakai sim 1 juga tapi masih gagal juga.mudah mudahan bisa diperbaruhi,5,48,negative,,0,False
0de8e11e-be85-475a-9f35-37aab714efb1,3,2026-08-07 10:20:08,ngeleg,0,1,neutral,,0,False
690c3dc7-c28a-4934-bafa-b3b0b3ff81b8,1,2026-08-07 11:01:51,"akhir² ini kenapa sering sulit buat transaksi ya, bayar QR maupun TF selalu loading lama bahkan sering gagal padahal koneksi jaringan bagus. dan sering kali setiap mau transaksi gabisa dengan notif sistem sedang ada gangguan. Tolong perbaiki!!!",2,37,negative,app_performance,1,True
292d4bf2-0a6c-40dd-811d-1fa3231d6f95,5,2026-08-07 11:54:17,"Manfat banget untuk sehari hari 👍👍👍 maaf sekarang klo saya bayar pake kode QR d situ tertera code QR pembayaran dr china saya kok jadi bingung, apa ada masalah d APK, di mohon batuanny🙏🙏🙏, tlng d perbarui lagi🙏🙏🙏",0,38,positive,,0,False
cd8c246a-8575-4790-a2ea-e7359acc3d4e,1,2026-08-07 11:54:35,di hape ku forclose terus semenjak di update,0,8,negative,,0,False
cf5d8a22-dc5f-4667-8861-af3a130249cd,1,2026-08-07 13:02:17,"sulit sekali, mau transaksi. harus menunggu lampu indikator warna hijau, sedangkan lampu indikator warna merah tersebut dan harus menunggu waktu 5 menit baru berwarna hijau itu pun harus bolak balik keluar dari aplikasi.. lama2 BCA semakin tidak nyaman..🤦🤦🤦🤦🤦😭😭😭😭",1,38,negative,indicator_light_stuck,1,True
f39c2fdc-d0ea-4d8b-b0fe-06e3479a9ac9,3,2026-08-07 13:14:08,"koneksinya lama sekarang,",0,3,neutral,,0,False
6d96447a-78b8-45d8-9dd7-38585dd2eb84,2,2026-08-07 13:16:47,hilang2 jaringan,0,2,negative,,0,False
6816118b-7aad-4364-a9a2-7e0d03b0f4c4,3,2026-08-07 13:40:03,mantap,0,1,neutral,,0,False
af74cb6f-8948-4740-b51f-e12154aee33d,1,2026-08-07 14:46:45,kantor BCA tanah Abang lemot .. nanggapi salah TF aja..ribet . !! yg salah kirim udah berapa kali lapor. .. GK pernah selesai.. gmna sih ... bank besar . ko ribet amat ..GK kaya bank lain. org yg punya rekening mau TF balik. saldonya dbekukan Mulu. . yg si pengirim. lapor bolak balik kantor BCA . GK pernah selesai. .. tolong perbaiki.. masa bank besar .ribet bangetz..jaman udah canggih . ada no hp.. KTP.. dokumen..bukti TF . masih aja lelet.... GK memuaskan ... layanan nya,0,85,negative,"app_performance,customer_service",2,True
e2a28438-0eb4-4c0c-8a27-aee65d76e49e,5,2026-08-07 15:13:42,keren lebih mudah untuk berbelanja.keluhan dikit saya kalau mau pakai barkode buat bayar membayar agak susah.,0,16,positive,,0,False
82b09553-9dc0-4350-861e-e305bfd50897,5,2026-08-07 16:17:32,"guys yang bermasalah bca lemot, suka keluar sendiri, coba hapus bcamobile nya, download versi terbaru dari app store yaa, jangan yg lain. saya ada bermasalah dengan bcamobile lemot, dan suka keluar sendiri tiba2. sudah beres dengan menginstall ulang aplikasi bcamobile saya 🙏",4,42,positive,app_performance,1,True
7c7121c0-4958-4696-a079-d848d7865fc3,5,2026-08-07 16:56:34,saya pake aplikasi ini sangat nymn BCA mobile,0,8,positive,,0,False
dc4211d1-295a-4d26-87ea-c67220051fe2,5,2026-08-07 17:10:04,"Setelah sy update terbaru kok sama skli gak bisa transfer baik sesama bank atupun beda bank., kenapa yaa..pliss bantuannya. Terima kasih",16,21,positive,,0,False
19b65340-46e5-41d9-8b0e-49b7fc7890fc,2,2026-08-07 19:38:10,"signal di app selalu cepat berubah biru, padahal internet kencang, sgt susah untuk trasfer ke banyak nomer rekening",0,18,negative,,0,False
60f92dc2-22ee-4972-87cb-90a0d46f349e,2,2026-08-07 21:26:01,verifikasi wajah bermasalah...darisore sampai sekarang...pleas turn off the developer mode...bikin kesel aja hamfir gw banting hp,0,16,negative,face_verification_failure,1,True
1ea97c28-c70a-40d2-aa2a-d114ce69234b,3,2026-08-07 22:30:06,"beberapa hari sebelumnya, saya kalo mau pembayaran pakai Qris lama karna sinyal atau apk nya? padahal memang pengaruh ya sama sinyal sama apk BCA? sekira ku ga juga sih",0,29,neutral,,0,False
08e00990-9350-4c61-ae38-b97d6fa8fcce,1,2026-08-07 23:20:55,"sekarang tambah ribet, pembelian apapun sering pending, akirnya gk masuk, lapor ke custservis ribet.",0,14,negative,customer_service,1,True
d9c843c8-ac7e-44e8-864a-707e664f6919,2,2026-08-07 23:33:05,apk tidak bisah di gunakan untuk masuk apak kalok di gunakan selalu kembali sendiri,0,14,negative,app_performance,1,True
8b4ccd6e-4483-4580-8ed8-1351ea258c36,3,2026-08-07 23:38:24,bagus,0,1,neutral,,0,False
03b36137-c448-4c73-b66b-40a144914585,1,2026-08-07 23:42:22,sinyal lemot harus nunggu warna ijo buat tf suka lama eror,0,11,negative,"indicator_light_stuck,app_performance",2,True
0619289b-20a2-4f07-8d06-d50d287c4710,1,2026-08-08 00:07:57,"mengapa aplikasi bca saya tidak bisa dibuka , jadi saya harus unninstal dan instal ulang lagi baru bisa kebuka.",0,19,negative,app_performance,1,True
ca3637c8-f18d-438d-abda-00cf8c096719,5,2026-08-08 00:15:25,tolong mengapa lampu indikator nya merah trs ya kk,0,9,positive,indicator_light_stuck,1,True
76423ba9-950b-4ff5-b040-cec50b2c1636,5,2026-08-08 00:19:02,lancar,0,1,positive,,0,False
1f5a80d0-51e8-4a88-aa7e-1abd143227ca,5,2026-08-08 02:46:54,ini kenapa 2 hari lampu indikator nya MERAH terus jadi gk bisa cek saldo di mbanking tolong di perbaiki,0,19,positive,indicator_light_stuck,1,True
e5780899-10f3-49d1-a0a9-73dc8c5aab1a,3,2026-08-08 06:26:18,"Dear PT Bank BCA, mohon bantuannya, saat ini saya ingin melakukan pengisian kuota, namun ada pemberitahuan error. Terus ada pemberitahuan update,saya ingin update tapi ada keterangan perangkat tidak kompetibel. Mohon bantuan agar perangkat saya tetap bisa menggunakan aplikasi ini, karna saya belum bisa menganti HP baru 😢",0,47,neutral,"app_performance,device_compatibility",2,True
33ff2b7e-bc6e-41b0-b3b8-9e4c7df14d06,5,2026-08-08 06:26:59,"sebenernya aplikasinya cepat dan mudah fi gunakan tp yg saya gak ngerti saldo saya sering hilang 6rbu terkadang 5rbu paling gede itu sekitar 10rbu tp potongan tiap bulan masih tetep sama,,, mohon penjelasannya ini dr pihak BCA. terima kasih",4,39,positive,unexplained_deduction,1,True
f08264d9-3afe-4cc0-8f54-1a232966c91e,1,2026-08-08 08:44:29,"baterai boros, pas di cek 45% dikonsumsi aplikasi ini padahal sedang tidak digunakan. saya pakai aplikasi toktok seharian hanya konsumsi 43% baterai saya. sedangkan aplikasi ini paling digunakan hanya 1 menit sehari tp konsumsi baterai nya sampai 48% kan gila sekali ini aplikasi.",0,43,negative,,0,False
667a0b53-da4b-418f-a966-e3dc36843a33,1,2026-08-08 09:16:55,"mw login verifikasi muka dl, tp susah banget masuknya...klo emang sistem verifikasi mukanya blm siap, jgn d paksain dl buat customer...sampe sekarang sy blm bisa login jg, posisi udah d tempat terang, posisi wajah jg udah d dalam lingkaran, lingkarannya jg udah warna biru tp msh gagal jg...jgn bikin capek orang dong 😤...butuh brp jam sih buat berhasil verifikasi wajah ? padahal posisi wajah udah d dalam lingkaran biru",0,69,negative,face_verification_failure,1,True
df2d407d-17f3-4709-aaaa-5828eaaef74b,5,2026-08-08 09:17:43,Sangatta memuaskan BCA...,0,3,positive,,0,False
9d3e671b-320a-471f-ada2-5e283438bc59,1,2026-08-08 11:40:22,"1. ganti nomor SIM card ke cabut bentar aja di pasang di hp yg sama malah ga bisa tulisannya kudu ke ATM mobile BCA buat login kembali mbanking BCA. ribet banget SABTU MGGU LGI ,SOP sistem terlalu alay. 2.tiap kali mau bayar qris tanda hijau lama banget munculnya di saat mau bayar atau pas ke distrek bolak balik WA/lainnya selama 2 detik aja ngerefresh tu tanda hijau kanan atasnya jadi biru terus lama, macem lampu merah di BSD lama nunggunya. bank sebesar BCA bukan di permudah malah bikin ribet",1,89,negative,"indicator_light_stuck,login_otp_access",2,True
b9942223-bd5c-44f0-8fbf-a19383129d95,3,2026-08-08 12:00:32,udah di tempat terang udah di dalam lingkaran juga tetep aja gabisa bisa,0,13,neutral,,0,False
149a75fa-cca6-411c-bd01-707b33e91f95,1,2026-08-08 12:25:27,"tolong dong BCA Sinyal nya payah bgt susah kali mau transaksi..sinyal biru terus ijonya dikit bgt... pdhal udah coba Wife, paket data dr 2 kartu beda tetap gitu",0,28,negative,indicator_light_stuck,1,True
3e81e4b1-9254-4e89-b410-d4a06a88d35e,5,2026-08-08 13:02:42,alhamdulillah,0,1,positive,,0,False
950b54b6-2e7e-4017-8fcf-4971f01016fa,1,2026-08-08 13:41:19,mau masuk gak bisa kenapa ya mau masuk di Poto gak bisa,0,12,negative,,0,False
93a71048-6350-4597-8d9a-9b11202d7930,1,2026-08-08 14:20:01,"lemot, sering kluar apk sendiri",0,5,negative,app_performance,1,True
fdea8265-ee07-4993-b638-77a25035c8ca,3,2026-08-08 14:31:25,kenapa ga bisa² ini buat log in,0,7,neutral,,0,False
9b2688f1-c3ac-4fd0-ab74-9dab7940415e,2,2026-08-08 15:53:31,"aplikasi susah dibuka, dan saya sudah menghabiskan 20.000 pulsa untuk mengirim ulang kode tapi tetap saja aplikasi susah dibuka, itu karena apa ya?",0,23,negative,app_performance,1,True
5626e694-bcd8-4dee-a1c0-e4f985feac70,1,2026-08-08 16:33:18,mobile banking terlemot yang pernah di buat umat manusia.,0,9,negative,,0,False
3a01bfac-6180-465a-a079-b3b81384045f,5,2026-08-08 16:51:47,setelah di perbarui kenapa tidak dapat notifikasi pengeluaran atau pamasuk?? kemarin sempat dapat notifikasi nya setelah di perbarui tidak dapat lagi.,0,21,positive,,0,False
d816635e-083b-499a-92c5-864ef4329673,5,2026-08-08 18:29:43,cepet,0,1,positive,,0,False
376a7222-2583-488c-8a73-041dd72d2ccc,1,2026-08-08 18:39:20,aplikasi busuk logika butuh pulsa udah isi 5rb sms nya berulang pas di aplikasi di suruh ngirim sms lagi terakhir gak terdiri karna pulsa udah abis gak ngotak,0,28,negative,,0,False
31cd86a0-bf0f-40a4-97ae-9a6d500fd112,5,2026-08-08 18:39:57,sangat bermanfaat,0,2,positive,,0,False
ecaf089d-731b-43bc-9878-e5b78c66bd57,1,2026-08-08 18:47:04,"sering kehilangan saldo 10rb. di luar biaya admin bulanan. sialnya bisa sampe 3 kali dlm seminggu. cek di data transaksi ada bacaan biaya admin, sdangkan buat admin bulanan udah kepotong. saldo bisa keluar tanpa pin dan bahkan saya gatau saldo saya kemana. suruh lapor ke hallo bca tpi harus pakai pulsa. devlopr sama aja mencuri secara terang terangan kalo gini. saya sangat sangat di rugikan",0,65,negative,customer_service,1,True
b95fc0e2-79b0-4d2a-b458-dd9b8bb4b788,1,2026-08-08 19:02:27,udah bikin kartu atm mau gunakan BCA mobile malahan tidak bisa pihak Cs ngomong udah aktif bisa di gunakan bca mobilenya haadeehhh...,0,22,negative,customer_service,1,True
3777c0b5-f8e8-4cac-ae4a-725542de7e46,5,2026-08-08 19:28:00,terima kasih atas aplikasi ini yg mempermudah dalam transaksi,1,9,positive,,0,False
45af84a4-b91d-453d-8645-d268cca29e19,2,2026-08-08 21:00:41,makin kesini bukannya makin bagus tapi makin lemot lampu indikiator selalu biru padahal sinyal bagus heran kenapa ya kalau bank lain ok² saja tolong kedepannya ditingkatkan lagi sekelas bca lo,0,30,negative,"indicator_light_stuck,app_performance",2,True
5b764c76-e69c-4456-9cd7-1644e55c3005,1,2026-08-08 22:13:32,"tambah lama versi terbarunya malah cacat.. masak 3x login verifikasi SMS, pulsa kesedot SMS loading verification habis itu gagal dan ulang dari awal.. 3x loh saya coba login hari ini dan jamnya sudah saya kasih rentang 2-3 jam.. parah update. apaan, malah kena eror 103(2) dan sampai saat inipun tidak berubah. padahal pakai wifi dan sinyal stabil dibuat YT maupun streaming TV.",3,62,negative,app_performance,1,True
5b120656-b066-4f37-aa3b-b7561a35dba6,1,2026-08-08 22:35:50,apliaksiii jelekkk,0,2,negative,,0,False
75f84a29-5ca5-42e0-8fd5-7d1320ff0963,5,2026-08-09 00:49:00,Saya kasih bintang 5 sebelumnya untuk QRIS tidak bisa untuk HP tipe 2018 kebawah sekarang sudah bisa,0,17,positive,,0,False
910cc426-5395-4afd-bd6e-2aaad75a6a86,1,2026-08-09 01:58:32,"ini gmn ceritanya keblokir phdhl masukin pinnya udh benr loh, mana kesedot lg pake pulsa",0,15,negative,,0,False
25804e0b-9989-4339-afe0-755cd9702af3,5,2026-08-09 02:49:34,bagusd,0,1,positive,,0,False
d687c92c-6acf-4a2c-8a12-2d058142ac75,1,2026-08-09 06:56:14,"selalu gangguan padahal sudah diperbahatuai, kadang bikin kesel",0,8,negative,app_performance,1,True
01973c3a-8740-4797-964a-62a5a166fc23,5,2026-08-09 08:10:03,good,0,1,positive,,0,False
31bb80e3-2814-4668-9120-142d282c7376,4,2026-08-09 09:41:04,lambat bngt pas mau qris selalu biru GK hijau hijau,0,10,positive,,0,False
977b68c5-be09-409b-8425-7bee2ae5aa64,5,2026-08-09 11:52:11,ok,0,1,positive,,0,False
3795e2c7-cc55-4879-98ae-0d1753b57d9b,3,2026-08-09 13:12:25,suka ya,0,2,neutral,,0,False
f55fa5ec-ddac-4228-9b42-65eca5b1bc6b,4,2026-08-09 14:39:09,alhamdulillah... sementara ini bagus👍,0,4,positive,,0,False
f595cfc8-3e36-442b-9e21-f5f224c60966,5,2026-08-09 14:51:19,good,0,1,positive,,0,False
b7cd5021-1e71-48e5-8367-fd29661fd451,5,2026-08-09 16:50:29,"di versi terbru ini lumayan canggih bisa untuk tap cash atau bayar2 KRL,LRT.DLL biasanya BCA gak munculin notifikasi loh kdang harus di cek di aplikasinya sekrang muncul otomatis dlm bentuk silent mode ada bahkan kami belanja,tfansfer ada notif cekout dan cek in jadi kami bisa tau klo uang nya sudah masuk dan keluar melalui notif getar sy suka cersi yg ini",1,61,positive,,0,False
69169f40-6bf0-442d-8cf0-b00c831b389d,5,2026-08-09 16:51:56,sangat amanah dari awal buka rekening 2015 sampai sekarang,0,9,positive,,0,False
bc13913c-233e-4e6c-a4ad-ea33545221d2,5,2026-08-09 18:28:31,bagus,0,1,positive,,0,False
c6d50010-6db2-414c-9f6d-ba1475fb03a4,5,2026-08-09 18:31:52,sangat mudah di gunakan dimana aja,0,6,positive,,0,False
68c13d9d-d1cc-4414-8bc9-4f5885690a67,1,2026-08-09 18:42:27,"lampu indikator sering eror, stuck warna merah",0,7,negative,"indicator_light_stuck,app_performance",2,True
7df6fb4d-4fff-42d4-8323-f6e6d9a5bab5,3,2026-08-09 18:57:02,"saya kasih bintang 3 karna baru kali ini aplikasinya gak bisa dibuka,dan pembayaran melalui qriis suka bermasalah.... mohon tingkat kembali aplikasinya",0,21,neutral,app_performance,1,True
8d6346df-4b56-4466-8e82-2244044e4753,1,2026-08-09 19:08:14,APK LEMOT,0,2,negative,app_performance,1,True
c4644276-287f-4dff-89cc-f191934aae4d,1,2026-08-09 19:31:09,"Kenapa sekarang BCA kalo potongan uang admin tidak sesuai tanggal sih, dulu tanggal 15, kadang tanggal 20 kenapa sekarang tidak teratur tanggal pemotongan padahal sekarang baru tanggal 9 sudah kepotong uang admin.. sangatlah mengecewakan.. orang lagi urgent mau tarik tunai malah kepotong uang admin.. gimana sih. kalo mau motong harusnya jelas setiap tanggal berapa, jangan seperti ini dong.. bikin susah pengguna aja.. karena pengguna BCA bukan kalangan atas saja.. pikirkan kalangan yg bawah dong.",1,74,negative,,0,False
31660cee-8517-4cdf-ac11-78277783264b,1,2026-08-09 20:04:26,Halah susah bgt verivikasi ktp nya ka mudah dibacaaaaaa,0,9,negative,,0,False
958a7626-a629-4143-8d89-95087f2686bd,1,2026-08-09 20:47:18,"di tanggal 09 agustus 2026 di jam 20:30, BCA mobile tidak bisa di buka/ di klik tidak ada respon, tolong pak tanggapanya..",0,22,negative,app_performance,1,True
d657fe3d-dc1d-478e-ad3c-aa3be9df436c,5,2026-08-09 21:41:18,bank bca ini benar benar sangat mudah dan cepat untuk di akses,0,12,positive,,0,False
b235ef5c-6627-4eed-970d-183c189e305a,3,2026-08-09 22:51:10,ini kenapa aplikasi tiba2 kluar sdri setelah dimasukin kode akses trs qrisnya jg tdk bisa digunakan mohon ada pnjelasan terkait sistem,0,21,neutral,login_otp_access,1,True
1204e4f5-9a30-4702-8723-dcf037d0ae81,2,2026-08-10 00:10:59,kendala 3 kali transaksi gagal tetapi saldo berkurang,0,8,negative,transaction_failed_balance_deducted,1,True
bc6e04bf-ab03-4a0a-81eb-644cc99d3cb5,5,2026-08-10 01:36:02,baik tuk kebutuhan,0,3,positive,,0,False
e92c7749-5f4a-48e1-9b21-8a49bf8de21e,1,2026-08-10 03:24:26,apk ga guna,0,3,negative,,0,False
dca0c94c-a916-419f-a1b2-9be7a2aa5ee5,5,2026-08-10 05:53:18,Verifikasi lama amat padahal jaringan bagus malah gagal² terus mohon ditindak lanjuti,0,12,positive,,0,False
9e273e45-d5bf-4d53-822e-a46682f2cbee,1,2026-08-10 07:03:04,harusnya ada 2 opsi buat nerima OTP,0,7,negative,login_otp_access,1,True
b2f693a5-f998-4fb2-a041-3a2dbb4aefe6,2,2026-08-10 07:51:00,"ribet amat, mau transaksi tunggu lampu ijo dlu, mau nunggu ijo lama banget, mau tf harus simpan nmor rkening dlu gk bsa lgsung transaksi, asli ribet, gk kayak yg lain satset, apa lg beli makanan online harus simpan2 dlu nmor rkening si penjual, males banget sumpah",0,46,negative,indicator_light_stuck,1,True
2447af34-4a2d-4336-b9d4-65a367cef293,1,2026-08-10 08:03:14,"sumpah ini bca lg kenapa siih? sudah 2 hari mau tf tidak bisa karena indikator selalu merah dan koneksi ulang, sudah di refresh berkali"" tetap sama padahal jaringan pun bagus. padahal mau tf penting sampai nunggu 2 hari tapi tetap tidak bisa. tolong segera perbaiki lahh!!",3,46,negative,indicator_light_stuck,1,True
105d22cd-5fb1-4c21-9dc5-6fe00be3666a,2,2026-08-10 08:32:24,"Pas cek saldo,mau setor maupun tarik dana dgn mbca selalu lemot mulu padahal sinyal bagus",0,15,negative,app_performance,1,True
d114d69f-26c5-4388-98ff-7c7881eed33e,1,2026-08-10 08:39:34,"lemot sekali, mau pakai wifi atau data tetap sama saja",0,10,negative,app_performance,1,True
d1c7ba00-0b49-4cd3-a061-ec2526d39947,1,2026-08-10 08:41:50,saya gatau nya ini update baru seperti apa. cuma lumayan membebani saya sebagai UMKM. dulu biaya admin cuma di potong 20k di Jum'at Ketiga. sekarang belum Jum'at Ketiga pun udah ke potong 15k . jadi total nya 1 bulan kadang abis 35k buat biaya admin. tolong di perbaiki ! masa dana saya yang 15k tiba-tiba hilang gitu aja padahal pemotongan biaya admin belum waktunya udah ke potong. bikin rugi aja.,0,70,negative,,0,False
7976c45b-4773-4e85-ae60-e11f1ca44da3,1,2026-08-10 09:06:38,"TOLONG DONG KLO PELAYANAN TUH TOTALITAS NYA, M-BANKING DI HP MATI TOTAL SIM DI HP BARU, BUAT MINDAHIN BUTUH SMS PULSA! UDH MOTONG PULSA DAPET CUMA: KAMI MENDETEKSI PERMINTAAN AKSES BARU BCA MOBILE DARI PERANGKAT ANDA Jika ini bukan aktivitas Anda, segera hubungi Halo BCA 1500888. m-banking kebuka ngk SMS ny SM , rugi waktu finansial aplikasi ini",0,58,negative,customer_service,1,True
90cbf575-7952-4007-a0cf-6455064b3f05,4,2026-08-10 09:30:18,M Banking fiturnya ok. cuma ada 1 yg kurang menurut sy. penangkapan jaringan yg kurang maximal. stiap mau tf Lampu yg tadinya hijo jadi Biru. udah gitu lama. padah sinyal 5G ful. wifi juga Ful. sedangkan di apk keuangan yg lain sy juga punya. dan sangat mudah di segi penangkapan sinyal. mohon diperbarui kinerjanya. dan apk M Banking yg aku pake udah mode pembaruan.,3,64,positive,indicator_light_stuck,1,True
4a4a98e2-1641-44d6-bb40-f4a4e70761cd,5,2026-08-10 09:39:04,Good,0,1,positive,,0,False
96242809-e641-4782-91ca-37af4cb50297,2,2026-08-10 10:00:56,tidak ada perbaikan. lampu hijau sering hilang. sangat mengganggu pekerjaan,0,10,negative,indicator_light_stuck,1,True
92354661-7b1a-48ff-a58e-cb5e91959924,5,2026-08-10 10:09:12,"BCA adalah bank terbaik di indonesia, dan pelayanannya juga sangat terbaik dan juga pegawai yang ramah dan mudah dalam penanganannya",0,20,positive,,0,False
effa49d2-b975-4c18-8953-88a2a84c1075,5,2026-08-10 10:12:56,mantap dan praktis,0,3,positive,,0,False
f4f99f85-55f1-4474-98b6-dc5a1952e08d,1,2026-08-10 10:32:47,parahhh aplikasi mau transfer aja susah,0,6,negative,,0,False
2a22e4a0-3147-4ed7-963a-c7eb9add0b43,1,2026-08-10 11:39:01,"Makin parah, indikator hijaunya lama bnget, bikin greget, ga kaya yg lain ... make it simple dong, programmernya rada2 angot kaya aplikasinya, ribet pke indikator sgala, jdi susah masuk & transaksinya, hrus ngulang2 buka apk nya anjg",0,37,negative,indicator_light_stuck,1,True
80f2afed-1318-4c5b-9de8-b98283bf458b,5,2026-08-10 12:41:25,bagus dan mudah,0,3,positive,,0,False
3fbf53e4-28f3-47c8-a828-bb134e039211,1,2026-08-10 13:17:17,bener bener menguras pulsa padahal cuma mau aktivasi mbanking aja sampe habis pulsa 50000,0,14,negative,,0,False
542b9e83-da16-49ed-833c-fdae1291939c,1,2026-08-10 13:33:56,gimna mau lancar ber transaksi di bank BCA cabang pomad. setiap transaksi teller suka mengobrol dengan nasabah yang ada semakin banyak antrinan nya. mohon di perhatikan kantor pusat bank BCA. .. saya sangat kecewa. dengan teller semakin lama menunggu.,0,39,negative,customer_service,1,True
88fab4e5-4962-4b29-81db-d75fa0c1ffa6,2,2026-08-10 13:58:50,sistem scan qris tidak bisa dibuka,0,6,negative,app_performance,1,True
d87d3f22-f82f-4c9f-bc7a-e4be1f22c9a0,5,2026-08-10 14:08:43,lancar lancar selalu transaksinya tapi ko ga bisa buka QR ya dan ga ada notif ada saldo masuk itu kenapa ya,0,21,positive,app_performance,1,True
57562cf3-4634-460e-bb44-9acc9c920969,1,2026-08-10 14:28:59,"aplikasi sampah malah kepotong pulsa di kartu aku,tapi gak bisa masuk.tolol",0,11,negative,"transaction_failed_balance_deducted,login_otp_access",2,True
a7472c65-062d-4b47-b5f4-cd5955b555a1,1,2026-08-10 14:30:25,"Dengan mengikuti link untuk penggantian nomor hp dan sudah registrasi di mesin ATM akan tapi m-banking saya tidak dapat di gunakan, memakan waktu nasabah yang sedang membutuhkan transaksi di m-banking 👇",0,31,negative,,0,False
91d9217c-24df-4c85-8636-6642ac4bf5e4,2,2026-08-10 15:04:23,"klo bisa perbaikan data kirim otp pake kuota lah , via WA jgn pake SMS , bolak balik gak di kirim otp nya , nyedot pulsa eh tetep gagal hedeh",0,30,negative,login_otp_access,1,True
64c100e2-773f-4588-8e51-a14ce500e628,5,2026-08-10 15:47:35,slama ini pakek aplikasi ini enak bgt,0,7,positive,,0,False
b981fa2e-0b1e-4cc0-a71d-403d054acd8c,5,2026-08-10 15:57:19,sangat berguna bgt buat transaksi,0,5,positive,,0,False
50fc97d5-cd67-4f04-87e6-300ebc1c077e,5,2026-08-10 16:12:12,simple lancar aman 👍,0,4,positive,,0,False
9f077b15-5724-4a93-850f-e0dc64390b47,5,2026-08-10 16:36:48,bagus dan aman,0,3,positive,,0,False
b98ab07a-1860-4531-943f-79026287a693,2,2026-08-10 18:02:39,sekarang lemot banget bca,0,4,negative,app_performance,1,True
5ac06cdb-eb58-4451-8adb-3aaadb9694b7,1,2026-08-10 18:39:14,"sumpah dah ini bca mobile kendala nya pas pindah hp gagal di verivikasi wajah terus, bener² dahh.. muka sendiri gagal mulu berkali kali hadeh..",0,24,negative,face_verification_failure,1,True
0bec389c-5448-4c7d-a1e0-1ca85d85acc4,1,2026-08-10 18:59:06,semenjak bulan kemarin potongan admin bulanan masa perbulan kena dua kali bayar nya.. bulan² kemarin mah cuma 1 kali biaya admin nya..,0,22,negative,,0,False
d192e359-3b18-482b-8f98-64405bff71b8,5,2026-08-10 19:03:18,"aplikasi bank yg gak neko2, gak pake iklan2, gak ribet, mudah digunakan",0,12,positive,,0,False
b32656a0-647f-46ae-8425-79381b1c9f22,4,2026-08-10 19:44:19,"update hari ini 10/08/2026 aplikasi udah enak lmyn lah,sekedar masukan mohon untuk menyimpan daftar rekening kiranya bisa ditambahi nama alias, soale banyak orang nama panggilan gak sesuai dengan nama asli,biar memudahkan kita untuk mencari klo mau tranfer ke sesama rekening.saya kira banyak yg mendukung hal ini",1,46,positive,,0,False
f9952a32-a92d-41b2-a794-0bba246b6dbb,1,2026-08-10 19:50:16,"sekarang kalau saya mau tf, harus bener2 inget nominalnya, saya kesulitan kalau diminimez, nominal yang sudah saya isi hilang gtu aja, dan harus ketik ulang, sangat menyulitkan terutama bnyak angka yg ngga bulat, kalau tidak ada alat bantu untuk tulis atau lainnya. saya harap biar bisa seperti dulu lagi kalau minimez nominal yg di isi ngga ilang.",2,57,negative,,0,False
d9e86fd8-af12-4bbe-afc2-fbbdd8a46aad,4,2026-08-10 20:16:04,saya kasih bintang 4 dulu lah... aplikasi ini lumayan membantu cm klo pas mau pkek qris sering gagal padahal sinyal bagus... trus knp di aplikasi ini kok tidak ada notifikasi pada saat ada dana masuk ke rekening kita. ntah trasnferan dri sesama bank atau bank lain. tlong diperbaiki lgi. bank lain pasti dapt notif kalau ada dana masuk kerekening kita,0,60,positive,transaction_failed_balance_deducted,1,True
737bebf4-a577-4cb0-b576-7179af9bf3c0,1,2026-08-10 21:07:18,"saya kasih bintang 1 kalo bisa minus. Aplikasi sering banget lag, loading lama, harus nunggu indikator hijau segala. Bener bener ngeselin sumpah.",0,22,negative,indicator_light_stuck,1,True
6fa1f867-fe9e-4b00-9e7d-2df8e82785e3,1,2026-08-10 21:45:16,4.8.8 tidak bisa dipakai di android 16,0,7,negative,,0,False
cac4181c-7e99-4e88-8ead-3105c678c351,5,2026-08-10 21:48:55,okeh bagus,0,2,positive,,0,False
f31e4018-a915-4eaf-adb9-97931b06f414,5,2026-08-10 21:59:03,layanan nya masih tetap bagus terimakasih,0,6,positive,,0,False
54bb915a-ec56-40de-8cfa-7108ad350ec9,1,2026-08-10 22:01:37,"terlalu lama menunggu jika ingin TF atau sejedar cek saldo, harus menunggu lampu indikator sangat lama",0,16,negative,indicator_light_stuck,1,True
c4513e10-702e-4bb2-9b56-3cbfe8c487f2,2,2026-08-10 22:08:04,"ini kenapa ya setelah update setiap mau login pasti mental melulu, susah buat login nya ?",0,16,negative,login_otp_access,1,True
e0cd58ed-afd8-4f35-8f04-c8646f62e6e5,5,2026-08-10 22:11:58,mantap,0,1,positive,,0,False
11a7fea3-2771-411b-bc3b-deffd3794b54,1,2026-08-11 00:18:16,"qrs gagal saldo ilang,kebiasan BCA makin sini makin keterlaluan terus terusan aja qris gagal duit di ambil",1,17,negative,transaction_failed_balance_deducted,1,True
18e9f6a9-f65f-4acd-92a5-d4dbc5f5ce1f,4,2026-08-11 06:20:53,👍👍,0,1,positive,,0,False
40f1166c-5855-4b30-8652-6280b150bb97,5,2026-08-11 06:25:07,"simpel dan praktis, tampilan nya juga bagus",0,7,positive,,0,False
100922e8-beb4-4198-8d01-e5dd534beb2b,5,2026-08-11 07:26:50,ok,0,1,positive,,0,False
a4f2f80f-815a-455b-bde0-d376baf73927,1,2026-08-11 08:23:38,"QR bca eror dan lemot ,, loading terus transaksi pembayaran",1,10,negative,app_performance,1,True
290ef01e-d1f9-46ed-bf55-44456d3b6207,3,2026-08-11 08:52:30,"kenapa sekarang kalau hbs transaksi mau transaksi kembali lemot sekali untuk menunggu lampu hijau kembali, kadang harus loqout dulu.",0,19,neutral,"indicator_light_stuck,app_performance",2,True
95b7cd3c-b725-4258-b1b0-e737db635237,1,2026-08-11 10:26:41,"untuk transaksi harus lampu hijau sangat tidak efisien,, sangat menggangu sekali, tolong dihapus saja indikator lampunya supaya transaksi lancar",1,19,negative,indicator_light_stuck,1,True
22e3044b-1384-455f-bdf9-999d5449582f,5,2026-08-11 10:32:55,Bca sangat aman dan nyaman untuk menabung dan menyimpan uang harian atau bulanan,1,13,positive,,0,False
ecf9d3a7-06bd-4e23-bc56-58bfa1d2e3d2,2,2026-08-11 10:35:50,hari ini aplikasi eror pha ini indikator kokmerah aja dari tadi,2,11,negative,"indicator_light_stuck,app_performance",2,True
4ee448bc-43f4-44d0-abc8-30f56a2f59f7,5,2026-08-11 11:05:31,kepada pihak BCA mohon kerjasamanya untuk sinyal dan transaksi agar tidak lemot karna saya selalu menggunakan transaksi BCA Mobile setiap hari untuk usaha saya mohon kerjasamanya agar mudah Terimakasih 🙏🏻,0,30,positive,app_performance,1,True
56d9e659-38c4-4efe-b14f-09abe74514a5,1,2026-08-11 11:25:33,sekarang sering error buat transaksi,1,5,negative,app_performance,1,True
eba59352-08ef-470a-a4f3-7ab25b74f672,1,2026-08-11 11:39:24,ini aplikasi lama lama gak jelas.instal ulang sampai pulsanya abis.gak bisa di lanjutin.GAK JELASSSSSSS.,1,14,negative,app_performance,1,True
372be504-a42f-4d53-aa7d-9a9e0c12983a,1,2026-08-11 12:00:20,bisa login BCA mobile tapi untuk verifikasi wajah langsung force close kembali ke menu awal padahal aplikasi lain kalau verifikasi wajah aman aja kenapa ya ? ini bug atau hp saya padahal hp saya ram 8,0,36,negative,"face_verification_failure,app_performance",2,True
99b6993c-e5d6-46f1-8670-0ab068087019,1,2026-08-11 12:28:52,Daftar M-banking telepon halo BCA pulsa kesedot 20rb tanpa solusi 😡#BUSUK,0,11,negative,customer_service,1,True
83b6f0b5-89d0-4b0d-b080-018ddf03277c,5,2026-08-11 13:53:12,"makin kesini makin susah di gunakan, setiap pindah apk lain misal wa yrus pas masuk bca lagi gak bisa transaksi lagi walaupun cuma buat cek saldo, tetep harus log in lagi jadi bikin repot kalo mau tf ke beberapa tekeining",0,40,positive,,0,False
61883f76-e8a0-4a8f-ad61-e372302f5e15,5,2026-08-11 14:01:06,mudah dan nyaman buat transaksi pembayaran nya kak,0,8,positive,,0,False
91466761-80bf-4304-8dbd-0c2016274e46,5,2026-08-11 14:43:24,"gini amat BCA, potongan gak jelas",0,6,positive,unexplained_deduction,1,True
28111885-11f5-40eb-baa1-eefca0b2ade4,3,2026-08-11 15:44:36,mantap dan bagus cepat,0,4,neutral,,0,False
a12ecb5a-f9f3-4eb4-890e-69809c9d382e,1,2026-08-11 15:45:14,ASU,0,1,negative,,0,False
6d4fdc83-bc83-4626-b22a-08dfb2eb6d56,1,2026-08-11 15:45:31,"makin kesini makin ribet, udh aktifasi mbanking tp ga bisa di pakai transaksi, harus ke cabang buat aktifasi dokumen Kya buat rekening baru, dulu BCA simpel sekarang ribet bgt,",0,29,negative,customer_service,1,True
b7bd15cb-d0c8-4795-9617-8e119b34114f,5,2026-08-11 16:23:55,terpercaya dari zaman ke zaman,0,5,positive,,0,False
5cbbbba8-2390-4922-9aa3-0bda5bb667ab,5,2026-08-11 17:41:16,bagus,0,1,positive,,0,False
72d165be-73ff-4bbf-a6dd-7e2097f5b6c4,3,2026-08-11 17:50:47,sangat tidak nyaman transaksi Nunggu sinyal hijau kalau pas didaerah susah sinyal sama sekali tidak bisa bertransaksi....sebaiknya diperbaiki lagi sekelas BCA masak kalah sama sebelah,0,25,neutral,indicator_light_stuck,1,True
d1b3bf15-9f0b-4e7e-861c-db0383203d49,1,2026-08-11 18:25:40,"udah 2x ke blokir akun gatau karna apa, sedangkan pekerjaan saya kurir jnt, semua uang setoran ada disana tiap ke cabang dibenerin selalu ga disuruh ke cabang pembukaan akun sedangkan cabang nya jauhh",0,33,negative,customer_service,1,True
aa65b959-18e5-4180-9711-c28067aed159,1,2026-08-11 18:35:28,ribet bener tlp 2x cuma gara2 keblokir ..tdk selesai2 jga masalahnya,0,11,negative,,0,False
942d69e0-c730-4cdc-b860-86e148ab0022,4,2026-08-11 18:37:51,"tolong perbaiki lagi kemampuan transaksi dalam merespon jaringan, masak setiap kali transaksi sinyal selalu biru, sedangkan di waktu bersamaan mobile bangking lain aman2 saja",0,24,positive,indicator_light_stuck,1,True
e613871e-fc6d-4af7-870e-250d35f683fd,5,2026-08-11 18:58:35,sangat membantu,0,2,positive,,0,False
dfa7956d-0e2f-4990-abb9-30d9d859bdbe,1,2026-08-11 19:41:20,"Aplikasi yg sangat lemot .,",0,5,negative,app_performance,1,True
1493dc41-4696-4b1f-831e-89543f89a344,4,2026-08-11 21:06:26,puas,0,1,positive,,0,False
f0861003-415b-4484-ad07-67627363a5e7,4,2026-08-11 21:24:24,sangat bermanfaat sekali,0,3,positive,,0,False
116caa37-851d-4030-b25e-8569a9b1a90b,1,2026-08-11 21:35:53,makin ke sini makin lemot aja ini apk jaringan bagus device juga mendukung masa forclose terus ga bisa masuk,0,19,negative,"login_otp_access,app_performance",2,True
fd7a8b94-0037-46fe-b897-e5835cddf7fc,2,2026-08-11 22:40:40,sistem qris bermasalah,0,3,negative,,0,False
e91846fb-4778-4c27-b8db-f1992fa7a4b2,5,2026-08-12 00:17:25,sangat oke,0,2,positive,,0,False
f986519f-2050-4ce6-b600-5ee3c5800189,5,2026-08-12 00:23:28,bagus,0,1,positive,,0,False
366cc2c7-6708-4c53-a857-8093585f7ee7,5,2026-08-12 00:23:45,good,0,1,positive,,0,False
8e6e65dc-3399-40e0-bc7d-0cfc9cd75d7d,5,2026-08-12 00:33:44,Bagus,0,1,positive,,0,False
9ce34c24-98ec-4788-93ff-da2cf8c37aed,5,2026-08-12 00:35:55,maksud nya gimna ini ko ga bisa di update d HP saya. saldo saya gima,0,15,positive,device_compatibility,1,True
9a0930f8-2908-4006-9d62-3943c9a0caf3,5,2026-08-12 00:37:07,sangat puas,0,2,positive,,0,False
68485f7c-0843-454f-b1aa-f3f59c66b8bf,5,2026-08-12 00:37:50,baik,0,1,positive,,0,False
8b0b1eb4-f44b-46c4-847b-4de6c18b0921,5,2026-08-12 00:48:56,mohon petunjuk aplikasi BCA mobile sy tdk bisa di download ulang,0,11,positive,,0,False
6511aca6-e11a-4e2b-a3f7-f604ba193a1c,5,2026-08-12 00:53:02,bca memang mantap,0,3,positive,,0,False
ca1fcdc9-7d7f-433a-bfc6-8e657174d11c,5,2026-08-12 00:58:29,😍😍😍,0,1,positive,,0,False
afd6e901-704e-40ea-a486-9a8648623702,2,2026-08-12 00:59:44,"sebenernya aplikasi ini bagus, hanya saja riwayat penggunaan teransaksi dgn qris tdk bisa di hapus, sehingga membebani memori",0,18,negative,,0,False
01216fff-cdd2-4634-93f3-17f4c79a2f17,2,2026-08-12 01:11:55,"ini kenapa ya,saya mau log in gak bisa bisa,laporannya disuruh update aplikasi via google play,giliran mau diupdate ternyata cuma ada pilihan uninstal & buka,trus catatan dibawahnya begini (aplikasi ini tidak kompatibel lagi dengan perangkat anda.Harap hubungi developer untuk info lebih lanjut). sampai ulasan ini kubuat,saya masih belum bisa pakai menu di aplikasi bca mobile,karna otomatis keluar untuk klik ok update aplikasinya.",0,61,negative,device_compatibility,1,True
0c03155d-9f34-417b-bc8c-31e0e3836b48,5,2026-08-12 01:18:40,sagat memuaskan dan cepat tdak lemot,0,6,positive,app_performance,1,True
42caf8d8-07ab-493a-977b-903b85db69f1,4,2026-08-12 01:20:29,"masa klo belom di update gak bisa di gunain, gak kaya yang blu walaupun blom di update tapi masih bisa di gunain",0,22,positive,device_compatibility,1,True
64b72d89-3608-4651-8bbb-3de64f0d1ca3,1,2026-08-12 01:25:40,akhir2 ini jaringan tidak stabil lemot trf yg pertama gagal tapi sado saya berkurang udh komplen katanya memang 2x tapi di bukti trnsaksi hanya satu kali bca td k bertanggung jwab mengembalikan uang saya.,0,34,negative,app_performance,1,True
8456659a-bd94-424c-b038-3728a7748e77,5,2026-08-12 01:31:25,Memberikan akses untuk mempercepat transaksi,0,5,positive,,0,False
988c4d22-9e7b-4f10-a570-459963419ffb,5,2026-08-12 01:34:11,layanan yang berguna bgt jg membantu dg mudah tiap transaksi,0,10,positive,,0,False
2010eeb2-a30a-491a-965f-1f654749e662,5,2026-08-12 01:34:16,knpha jadi keluar bca saya,0,5,positive,,0,False
aa49154e-c0e7-4f90-b2f7-a677bf414cd6,5,2026-08-12 01:37:00,mantab sekali,0,2,positive,,0,False
d873a8c9-5a95-4581-9fef-4aec595c092d,1,2026-08-12 01:39:23,"Ada apa dgn BCA mobile? Udh d install ulang ttp gk bisa, ganggu aktivitas , makin lama makin jelek, liat aja rating!! auto un install",0,25,negative,,0,False
bab1c210-bca4-431e-9a83-ac4369de7a20,3,2026-08-12 01:41:02,kok ga bisa update ya,0,5,neutral,device_compatibility,1,True
601d815b-6886-4464-a0ba-9586694950ba,5,2026-08-12 01:52:18,Sangat Baik,0,2,positive,,0,False
3ea447ff-827a-4fc4-ba84-e064e0211909,5,2026-08-12 02:05:21,Aplikasi mudah sekali digunakan nya saya sangat terbantu..terima kasih,0,9,positive,,0,False
0ada943f-c405-43c3-b3af-f11f64144df8,3,2026-08-12 02:09:57,"kalau udah bagus jgn di update2, bikin repot aja",0,9,neutral,,0,False
ca77c1dd-a976-4fd0-b40b-29ac7ade46eb,3,2026-08-12 02:14:57,Tidak bisa update mbanking,0,4,neutral,device_compatibility,1,True
51bca512-038c-49ea-8544-f2b21e72fd1f,5,2026-08-12 02:19:58,sangat membatu dalam melakukan aktivasi,0,5,positive,,0,False
ec2b8930-39a8-4501-ba91-5555ecda717e,1,2026-08-12 02:20:34,saya mengalami aplikasi tidak kompetibel di perangkat hp saya dan skrang tidak bisa di buka,0,15,negative,"app_performance,device_compatibility",2,True
7b6a5543-151a-4351-94c8-005c6b97176a,5,2026-08-12 02:28:41,ok mantap aplikasinya. menbantu di semua ke butuhan,0,8,positive,,0,False
932c535d-a917-444e-9b55-c86ec3268278,1,2026-08-12 02:28:58,"mau transaksi pakai bca mobile, merah terus jaringan nya",0,9,negative,,0,False
94ba54b0-0258-407c-9340-3238dc4b0834,5,2026-08-12 02:46:14,"trima kasih bca sngat membantu,sangat membantu sy dlm berbisnis dan mengatur keuangan setiap hari ny",0,15,positive,,0,False
77235da3-915f-43b9-bee3-e93c82e930f6,5,2026-08-12 03:00:19,Bagus,0,1,positive,,0,False
cba452fe-3743-4639-abb7-883185a68eaf,5,2026-08-12 03:30:58,Bagus,0,1,positive,,0,False
ffcfa193-4ced-4529-878f-98c277f26626,5,2026-08-12 04:20:42,ok,0,1,positive,,0,False
47a12781-c57b-44d5-8aae-4799b2af9452,5,2026-08-12 04:27:19,"Tolong ,gangguan mulu mau transaksi nih",0,6,positive,app_performance,1,True
2d6e2623-001c-43bf-8430-3511ae8ebbf8,5,2026-08-12 04:31:57,Bca mobile saya tidaak bisa di gunakan,0,7,positive,,0,False
08aabe5c-d9e1-444e-82d9-10fbf65dbd86,5,2026-08-12 04:47:28,knp m-banking sering eror ya,0,5,positive,app_performance,1,True
0e821f66-08ac-4d92-ba6d-a7785b607f1a,5,2026-08-12 04:48:05,goood,0,1,positive,,0,False
edd72671-89a2-4e54-af9f-1deea69785b6,5,2026-08-12 04:50:55,"aman,nyaman",0,1,positive,,0,False
48bbd582-797d-4909-8b8a-296b8e0e5e3e,2,2026-08-12 04:52:00,Aplikasi mau di update kenapa sudah tidak tersedia di play store ?? Bingung klo mau transaksi,0,16,negative,,0,False
b3508caa-d1b8-4bf6-831e-f231f7a83075,1,2026-08-12 04:58:36,"Sekarang sudah tidak support untuk os7,..sangat disayangkan padahal saya pengguna lama, apalah daya saya cuma mampu pakai hp degan os jadul😟",0,21,negative,device_compatibility,1,True
255b28c0-20ad-4afa-b484-e552d4b01fad,5,2026-08-12 05:05:10,Mantaaap,0,1,positive,,0,False
acb2483b-7bd1-40b8-909d-8b6ff370165f,5,2026-08-12 05:05:40,sangat membantu,0,2,positive,,0,False
d81fbbe5-bd2f-4e16-bb36-22103d679a41,5,2026-08-12 05:13:26,bagus,0,1,positive,,0,False
814d2854-f855-48df-a9dc-c90ca4dae3ac,5,2026-08-12 05:15:54,gampang di pahami,0,3,positive,,0,False
7c18a759-9159-4fa0-a4d0-64e658404d4e,5,2026-08-12 05:17:52,Bagus app nfaklo pasti donlkod ga bida di buka,0,9,positive,,0,False
974e0666-b3b5-4c20-b528-7ede837075f1,5,2026-08-12 05:24:08,bca sgt baik dan saya nyaman mengunakannya,0,7,positive,,0,False
5e1709e2-b63e-48a7-a418-363a9165cca2,5,2026-08-12 05:29:43,terima kasih atas pelayanannya baik sekali,0,6,positive,,0,False
9b3cdf39-d066-4f37-ac09-f6cf4d6d1890,5,2026-08-12 05:34:02,ok,0,1,positive,,0,False
c8ce6add-9479-4028-b3b1-89a04af1a769,1,2026-08-12 05:36:59,"lemot leket lama gagal terus , sblom masukin pin simbol nya warna hijau, pas masukan pin dan ok malah brubah jd biru dan gagal jelek bener aplikasi, pindah aja ke myBCA, sangat cepat dan ga lemot",0,36,negative,app_performance,1,True
0d95a4a4-cce4-4e18-9ffd-0fae0b464068,5,2026-08-12 05:37:40,Cepat san tepat,0,3,positive,,0,False
7b31b434-1989-49f0-bc51-6977493963ae,2,2026-08-12 05:43:16,BCA mobile kenapa sudah tidak kompatibel di perangkat saya?,0,9,negative,device_compatibility,1,True
5086eb7c-c62b-46f5-a30b-33781295a101,5,2026-08-12 05:50:13,Top,0,1,positive,,0,False
fdde7f6b-c799-488b-8f31-6ac1c3d8d272,3,2026-08-12 05:51:41,"Maaf Mas developer tolong ini gimana tiba"" mendadak apk ini tidak kompatibel, mana kartu nya hilang lagi mau ngurusinnya gimana pdhal sebelumnya aman"" saja. Mana ada saldo nya lagi perlu",0,30,neutral,device_compatibility,1,True
d3f55fbe-9ab6-45a7-9b03-2bc1e58fd12e,5,2026-08-12 05:56:30,Sangat membantu,0,2,positive,,0,False
068a2ae2-6d77-4818-82d0-7b368d21c612,5,2026-08-12 05:58:16,aman,0,1,positive,,0,False
c02d9643-bc25-461d-b77f-9cc5ee0ab029,5,2026-08-12 05:58:47,Layanan yg bagus dan memudah kan semua pengguana nya,0,9,positive,,0,False
5815937f-d825-4ece-8bdd-6576f44bb991,5,2026-08-12 06:06:16,sangat membantu,0,2,positive,,0,False
dc0a6f15-6e9b-4279-a9f8-57bb588c63c0,1,2026-08-12 06:11:11,aplikasi gk bisa diakses.. karna hp versi lama.. masa iya harus ganti hp.. payahh banget.. tolong utk lebih diperhatiin lagi..,0,20,negative,login_otp_access,1,True
ebf79c51-6c14-4f98-b80c-32f3c229a56c,5,2026-08-12 06:13:54,BCA the best 💖💖💖💖,0,4,positive,,0,False
420d2cf8-7914-435b-aeab-aaa3ffc31ffc,5,2026-08-12 06:16:41,nyaman tentang penggunaan nya,0,4,positive,,0,False
672ad6ec-db49-47d9-bab4-76b71082327b,1,2026-08-12 06:17:15,"Maksa suruh update, fitur gitu2.aja",0,5,negative,,0,False
3b864b36-5fa9-4a1d-91fc-303d9493a5e7,5,2026-08-12 06:21:35,mudah untuk transaksi. aman nyaman,0,5,positive,,0,False
81d20911-00f9-4ab9-9a56-5b914c726db6,2,2026-08-12 06:22:05,"saya tidak bisa membuka aplikasi karena harus update pas mau di-update di play store tidak bisa karena mungkin android sudah ketinggalan, terus solusinya gimana ?",0,25,negative,device_compatibility,1,True
1bdbc596-821e-48f6-a5df-16b17acc0853,5,2026-08-12 06:33:38,Bagus,0,1,positive,,0,False
eb40bb70-619d-44db-a258-79ac8ad1dd0b,5,2026-08-12 06:35:04,sangat memudahkan dalam bertransaksi..,0,4,positive,,0,False
e143343c-8a56-41f5-87f3-a828bece0483,1,2026-08-12 06:47:10,minta update.. setelah di update gak bisa masuk.. kenap...???,0,9,negative,"login_otp_access,device_compatibility",2,True
56bda091-9bdf-488a-86e9-ffc20c1c726b,5,2026-08-12 06:52:15,Sangat bagus,0,2,positive,,0,False
141b3f23-aa9f-4d1d-91dc-43f0345e222a,5,2026-08-12 06:52:17,Terbaik,0,1,positive,,0,False
4fe34623-b1a4-4407-8d8c-a680d1e04e51,5,2026-08-12 06:53:23,👍,0,1,positive,,0,False
e2474d83-a927-424c-a73f-a6104b319651,5,2026-08-12 06:56:38,Pelayanannya lebih di tingkatkan lagi,0,5,positive,,0,False
aa61acfd-34a9-4677-94d7-002368839e0e,5,2026-08-12 07:00:19,sangat memudahkan untuk bertransaksi,0,4,positive,,0,False
f4204686-21a4-443a-83cb-406f31f3793c,5,2026-08-12 07:02:12,baik,0,1,positive,,0,False
de22106c-1618-418e-b986-e103596b1134,4,2026-08-12 07:03:10,bermamfaat skali,0,2,positive,,0,False
ab43c3c3-cfe6-4414-97fc-fa28cfcd71a5,5,2026-08-12 07:09:55,"saya udah instal ,,,, tp gak bisa d pake karna hp gak kompatible ,,,, ada solusi selain ganti hp karna kemarin² bisa",0,22,positive,device_compatibility,1,True
fd83a89f-0178-49cf-9d5a-230d99c272dd,1,2026-08-12 07:19:08,BCA Mobile tidak bisa di update,0,6,negative,device_compatibility,1,True
0648ca38-921a-42be-92bd-3a7c038a6d36,1,2026-08-12 07:19:59,hadehhh,0,1,negative,,0,False
9cf02a4f-dda0-4626-b1d2-9747af7f4323,5,2026-08-12 07:21:05,good,0,1,positive,,0,False
330cfc58-09a1-4411-a253-488284d3e31a,5,2026-08-12 07:21:10,sangat membantu,0,2,positive,,0,False
484e4092-4420-4168-b0c4-0c6e20d9c648,5,2026-08-12 07:21:25,Hp yg kentang ga bisa update versi terbaru,0,8,positive,device_compatibility,1,True
ae1a7f37-5e37-46b4-8ad8-fe8ac3df07fd,5,2026-08-12 07:23:36,lebih muda dalam bertrasaksi,0,4,positive,,0,False
b17b514b-d7f5-4166-86c6-3238482389ab,5,2026-08-12 07:28:38,good,0,1,positive,,0,False
e05aead7-17bc-4150-8340-284bd0c5b1c5,5,2026-08-12 07:33:15,mudah dan nyaman,0,3,positive,,0,False
fcc238f4-b983-43bb-9700-dbd5123241be,1,2026-08-12 07:33:59,update versi tambah eror. minta verifikasi ulang berkali-kali. mohon di perbaiki lagi,0,12,negative,app_performance,1,True
0da6bfbf-c7fb-480f-9b6f-6d2a4a6763c4,5,2026-08-12 07:34:06,The best BCa bagi saya.. pelayanan yg paling ramah dan memudahkan custamer.,0,12,positive,,0,False
347d54d7-7936-49f3-8cc9-73df5a28cd70,2,2026-08-12 07:34:38,Aplikasi ini tidak kompatibel lagi diperangkat anda maksd y gmn yaa..tp update gak bsa pilihan y cm unistal sm buka..dbuka bgni lg..,0,22,negative,device_compatibility,1,True
5c21a690-3ef7-456a-9156-2949f85ce1f8,5,2026-08-12 07:35:48,mantap,0,1,positive,,0,False
02e76ecb-6e07-468b-b06c-1881ef344214,5,2026-08-12 07:35:58,baik dan bagus,0,3,positive,,0,False
2a604cae-a46f-445c-a634-3c354d872534,1,2026-08-12 07:38:18,parah kenapa gk bisa transaksi,0,5,negative,,0,False
7225e973-ee53-4ced-bff0-23cff85cf77f,5,2026-08-12 07:44:48,Bagus,0,1,positive,,0,False
327d7fab-4596-493a-9e57-b42997321bce,5,2026-08-12 07:46:04,"Mudah ,praktis sangat membantu nasabah",0,5,positive,,0,False
4cd9a32f-22a9-4b51-9a09-8418a6601b67,5,2026-08-12 07:46:55,mantapzzz BCA mobile,0,3,positive,,0,False
aa4ce3f5-c031-45b5-9019-f0c4b4c3af0a,5,2026-08-12 07:52:03,bagus,0,1,positive,,0,False
dc3c4385-0247-4338-9d32-83e008b7b98d,5,2026-08-12 07:52:04,keren bgt dan sangat mudah sekali,0,6,positive,,0,False
cef2450f-92a1-4c43-9121-84847587cf46,5,2026-08-12 07:52:44,Baik,0,1,positive,,0,False
8decfff7-48e7-4e00-b40f-48050ca414b8,5,2026-08-12 07:56:50,sangat baik,0,2,positive,,0,False
3c6bc0a3-3aab-4864-b9f2-2ae3e7f099f0,1,2026-08-12 07:57:47,"minta di Update tapi apk nya tidak kompatibel sama hp anda, hadehhhh",0,12,negative,device_compatibility,1,True
9244fde4-a5b0-43e5-84fb-ac0a9433cb33,1,2026-08-12 07:57:58,perangkat sdh gak mendukung sih,0,5,negative,,0,False
018a4564-f7f8-4ae8-8bce-d142f71fbcf6,4,2026-08-12 07:58:36,"Knpa masih pend si, isi pulsa 2x transaksi blm masuk masuk, pending dari smlm sampe skrng blm slesai slesai",0,19,positive,,0,False
851b74b7-bc51-419b-b48c-3501ac801927,1,2026-08-12 08:00:46,hanya bisa utk hp bagus. hp yg versinya lama tdk compatible. nunggu beli hp baru dl kalau mau pakai m bangkkng,0,21,negative,,0,False
1fa8cd42-12b1-4ecd-9892-d2e65571db15,5,2026-08-12 08:07:56,semua dipermudah dgn m banking,0,5,positive,,0,False
5eb74a9a-02e0-40fd-bbac-548cab5d1110,5,2026-08-12 08:10:03,sabgat membantu,0,2,positive,,0,False
46e22234-7abe-409a-848a-cd3fab75297a,5,2026-08-12 08:12:24,Ok sangat bagus,0,3,positive,,0,False
4de436b0-0692-4614-8163-7cf8fceabda7,5,2026-08-12 08:12:44,sangat membantu dn mudah bertransaksi,0,5,positive,,0,False
071d6e8a-4646-4783-85e7-364514c10205,3,2026-08-12 08:13:37,Lumayan sangat membantu,0,3,neutral,,0,False
48663403-55d7-41ef-8190-bb56e4e0574f,5,2026-08-12 08:17:45,Ok baik,0,2,positive,,0,False
f496ca7b-1467-472a-b3c3-a4b0429b955a,5,2026-08-12 08:19:14,puas,0,1,positive,,0,False
62881a94-4e3b-40a8-89e9-f66d52346644,5,2026-08-12 08:27:36,"Setelah transfer ko ga bisa d hapus ya,,ga ad edit d inboxnya jg, jd susah menghapus",0,16,positive,,0,False
d2eb7ecf-0b8c-44c6-9802-92be8575811f,5,2026-08-12 08:28:48,Harapan kami tetap yg terbaik,0,5,positive,,0,False
6be8bdeb-dd9a-4f6c-bcdc-53016bb92ccb,5,2026-08-12 08:30:35,Ok banget dan mudah d pahami,0,6,positive,,0,False
fc7ff27e-05ef-4567-8621-533d13bd4408,3,2026-08-12 08:31:12,solusi untuk HP ga bisa peebaharui versi baru 😢 BCA Mobail ga bisa di buka untuk transaksi,0,17,neutral,app_performance,1,True
2ba69c0a-83ff-46c4-ab37-2d1a63001815,5,2026-08-12 08:32:40,Sangat bagus memudahkan bertransaksi,0,4,positive,,0,False
109f2102-b6a9-4099-a8c5-33cc0090f328,2,2026-08-12 08:37:59,semenjak ada pembaharuan jadi lemot pakai BCA mobile. mending ke fitur lama cepat dan efisien. kecewa saya. Usul mending buat BCA mobile lite agar memudahkan pengguna,0,26,negative,app_performance,1,True
86e99d59-4951-413a-96ea-ab144503a928,5,2026-08-12 08:38:05,👍,0,1,positive,,0,False
be7b35bb-ef1e-48b9-99d8-b00debb5dd46,1,2026-08-12 08:38:44,Knpa gk bisa di buka ini,0,6,negative,app_performance,1,True
6d0e7bec-7a90-4c55-8dc3-75834527dd09,5,2026-08-12 08:45:12,good joob,0,2,positive,,0,False
c8fa104e-3057-466f-a2d8-fda21ef2e6b3,1,2026-08-12 08:45:56,"hp saya jadul, update aplikasi memaksa saya utk mengganti hp. dengan alasan aplikasi sudah tidak kompatible dengan perangkat anda.",0,19,negative,device_compatibility,1,True
661bbd9b-12e0-4724-8162-13f8b949d4c4,5,2026-08-12 08:46:16,mantap,0,1,positive,,0,False
404582f6-1bf7-4cb0-8b53-aed67bbcf794,3,2026-08-12 08:49:40,Kemaren sy pake aplikasi ini di hp bisa.. Skrg kenapa gak bisa. Tertulis aplikasi ini sudah tidak kompatibel di hp anda.. Kemaren kemaren bisa,0,24,neutral,device_compatibility,1,True
e076b6fc-7946-43cb-8e58-28b606080ecb,1,2026-08-12 08:49:43,"kebanyakan update terus pas di update cuma muter"" doang",0,9,negative,,0,False
60270dc6-c791-488b-81b4-44c5195bb810,1,2026-08-12 08:51:46,udah ngak bisa di pake buat hp lama,0,8,negative,,0,False
cdf07ce4-3636-4521-9880-187193777ae0,1,2026-08-12 08:54:57,ngga bisa d perbaharui . mungkin hp.a khusus kali ya,0,10,negative,,0,False
ce745530-a2a0-4537-8a5d-b2eed6f309a7,2,2026-08-12 08:55:58,Wadowwwwwww kok minta update lagi...update kemarin baru aq pakai 1x ..ini mau pakai lagi kok malah minta update 😇😇... jangan sering minta update....tlong utk qris dipermudah...sering lemot,0,27,negative,app_performance,1,True
1ebe04c9-9703-4c6b-8136-8512c38e1cfe,5,2026-08-12 08:56:31,sangat puas mengunakan BCA ini,0,5,positive,,0,False
0e1dcc9a-9612-470c-9ff7-f3d5cf3d4b90,1,2026-08-12 08:56:36,Gk bisa di gunakan update karna kontibel,0,7,negative,,0,False
2f029133-c0c5-4411-8adc-61c9e2506c33,2,2026-08-12 08:58:53,utk hp lama udah gak bisa lagi utk update.. solusinya gimana? masak harus beli hp baru.. kasih pencerahannya,0,18,negative,,0,False
c29c3b29-d0f7-47b5-8dd4-fbfe8725be76,4,2026-08-12 09:03:27,setelah di update perasaan sama aja dah fiturnya...,0,8,positive,,0,False
e9d85ec5-dbfb-4c32-894b-94f0da8bce3b,3,2026-08-12 09:04:12,"ini aplikasi bca mobil lagi knapa, kok ga bisa di upgret pun ga bisa, jdi susah buat transaksinya tolong infonya",0,20,neutral,,0,False
799b88be-ff03-4ee6-8489-ef84c689669e,5,2026-08-12 09:07:32,sangat baik,0,2,positive,,0,False
0e430c5a-b776-4a38-a919-915d0b16c628,1,2026-08-12 09:12:34,ini kenapa ya setelah di update setiap mau login tiba tiba keluar sendiri.,0,13,negative,app_performance,1,True
2ceefcc1-4ee6-4e0b-ad95-19f63320f1dd,5,2026-08-12 09:13:15,Oke,0,1,positive,,0,False
5ec622c7-59a4-4965-9f22-5890e1d37ee0,5,2026-08-12 09:15:58,ok,0,1,positive,,0,False
ff96964f-0307-4c1e-9330-6437ce47ad36,5,2026-08-12 09:16:14,"Aplikasi ini Bermanfaat Untuk Nasabah, Kenapa Sekarang Kompatibel.",0,8,positive,device_compatibility,1,True
837470b1-8ed7-4592-8663-9d004750f02f,5,2026-08-12 09:18:24,Baikbaik,0,1,positive,,0,False
8c02c72e-f95a-4e4f-8039-faf7ef68f21c,5,2026-08-12 09:18:53,bca semakin maju,0,3,positive,,0,False
d93538bc-5d49-4645-8d93-63c5d421e6b3,2,2026-08-12 09:19:25,BCA is the best HP saya yang lemot terima kasih.,0,10,negative,app_performance,1,True
0160c200-5220-4735-9ab3-304ea5dc3b7f,5,2026-08-12 09:19:28,kenapa tidak bisa digunakan. Aplikasi ini tidak kompatibel lagi dengan perangkat anda.Harap hubungi developer Untuk info lebih lanjut.,0,18,positive,device_compatibility,1,True
894a303a-06c3-4c84-a3a7-d3e5a2638299,5,2026-08-12 09:24:45,Bagus,0,1,positive,,0,False
c05e29a8-43e3-46e1-9ffc-b4e3e930cffa,5,2026-08-12 09:31:35,Lebih praktis dan mudah dalam bertransaksi,0,6,positive,,0,False
64b4331e-33b6-4327-a981-a33bde8fedd6,5,2026-08-12 09:32:07,ok sip,0,2,positive,,0,False
bd62caad-e523-4c36-87a4-60f390cf4ba6,5,2026-08-12 09:36:05,pokoke bagus,0,2,positive,,0,False
7a6132ba-ea35-4e27-84d4-37b638fe11fd,5,2026-08-12 09:36:56,trimakasih,0,1,positive,,0,False
150c9907-c8e1-49bd-97db-a16ea436108b,5,2026-08-12 09:38:56,Layanan bagus,0,2,positive,,0,False
7826636a-0e8d-4dad-bdcd-ee5e6352cf10,5,2026-08-12 09:43:28,enjoi aja,0,2,positive,,0,False
6735928d-4104-44b8-b0b7-f6d9770ce0da,5,2026-08-12 09:45:28,sangat membantu nasabah,0,3,positive,,0,False
13f3924b-ac37-4a99-9ccf-64c20ba2abc5,4,2026-08-12 09:49:34,perangkat sy ada notifikasi tdk kompatibel apakah sekarang naik versi di update tdk bisa,0,14,positive,device_compatibility,1,True
7c7fcbca-03c3-4e08-b86f-86b4b4bbb317,5,2026-08-12 09:54:09,terbaik,0,1,positive,,0,False
d4847d86-b195-45ba-81cb-84984add4dd0,5,2026-08-12 09:54:52,Ok,0,1,positive,,0,False
7486e848-e6de-495c-956b-35652fc250b3,1,2026-08-12 09:55:48,"Kenapa aplikasi ini tdk berfungsi lagi, trus bgmn sy harus bertransaksi lg ?",0,13,negative,,0,False
e1d4b327-161d-402d-b937-7643b85fef8a,4,2026-08-12 09:58:47,Tidak bisa dibuka lagi,0,4,positive,app_performance,1,True
0763ce2d-40fb-4fb7-ba5f-9392876071ad,5,2026-08-12 10:00:51,Bagus,0,1,positive,,0,False
26383443-a05c-4dd8-b3cb-5da61b7697e0,5,2026-08-12 10:01:45,Bagus,0,1,positive,,0,False
defd6e7f-78e0-46b9-922c-e1747bdd76c6,5,2026-08-12 10:07:30,ok,0,1,positive,,0,False
adf0a1d9-2626-43c0-b357-66cd6ed4f80e,5,2026-08-12 10:10:54,bagus banget,0,2,positive,,0,False
c41bb738-a7d8-4e00-8703-586beef0626e,4,2026-08-12 10:12:01,terimakasih. cuma mau lihat data paling lama cuma sebulan. coba bisa setahun kan enak. xixixi,0,15,positive,,0,False
f024d53d-07c8-464a-aa2e-90008cc44a90,1,2026-08-12 10:13:28,saya heran ini bca kenapa yah tiba tiba gk masuk terus udah satu hari,0,14,negative,,0,False
ebf7a6d6-dbac-4e9d-9629-19b9e2dae131,5,2026-08-12 10:14:58,mantap,0,1,positive,,0,False
c7ab06fb-959a-4654-aa00-b11ff6d145e0,5,2026-08-12 10:15:17,Kenapa gk bisa update bosque,0,5,positive,,0,False
ea6cf965-2a44-4ff6-8bfa-734537e0b613,4,2026-08-12 10:17:38,"Kenapa Aplikasi BCA Mobil harus minta diperbaharui dalam 10 hari, terakhir tgl 4 Agustus,sekarang harus diperbaharui,kenapa ya?.Terimakasih",0,17,positive,,0,False
290547e9-c2c1-44d1-8a1a-afc0fccf55cf,5,2026-08-12 10:17:45,Awesome,0,1,positive,,0,False
acc9c066-24f9-4533-b268-62f19668bcab,2,2026-08-12 10:21:57,lebih ribet dari yang dibayangkan males buka rekening online,0,9,negative,,0,False
27bfa9cd-f7d3-4ab8-9d7d-c5e34cbf04b0,5,2026-08-12 10:24:28,trimakasih sdh memberikan yg terbaik,0,5,positive,,0,False
14898881-cb4c-49da-bb49-7568510025aa,3,2026-08-12 10:25:22,kok katanya gak kopatible dan gk support diperangkat anda,0,9,neutral,,0,False
40972452-3b15-485c-b521-9e7dfbc0233a,5,2026-08-12 10:28:49,Bca okeh,0,2,positive,,0,False
92c431a8-7af4-4ec0-9ded-5c58d6567a55,5,2026-08-12 10:32:48,ok,0,1,positive,,0,False
350d2340-a142-4e50-bafd-0bbae23ce7c9,1,2026-08-12 10:33:26,duh ini kenapa ga bisa diperbaharui. gagal terus. bagaimana ini?,0,10,negative,,0,False
9b3082cf-922c-4456-99eb-5b3c103a0c7f,5,2026-08-12 10:33:36,okr,0,1,positive,,0,False
7df782c9-48b3-42f1-a1db-50d2448a1aef,5,2026-08-12 10:40:13,sangat puas,0,2,positive,,0,False
38b6e251-e78a-4b06-a794-dcf758d1fa52,1,2026-08-12 10:41:55,"mau bayar BPJS...M- Banking, gak bisa buka ada tulisan terus.. menutupi layar...Adeeeh.....gak usah ganti2lah...orang tua gaptek...sdh susah klu ada aturan baru",0,21,negative,app_performance,1,True
c767f547-5a3b-49bc-8dca-c8663cef4bbb,5,2026-08-12 10:46:01,mepermudah transaksi tidak ribet sangat membantu,0,6,positive,,0,False
066b5ee7-d167-491b-8bae-451659616b56,5,2026-08-12 10:47:12,mudah dan cepat di pergunakannya,0,5,positive,,0,False
692d34a7-b79f-490d-b883-72a419c42d02,5,2026-08-12 10:47:26,"baik. mudah di gunakan,jika sinyal internet bagus",0,7,positive,,0,False
aae40a46-8ec6-4061-86ac-eab7ace9e32f,5,2026-08-12 10:48:52,memudahkan sekali,0,2,positive,,0,False
1f47ef47-e19b-4e93-90ab-3d9f86e69986,5,2026-08-12 10:49:11,ok,0,1,positive,,0,False
3adc3e20-27cc-41c8-aad5-5f3bba5f600e,5,2026-08-12 10:50:09,sangat baik,0,2,positive,,0,False
20ef72b8-d221-4bd8-8032-660d1becb173,5,2026-08-12 10:54:19,Bagus,0,1,positive,,0,False
7076b999-23e7-4bcf-bcef-44dcc2c55b11,5,2026-08-12 10:56:15,lebih mudah dan gampang👍👍,0,4,positive,,0,False
a592ec3d-35c8-45fc-a27d-82a0bee50891,5,2026-08-12 10:56:48,"Dengan menginstal BCA mobile baru,apakah saldo aman?",0,7,positive,,0,False
585cab05-f8f6-4566-b3fb-e72215123b9f,2,2026-08-12 10:58:37,ini tidak bs di perbaruhi,0,5,negative,,0,False
179736f9-eb3c-45fc-b08e-186d99311144,4,2026-08-12 11:00:06,sekarang LBH baik dari sebelumnya.. sangat membantu..,0,7,positive,,0,False
1eed228b-2cec-43b1-a324-9b827240a65e,5,2026-08-12 11:03:19,"ini kenapa ya apk mobile BCA sudah di update, terus muncul update terus. tlong di perbaiki apknya.",0,17,positive,,0,False
4ba6a374-d441-4956-bb37-1b0961b3e658,1,2026-08-12 11:04:47,Jaman susah makin susah pas mau update tidak compitable lagi dengan perangkat ini....ya sudah uninstall aja...,0,16,negative,app_performance,1,True
2a8b8cbf-4090-458f-a61a-292e2b2aba7d,1,2026-08-12 11:05:48,aplikasi sampah... muter terus,0,4,negative,,0,False
ecce6fa1-2e66-4b00-bd26-246d2b181e6f,1,2026-08-12 11:07:40,habis di perbaharui lemot banget padahal sinyal full🥲,0,8,negative,app_performance,1,True
bb30efcc-37ec-4be7-80f9-43ab4f1abf98,2,2026-08-12 11:08:33,Di hp sy aplikasi kompatibel jadi ga bisa update status gimana ini Bank BCA sy sangat kecewa.,0,17,negative,device_compatibility,1,True
a67793f6-bbe3-4228-b30e-81b76cdf2d33,2,2026-08-12 11:09:09,"min tolong min hp saya versi lama, dan karena ada update terus jadi ga bisa di buka, dan di update di playstrore hp saya sudah ga support jadi ga bisa di buka aplikasi nya",0,34,negative,device_compatibility,1,True
61a9c5b0-5d29-4a8b-9e8e-62ffa8d91b8b,5,2026-08-12 11:16:17,nice,0,1,positive,,0,False
4b4e4a8e-06af-402c-b481-ccf81931649c,5,2026-08-12 11:16:48,udpdate mulu heran,0,3,positive,,0,False
b5136244-dc8a-4ab9-91e3-398c5cd58cfc,5,2026-08-12 11:18:10,pelayanan sudah oke,0,3,positive,,0,False
61114a95-8d09-4ff8-95f3-0176073f94f0,5,2026-08-12 11:25:47,BCA mantap,0,2,positive,,0,False
28fa3c35-afc8-4604-86a3-98c1e436bb56,4,2026-08-12 11:27:30,selalu lancar dalam bertransaksi,0,4,positive,,0,False
bfce6e06-0a05-47f4-becf-51415dfcd72a,1,2026-08-12 11:27:58,Pembaruan Membuat Ribet,0,3,negative,,0,False
79f9cfd7-b723-4e64-85b1-69ab8455d056,5,2026-08-12 11:29:26,slalu yg terdepan,0,3,positive,,0,False
87fd75f0-081e-4806-a798-9975b13237d8,3,2026-08-12 11:32:47,ini bagaimana ko pembayaran lewat Qris gagal tapi saldo berkurang coba dong BCA balikin lgi saldo saya,0,17,neutral,transaction_failed_balance_deducted,1,True
5b6750cf-1235-4bdb-80e2-bd7dc7df7846,5,2026-08-12 11:37:03,Sangat mudah untuk bertransaksi cepat,0,5,positive,,0,False
c8b1341a-d16c-4cdb-afb4-dfcfafe9510c,1,2026-08-12 11:38:23,maaf sy org tua gak ngerti ini,0,7,negative,,0,False
a96e128d-65b8-4108-bd8f-2ddb51411e43,5,2026-08-12 11:39:22,Perbankkan yg terbaik.,0,3,positive,,0,False
ffcfaf8f-0d0b-4159-b6b2-668882bbda9c,1,2026-08-12 11:40:43,Kenapa sudah tidak kopatibel lagi di versi hp lama.. Ga semua nasabah bisa ganti hp terbaru... Saya jd ga bisa transaksi jika darurat... Tolong di bantu developernya...,0,27,negative,device_compatibility,1,True
4ff77402-815d-443c-9bd4-ba0949593a0a,1,2026-08-12 11:40:54,"bnrin dong muter2 lemot bgt...jaringan stabil pk wifi,pk data sm aja.",0,11,negative,app_performance,1,True
7e1c1ec0-aae1-4731-a64e-dbe333597360,5,2026-08-12 11:41:13,"aku suka pke BCA ini, tapi kesel harus update terus baru juga brpa bulan harus update lagii",0,17,positive,,0,False
5fa45a2f-83da-418e-abaf-4ed9e19f0221,5,2026-08-12 11:45:16,Sangat membantu cepat utk transaksi apapun via bca mobile,0,9,positive,,0,False
30ed4768-f8ca-40c2-bd6b-38d23d47c537,5,2026-08-12 11:46:23,Bagus puas,0,2,positive,,0,False
64108ec5-e978-4384-9f13-67adf6ba5e83,5,2026-08-12 11:47:09,good nice,0,2,positive,,0,False
517d9915-fcd7-4341-b02b-44f56a63c5e1,3,2026-08-12 11:48:44,"Sedih deh Skrng udh ngk bs pakai mbanking di hp jadul yg ram nya kecil, pdhl penting bgt deh..perangkat hp anda Sudah tdk bs menunjang",0,25,neutral,device_compatibility,1,True
cbf5b8df-8fc5-49e1-aa27-b0c2126d33f4,5,2026-08-12 11:48:55,bagus,0,1,positive,,0,False
fd6fd585-c1cc-4350-8138-079559612d35,1,2026-08-12 11:49:33,Harus ganti hp karna tidak bisa lg bertransaksi saat ini,0,10,negative,,0,False
137b4c98-ab11-4c3c-925a-8f6f08b57ae3,1,2026-08-12 11:50:25,ngeselin. hijaunya sebentar doang. habis itu biru. sering ngulang 2 ngetik pas tf jadi nya. benerin dong servernya booss,0,19,negative,,0,False
43fc93b4-9ae7-49e4-8d41-40c24d9fb7bc,5,2026-08-12 11:50:42,Mantappp dan lancar,0,3,positive,,0,False
198a278b-0a61-443a-b62e-d7eb3a17d078,5,2026-08-12 11:53:44,is very good bca,0,4,positive,,0,False
18ab6bc2-ec51-4e26-8b88-71a57476a4d9,5,2026-08-12 12:09:41,"Waduh, tiba tiba aplikasi minta update dan kebetulan perangkat tidak kompatible, gimana ya..... Harus ke ATM lagi, kenapa?",0,18,positive,device_compatibility,1,True
adf246ad-a7a0-4a65-8c8c-3db216dd562d,5,2026-08-12 12:09:55,Msh bingung,0,2,positive,,0,False
d377e1f5-d699-4acf-aaa2-9653218c8e60,5,2026-08-12 12:11:58,sangat bagus dan mudah untuk di gunakan di mana ajah sangat berguna sekali untuk yg males ke luar rumah,0,19,positive,,0,False
2efd1e97-07a9-4463-af52-7706b7f27947,5,2026-08-12 12:14:54,sangat membantu terimakasih,0,3,positive,,0,False
0e3aeb22-2a09-4741-9585-ea1fd73fdecf,5,2026-08-12 12:15:22,Good,0,1,positive,,0,False
cba909e9-724b-4ffa-abf0-2f12c92e0565,5,2026-08-12 12:15:57,bagus,0,1,positive,,0,False
a9394846-c9a8-4147-b021-6a8b272d0815,5,2026-08-12 12:19:49,sangat bagus aplikasinya..,0,3,positive,,0,False
26930e24-cc33-4efe-a0ee-a256d63fd3db,5,2026-08-12 12:24:23,ok,0,1,positive,,0,False
e6dc818c-584e-4948-bd52-1df6d77fb4cd,1,2026-08-12 12:24:49,"tolong lahh ini Knapa setiap kali saya simpen saldo selalu ilang gde, gak cuman sekali, kenapa gak di kasi notif gitu, ataupun di kasi keterangan",0,25,negative,unexplained_deduction,1,True
080016ea-fe28-4277-8b1f-82885cca6f47,5,2026-08-12 12:26:42,BCA SEMAKIN DIDEPAN,0,3,positive,,0,False
a11b8ce0-eb7c-4feb-b02c-0ff416e6c59f,5,2026-08-12 12:32:33,bagus,0,1,positive,,0,False
b56e36f0-51ba-49bc-afa3-af4119165bb5,5,2026-08-12 12:32:38,mantaaap,0,1,positive,,0,False
0deaddbd-022b-447b-a714-892ecb7b63cf,5,2026-08-12 12:32:41,keren,0,1,positive,,0,False
af22048e-8503-432e-bbb1-741150badfcd,5,2026-08-12 12:38:55,Mudah dan terpercaya,0,3,positive,,0,False
9f744fd7-2545-4939-85bb-d4fad60e256b,2,2026-08-12 12:40:40,Aplikasi ini tidak kompatibel dg HP saya. Bagaimana agar sy bisa bertansaksi dg mbanking BCA sy?,0,16,negative,device_compatibility,1,True
fa47f33e-e64e-4176-944a-2f141ff31880,5,2026-08-12 12:40:57,menyenangkan dan aman,0,3,positive,,0,False
77c9b411-faba-47ec-9167-876980a7f96f,5,2026-08-12 12:44:36,bagussssss,0,1,positive,,0,False
19a54caa-96e9-4125-bcb9-62ca57cca539,5,2026-08-12 12:45:46,BCA Mobile is the best 👍👍👍🙏🙏🙏,0,6,positive,,0,False
7cc805c8-f8a7-41f1-915d-afaa48a608f7,3,2026-08-12 12:46:30,Ini masuk mental mulu siih mbangking Gk bisa bisa,0,9,neutral,,0,False
d17e7449-7590-4553-814b-5c8bec048e42,3,2026-08-12 12:51:18,"Tlg developer jgn batasi versi hp. Spy hp lbh dr 5 thn pun msh bisa pakai aplikasi BCA mobile. Ini infonya tdk kompatibel dengan perangkat. Yah, kok ya hrs beli hp baru utk bca mobile tok. Aplikasi2 lain msh berjalan tuh. Developer nya yg hrs bisa buatin aplikasi yg kompatibel dgn tahun dan jenis hp apapun. Utk kemudahan nasabah. Jgn technology driving user. But, user driving technology. Sesuaikan dgn kebutuhan nasabah.",0,71,neutral,device_compatibility,1,True
ceb44a69-af7f-45c8-9420-64b25adda9f8,5,2026-08-12 12:52:42,BCA IS THE BEST,0,4,positive,,0,False
a302b009-8ed3-4424-8929-8e7019e77a61,5,2026-08-12 13:00:18,"sangat cukup membantu dan mempermudah,,",0,5,positive,,0,False
ad91f66f-1c41-4584-9dea-7fe837d5a39e,1,2026-08-12 13:01:05,josjis,0,1,negative,,0,False
964bbe2c-03a0-4801-847f-d2d79379b913,5,2026-08-12 13:01:27,Sangat membantu gak ribet,0,4,positive,,0,False
86231abe-9de3-4124-acdf-0cb6e356d6ad,5,2026-08-12 13:05:15,Semoga semakin nice...,0,3,positive,,0,False
7f95c1a8-b86c-4b59-9d2d-5bd7a861e581,1,2026-08-12 13:05:37,di-update malah keluar terusss... bikin gagal transaksi aja...,0,8,negative,,0,False
77362703-d898-41b1-8283-95369687657c,3,2026-08-12 13:06:49,Kenapa sering tidak terhubung,0,4,neutral,,0,False
8e8f2a1d-3fd5-4615-8196-d41d474fbca1,5,2026-08-12 13:07:35,sangat mudah dan sangat membantu.🎉,0,5,positive,,0,False
973fce44-e22a-4225-8692-696891c5bf24,5,2026-08-12 13:12:52,Layanan mudah karna di pelosokpun sudah tersedia,0,7,positive,,0,False
a59de8cd-e85d-4a1a-87be-7f391eced258,5,2026-08-12 13:14:41,"lebih mudah di gunakan ,dan cepat",0,6,positive,,0,False
37c9a5b0-5f2b-4735-bb91-6adade5a8eb9,5,2026-08-12 13:15:50,Mantap,0,1,positive,,0,False
67902137-8a9e-402f-8815-c5b5a8c90c4d,5,2026-08-12 13:16:10,sangat puas,0,2,positive,,0,False
1c56d7f4-fc60-4cba-83d1-3bd306f18de1,5,2026-08-12 13:19:14,Bagus & memudahkan transaksi.trima kasih,0,5,positive,,0,False
0fbf06d7-45d1-4641-b70a-b678f50f0851,3,2026-08-12 13:22:51,tolong dong developer android 7 knp gk suport apk ni,0,10,neutral,,0,False
1865a340-b03b-4058-b427-fb8449cf5237,5,2026-08-12 13:23:46,sangan nyaman dengan BCA paling satset,0,6,positive,,0,False
9a46c4fc-406c-4b06-8724-e0eac89464e8,5,2026-08-12 13:25:01,Ok,0,1,positive,,0,False
f0177b48-73f4-43d1-bc50-1ef0b2abe167,5,2026-08-12 13:28:57,Selalu mudah dalam transaksi,0,4,positive,,0,False
1259b446-a146-4c04-a2e8-7f3afd8b8f24,5,2026-08-12 13:31:46,sangat membantu,0,2,positive,,0,False
d36542ce-5f2a-4dc8-8b17-052d2e5ab5f4,5,2026-08-12 13:43:40,Sangat membantu,0,2,positive,,0,False
6a52adc4-bcd8-40c8-a934-7fbcf9bc6835,5,2026-08-12 13:46:53,"hallo bca , kenapa update bca tidak kompetabel dg perangkat saya ? apakah sy hrs membeli perangkat baru ? 😭😭",0,20,positive,,0,False
90713f28-90b1-4ff5-96fb-55ed684cd149,1,2026-08-12 13:46:57,hp saya ngak bisa buat ubdet.bca,0,6,negative,,0,False
ef37d8ca-8315-4cf1-bbf0-4e76e0407f97,5,2026-08-12 13:49:56,bagus,0,1,positive,,0,False
d4a59a9d-c9f2-4076-89d8-292079349d83,5,2026-08-12 13:50:31,sangat berguna,0,2,positive,,0,False
f48469d9-4fa8-476a-ba4d-19ed37859827,5,2026-08-12 13:51:06,Bca mobail ko gk bisa di dounlod ya..knapa ya?,0,9,positive,,0,False
e6a20c7f-af1f-45f9-beed-b7e4fbba9174,5,2026-08-12 13:53:05,bagus,0,1,positive,,0,False
5a186b2a-d3ed-41d2-93d9-94ab2e3c443c,5,2026-08-12 13:54:44,BCA mobile gal boss didonlond,0,5,positive,,0,False
88d433cf-6e3d-47b5-9f0e-82737e5b1891,5,2026-08-12 13:54:46,"setelah sekian lama menggunakan aplikasi ini,baru sekarang sudah gak bisa di pakai,katanya sudah tidak kompatibel dengan perangkat saya.",0,18,positive,device_compatibility,1,True
f3fdff16-3ccb-417f-8e23-7307f9136a94,5,2026-08-12 13:55:39,aplikasi sangat bagus,0,3,positive,,0,False
fad57868-c70d-4ce6-8568-4f064e03d795,5,2026-08-12 13:57:12,lebih nyaman digunakan,0,3,positive,,0,False
e4285f7e-4489-4326-a19c-119a3855a59b,3,2026-08-12 13:59:06,"Versi udah tidak kompatibel, solusinya dong dev.. kasih kesempatan buat hp yang jadul",0,13,neutral,device_compatibility,1,True
146832c4-72fc-4a1f-94a9-46ea399c4601,5,2026-08-12 14:10:21,Mengunakan pulsa 😰,0,3,positive,,0,False
80f28b46-5f0d-4b01-9524-ffffa7acefa4,5,2026-08-12 14:12:22,kok ni aplikasi gk bisa di buka,0,7,positive,app_performance,1,True
545a113c-9327-4c98-ab0b-d0c713637bf6,5,2026-08-12 14:17:49,Baik,0,1,positive,,0,False
b9147be7-0ad8-43b2-b864-0df9f3ccfda9,1,2026-08-12 14:22:26,"menunggu lampu berwarna hijau lama, biru mulu. perbaikin dong sekelas bank besar masa gini sih, wkt pembayaran ini kadang yg bikin kesel nunggu lampu sinyal hijau lama, padahal jaringan selular bagus.",0,31,negative,indicator_light_stuck,1,True
a7421781-857c-47c7-a7f0-647031be4c46,1,2026-08-12 14:26:21,"terakhir update tgl 4 Agustus 2026, baru tgl 12 1gustus 2026 minta update LG ... loe KOCAK",0,17,negative,,0,False
af3227b5-a675-4719-9af0-8670bbe309e9,5,2026-08-12 14:27:01,Baik,0,1,positive,,0,False
c8c281a2-d754-41d5-9441-aabfbfa85709,2,2026-08-12 14:29:44,selalu payah and susah untuk melakukan,0,6,negative,,0,False
f71c6b25-d968-4c5a-ab1d-33edefb67d52,5,2026-08-12 14:32:13,Ok banget...,0,2,positive,,0,False
70a82e2a-8ebf-4e39-aad2-212be018f61d,1,2026-08-12 14:32:20,"kenapa android di batasin hp saya tidak kompatibel karena jadul, bisa kah ttp di gunakan di hp jadul...",0,18,negative,device_compatibility,1,True
f326e759-9cfe-4a8a-8424-f9e8ff96141e,5,2026-08-12 14:39:26,Sangat bermanfaat,0,2,positive,,0,False
80513341-8f5e-4297-ba75-537e2d8dee1e,5,2026-08-12 14:42:56,Baik,0,1,positive,,0,False
5c474d4c-442d-48dc-a6a8-6382a26742c5,5,2026-08-12 14:43:16,ini masih bagus ko,0,4,positive,,0,False
0ce8baca-3c3d-41bb-bcdb-e2297bb0bc2d,1,2026-08-12 14:47:30,"ini kenapa bca mobile saya akhir akhir ini ko g bisa di buat transaksi ,buat TF selalu lgsg keluar dari apk nya ,buat masukin no rek g bisa ,udah di update tetep g bisa ,saldo tak pastikan cukup sekali",0,39,negative,,0,False
71e640eb-eeaa-4063-8516-3702b65d096c,5,2026-08-12 14:50:42,Eror eror,0,2,positive,app_performance,1,True
b8ea6e67-87fa-4866-bc9d-956ef7a15f80,5,2026-08-12 14:50:45,mohon di bantu bca mobile saya g bisa di buka suruh abdet tapi g bis,0,15,positive,,0,False
3422724e-f709-46a6-a950-4e37917ddd08,4,2026-08-12 14:50:50,"lemot, susah login....",0,3,positive,app_performance,1,True
9e7ffd19-93d6-4662-a40b-8fddc6bce90b,1,2026-08-12 14:59:17,"disuruh update tapi gak ada updatenya, tidak bisa dibuka?",0,9,negative,app_performance,1,True
edc376e4-fb8e-46bf-8788-77717d8c96d0,1,2026-08-12 15:00:44,Bca nya kluar terus hp gak ngangkat buat upgrade,0,9,negative,,0,False
c83b1352-08ef-4ccd-9c84-f36596d13d2f,5,2026-08-12 15:02:17,Ok,0,1,positive,,0,False
f5ba4b8b-55f1-4caa-a683-56ec337bf335,1,2026-08-12 15:02:31,Mau update bca mobile ga bisa karena hpnya jadul versi perangkat tidak mendukung...kesel banget jadi ga bisa pakai m-banking BCA lagi padahal semua transaksi disini...sungguh kecewa...😫😫😫,0,26,negative,device_compatibility,1,True
325d73b7-c606-46ad-bb20-9abb53642205,4,2026-08-12 15:06:26,Cannot connect,0,2,positive,,0,False
d466239c-0816-4925-8ae5-8efca1af619c,4,2026-08-12 15:07:17,ko g bisa d update,0,5,positive,,0,False
9522641a-79fa-44a3-bad2-0fe712f034b1,1,2026-08-12 15:12:14,ini kenapa ya suruh upgred tapi hp saya gk bisa....apa bisa tampa upgred buat transaksi nu,0,16,negative,,0,False
9e1d81c5-3cfb-42e6-b340-420fb796c17b,1,2026-08-12 15:16:29,"saya orang kurang mampu, masa iya saya harus beli handphone terus setiap tahun, hanya untuk menenuhi update an BCA aja,,, gak ada cara lain kah selain beli hp android terbaru",0,30,negative,,0,False
7a917011-c77a-475d-9df9-839c445eaa0a,3,2026-08-12 15:17:47,BCA lebih sukses,0,3,neutral,,0,False
c0bfa815-8e63-4409-8832-b66e7be594ba,1,2026-08-12 15:18:51,Kecewa,0,1,negative,,0,False
477bcaa4-0718-4f14-b0bd-eaae9d2bab1a,4,2026-08-12 15:22:08,Memudahkan pelanggan,0,2,positive,,0,False
815be04d-ae31-484a-b3d6-e793975d89cc,1,2026-08-12 15:23:25,"ahhh harus beli hape baru lagi donk buat buka mbanking ,,,sial",0,11,negative,,0,False
2c8862ef-b519-47d9-8eca-059e786c91c5,5,2026-08-12 15:24:41,👍👍👍👍👍,0,1,positive,,0,False
ed2c3432-7f24-43ff-854a-bda9ee75d426,1,2026-08-12 15:27:09,"bca error ,saya hapus terus aplikasi tidak support dan tidak bisa di download",0,13,negative,"app_performance,device_compatibility",2,True
ec9bd22d-5985-406f-ae82-3e4feea83bdf,5,2026-08-12 15:32:32,mantap,0,1,positive,,0,False
d018a34a-4ce8-476c-b0d5-89369821c789,5,2026-08-12 15:42:40,bos mana bc mobeli kok donlown,0,6,positive,,0,False
accee727-10b9-4eee-9ca9-4a8afba5c9d3,2,2026-08-12 15:44:19,ruet tambah,0,2,negative,,0,False
8a2ad667-0a54-4dc0-9576-f4666c844581,5,2026-08-12 15:46:16,update trus,0,2,positive,,0,False
2a11a8cf-cfa0-4645-bf48-271d5197fc0d,5,2026-08-12 15:50:18,"bagus aplikasinya sangat membantu,, yang bilang ga bisa Qris dan lain""nya,,, Mereka hanya menebar HOAX",0,15,positive,,0,False
91546cb5-77ff-439e-b860-7df3c8f14f06,5,2026-08-12 15:51:44,baik sekali,0,2,positive,,0,False
fae1ea53-fb94-4028-a4a8-8492ed80e3fe,5,2026-08-12 15:57:33,kok mbankin saya ga bisa ya,0,6,positive,,0,False
55627860-acfb-41c7-af8a-8d260619fdd3,4,2026-08-12 16:01:11,tingkatkan lg,0,2,positive,,0,False
0b3cf18f-005c-4408-a16c-ee4b3e38a33a,5,2026-08-12 16:07:22,sangat membantu sy...,0,3,positive,,0,False
c32f73c0-54fe-4a26-a1b9-de4467e90384,5,2026-08-12 16:08:01,bagus cepat,0,2,positive,,0,False
fab64c46-b27a-43f4-b5d8-3be5f6409d57,1,2026-08-12 16:09:39,kenapa m-banking saya jadi tidak kompatibel di hp saya?,0,9,negative,device_compatibility,1,True
5750614d-95ce-4310-b0ae-533d9cd14be3,5,2026-08-12 16:13:31,mantab sekali,0,2,positive,,0,False
8c0f0ed5-0df2-446c-98e4-3396960d345d,5,2026-08-12 16:14:23,sangat berguna dan bagus,0,4,positive,,0,False
81b92739-cd63-4362-bd25-b34ef60ae266,5,2026-08-12 16:14:24,Bagus,0,1,positive,,0,False
7d388294-ec4c-448f-89ea-995bcfddf06d,3,2026-08-12 16:21:15,kenapa aplikasi BCA mobile gak bisa di buka sudah 2 hari ini gak bisa terbuka,0,15,neutral,app_performance,1,True
f82b1661-0ffb-4340-a04e-0fd4941cb6db,5,2026-08-12 16:24:56,Sangat membantu,0,2,positive,,0,False
876c4795-4839-449d-8fab-0d66a5a1cb21,5,2026-08-12 16:26:53,terbaik,0,1,positive,,0,False
0f95b641-e202-406d-aa35-591628227ad5,5,2026-08-12 16:31:53,sngat membantu memudahkan utk transaksi,0,5,positive,,0,False
622dd405-294f-4492-96ce-c46bd04c39e1,5,2026-08-12 16:33:42,Sangat Baik Dan Sangat Membantu Dalam Transaksi Berbisnis.,0,8,positive,,0,False
d1392bf1-0236-4267-bad7-5d02f7163a71,5,2026-08-12 16:38:33,good,0,1,positive,,0,False
a4386c61-3f3a-43e0-87a8-f3de630368fb,5,2026-08-12 16:40:47,Lebih nyaman dan aman,0,4,positive,,0,False
8003b7ca-7ffd-4813-9672-9dab9eda78f6,5,2026-08-12 16:41:50,lancar penggunaan,0,2,positive,,0,False
e911a395-9500-4db6-ba27-66ad59b2050a,5,2026-08-12 16:42:50,bagus2 ajaaa dan mudah,0,4,positive,,0,False
5f768dd6-4616-4499-9ba0-4fe36e7123b9,5,2026-08-12 16:58:16,ok,0,1,positive,,0,False
ce4cb4e9-5dc2-4565-89b7-4de706beedad,4,2026-08-12 16:58:52,aplilasi slalu keluar sendiri..gak bisa transfer gak bisa lihat m bank king..kalau masukin pin baru datu hurup otomatis keluar sendiri,0,20,positive,app_performance,1,True
f1a44ead-47fe-469a-9cff-b401676fc014,5,2026-08-12 16:59:39,bagus pelayanan nya dan cepat,0,5,positive,,0,False
be53fce7-cb7b-41ee-9ede-724687e6e3e5,5,2026-08-12 17:28:40,sangat membantu akan fungsi aktivitas saya,0,6,positive,,0,False
5fb64a80-a507-4bd3-ad7a-109ff910c61d,4,2026-08-12 17:38:59,susah buat d update nya..tertunda trussss,0,6,positive,,0,False
212d212d-6e4a-45a1-b7f3-b6680358c710,5,2026-08-12 17:39:13,nyaman dan suka,0,3,positive,,0,False
baed8253-cc09-4e62-a56c-1a7836cc1d49,1,2026-08-12 17:44:36,Tak jelas updated nya,0,4,negative,,0,False
f672f15a-a6b9-447e-9367-a83c7e6763e2,1,2026-08-12 17:45:35,"baru aja saya update eh parahnya disuruh ganti handphone, BCA pikir ganti hp gak beli dulu apa... hadeuuhh....",0,18,negative,,0,False
8f66215e-49e8-46bd-b717-7debfb6d8e46,4,2026-08-12 17:48:20,Bagus,0,1,positive,,0,False
8e2294c4-c066-4db6-b3e8-3fbd6f650bee,1,2026-08-12 17:51:05,Waduhhh hp oppo f5 gue yg udah lama gue pake sama bca mobile sekarang gak bisa lagi karena gak kompetabel lg waduhh payah bgt ini masa gue harus beli hp baru lagi,0,32,negative,,0,False
92ab9788-dc3e-4a10-a852-9dbafa84e405,5,2026-08-12 17:53:05,Akes lebih cepat,0,3,positive,,0,False
ec29e476-102f-4a7f-b251-43f447111ea4,4,2026-08-12 17:57:27,"Bca mobile saya tidak bisa kebuka utk bbrp kalii di coba, dan saya cba utk uninstall apk tersebut. Tetapi ketika ingin mendowload apk tidak bisa lagi Ada keterangan nya : "" perangkat anda tidak kompatibel dengan versi ini "" utk kasus seperti ini kenapa yah? Terimakasih sebelumnya.",0,47,positive,"app_performance,device_compatibility",2,True
a64c1adf-8b61-410f-8e5a-500b26d5d7f6,5,2026-08-12 18:09:07,👍👍,0,1,positive,,0,False
30c5a1c9-5d73-498e-9ddf-ea05c6903ca9,1,2026-08-12 18:11:36,"setelah rilis update baru jadi gak bisa di pakai di hp jadul,jadi ya terpaksa tidak mengunakan bca mobile lagi,padahal sehari hari memakai bca mobile buat transaksi buat beli makanan mengunakan qris tapi ya sayang sekali mulai hari ini di tingalkan bca mobile nya,sebenarnya kecewa atmnya tidak bisa di pake pula",0,50,negative,device_compatibility,1,True
cd44c26d-35cb-4fe9-a1c8-d732b07214fc,5,2026-08-12 18:15:50,bagus,0,1,positive,,0,False
73e69116-2b94-4a7a-ae93-978692cc7d41,1,2026-08-12 18:15:52,Di suruh upgred yang baru tpi tidak bisa gimana ini. Lagi perlu buat transver kluarga.,0,15,negative,,0,False
564dbe41-4c00-497d-81bf-910934c00c43,5,2026-08-12 18:19:58,mantaapppp,0,1,positive,,0,False
cb8f9b30-73af-4ec0-8fb4-fbf92415316a,5,2026-08-12 18:20:34,ok,0,1,positive,,0,False
764b9694-e4b8-4778-90c9-bec4f8153462,5,2026-08-12 18:22:47,mudah,0,1,positive,,0,False
2cc70f8c-6b9a-41ae-8c1f-9c12773054e1,1,2026-08-12 18:27:11,knpa sih harus d update sgla aku jdi gbisa masuk mbking kecewa ...memory penuh klo semua aplikasi harus d update mah,0,21,negative,,0,False
eb372b59-55c2-437d-b00f-848b2c6bc015,1,2026-08-12 18:28:11,sdikit2 update,0,2,negative,,0,False
3781fa3e-342d-4c12-b6fa-fd69700c5761,1,2026-08-12 18:28:37,Buat hp android lama bisa dowload versi terbaru,0,8,negative,,0,False
88a12d5e-df6e-426c-bef0-756eba646276,1,2026-08-12 18:29:47,"mau transaksi mobile bca,keluar notif suruh update,giliran udah masuk playstore muncul notif hp anda tidak kompatibel dgn aplikasi ini,lahhh masak srh ganti hp,yg bener aja boss",0,26,negative,device_compatibility,1,True
92060e87-ee71-4685-aa96-467201e94600,1,2026-08-12 18:29:58,"habis update bukannya semakin baik, tapi semakin lemot.. buka qris lama..",0,11,negative,app_performance,1,True
7426ba9c-520e-41ab-ba04-a6d5ef69aa94,4,2026-08-12 18:42:17,Good,0,1,positive,,0,False
b660aae9-c856-4798-b74e-f1ca811bb059,5,2026-08-12 18:42:33,ok,0,1,positive,,0,False
e0c91640-e3de-4ee6-978b-8a819591698e,2,2026-08-12 18:44:55,Busyet Ga bisa di update LG di hp yg OS Android nya 7.1... Kok bisa gini sih... Parah Ga bisa di buka Jd nya,0,24,negative,"app_performance,device_compatibility",2,True
9a0aaef9-5436-4d16-844b-58bbd892290e,5,2026-08-12 18:45:34,the best of Bank in Indonesian,0,6,positive,,0,False
93adeb35-95b3-4007-8ad0-ef1da2bcc9ca,5,2026-08-12 18:54:15,bagus bgd,0,2,positive,,0,False
33cdfa4f-d807-40c1-b403-4c1b53d277c7,5,2026-08-12 18:57:28,cukup berjalan dengan lancar baik,0,5,positive,,0,False
c474d62a-9f77-4f5b-9918-385bc0489dff,3,2026-08-12 18:59:34,semakin di update tambah lemot,0,5,neutral,app_performance,1,True
1186ea1a-88ae-4b89-8d71-1ad367440098,2,2026-08-12 19:02:34,rekening sya gha bisa dibuka harus di apdet trus gmna ya ..,0,12,negative,,0,False
2a979741-a70f-4570-b2be-569abcc41c86,5,2026-08-12 19:06:30,👍,0,1,positive,,0,False
d62df1bb-b741-432d-acd8-81f42cc5e00b,5,2026-08-12 19:06:46,Sangat baik,0,2,positive,,0,False
d4aedc66-d71b-4464-9c5b-8cf2e4c013a4,1,2026-08-12 19:11:39,kenapa setelah update aplikasi gak bisa login baru masuk langsung keluar lagi .,0,13,negative,"login_otp_access,device_compatibility",2,True
331c6794-dc17-4d1b-9cce-edf92c409d49,5,2026-08-12 19:13:15,memudahkan bertransaksi tampa ke banknya terimakasih BCA,0,7,positive,,0,False
29a6b219-8454-4a81-b6ff-26add89b4e5e,4,2026-08-12 19:17:28,setiap menggunakan Qris susah loding muter terus ini sy update semoga kalau mau pake Qris langsung bs jgn lemot loding terus,0,21,positive,app_performance,1,True
30738528-352f-4a8e-bdac-4c29c5f69e2f,1,2026-08-12 19:18:05,"mobile banking TERIBET. daftar ga semuanya lewat hp, harus regis ke atm. suka ke logout tiba-tiba tanpa alasan yang jelas dan regis ulang ke atm.",0,25,negative,,0,False
543ef557-e28d-443e-8e26-4d125965fa82,4,2026-08-12 19:19:39,Cukup membantu,0,2,positive,,0,False
e7ab56d0-0393-44e0-a41a-ff5f7643d9ea,5,2026-08-12 19:25:16,mantap,0,1,positive,,0,False
68c40ab3-4bac-4306-8582-10a436ed0fa4,5,2026-08-12 19:27:20,"Saya senang pakai BCA Mobile, Praktis dalam segala bertransaksi.",0,9,positive,,0,False
d2aa8c4b-f25d-44ff-bceb-b33c237ac866,2,2026-08-12 19:27:36,bca tidak respon,0,3,negative,,0,False
3eaeff46-6a3e-42f9-92ef-ddb9e71472c0,5,2026-08-12 19:28:22,Layanan udah ok,0,3,positive,,0,False
90f29fd6-21cd-4d8d-b271-93ef69bb30a2,5,2026-08-12 19:31:29,kenapa aplikasi nya kg bisa di buka.mohon info nya.,0,9,positive,,0,False
4bf5c4e2-8aa0-4c33-b830-472177007d5a,1,2026-08-12 19:35:36,sial sudah ngk bisa lagi di hp saya yang jadul ini..... padahal aplikasi cuma buat cek saldo doang terpaksa beli hp lagi,0,22,negative,device_compatibility,1,True
f6d1010e-0ef6-484b-b865-019e80de6285,5,2026-08-12 19:43:22,"iklan update muncul terus, bikin emosi",0,6,positive,,0,False
5c1ccff1-3507-44e3-bce2-ecf667631f0b,1,2026-08-12 19:44:46,tidak bisa menggunakan bca mobile harus di update hp saya ..harus beli hp baru parah bca,0,16,negative,,0,False
382a9d4d-265e-4d67-ae68-e084f37af84b,5,2026-08-12 19:45:01,Bagus sekali,0,2,positive,,0,False
53462fa1-f5a0-4b97-a67a-99c018e0c5c1,1,2026-08-12 19:46:37,Banyak aturannya,0,2,negative,,0,False
1a9823cd-d35a-4bb7-ac6e-5743467074b3,5,2026-08-12 19:47:41,ok lah,0,2,positive,,0,False
0e54599b-eeb8-4d8e-8bde-f702615920ce,1,2026-08-12 19:54:26,😭,0,1,negative,,0,False
26ed03d4-b990-453d-bb67-c04fa8074fe3,5,2026-08-12 19:54:58,bagus,0,1,positive,,0,False
a4be8427-8ce0-401e-bd0d-dbec2e30931e,5,2026-08-12 19:58:06,saya mau donload lg gi mn,0,6,positive,,0,False
8cec5b4f-8d9b-4452-a4b8-f695ed8b5fc8,5,2026-08-12 19:59:48,belakangan ini m banking eror,0,5,positive,app_performance,1,True
49841027-6722-47b0-81c8-9feb8f1e915b,4,2026-08-12 20:00:04,"terkadang tidak nyaman ,karena suka eror",0,6,positive,app_performance,1,True
29cd004f-aeb1-49e2-8ffe-5469a0e43b91,1,2026-08-12 20:00:09,"kalo ada update itu info notifikasi dulu jangan pas buka masukin kode baru update, mau pembayaran jadi bikin antri !!!",0,20,negative,,0,False
5bedc1ed-6323-4c43-bc49-be1f08783441,4,2026-08-12 20:08:50,Ini kenpa ya min kog BCA mobile saya gak bsa diperbaharuin,0,11,positive,,0,False
691393fd-de3b-4cac-b6d8-f5f5a2969997,5,2026-08-12 20:11:34,mantap,0,1,positive,,0,False
bd50a5c1-4df2-4bb5-a9e3-7a7de1709a7a,5,2026-08-12 20:12:28,"cukup memuaskan, tapi kalau update kadang harus hapus banyak aplikasi lain supaya aplikasi BCA mobile tetap eksis.👍👍👍",0,17,positive,,0,False
cd68a0bf-39d9-48fd-8f8c-6487d24061c0,5,2026-08-12 20:16:08,sagat2 membntu,0,2,positive,,0,False
077e25ef-5e9c-4e42-95b4-8399d7235cc7,5,2026-08-12 20:21:51,kenapa sy tdk bisa masuk ke mbangking sy,0,8,positive,,0,False
9f00fb3f-57c5-4c92-90cb-58098840132e,5,2026-08-12 20:38:47,kenapa saya gak bisa login ke aplikasi ini,0,8,positive,login_otp_access,1,True
a254e51f-6774-4171-afd4-835c231a93d1,5,2026-08-12 20:50:22,Good,0,1,positive,,0,False
ea5a9370-95df-4063-a1f2-a2bc8aefa649,5,2026-08-12 21:10:03,"BCA mobile saya jadi ngak bisa dipakai karena di suruh update, tapi perangkat saya dinyatakan tidak bisa nenerima update tersebut.",0,20,positive,,0,False
458473b5-8635-4d2b-b67d-0cec796ecffa,5,2026-08-12 21:17:02,"sekian purnama akhirnya ada notifikasi pengeluaran dan pemasukan, tapi sayang nya tidak ada nada dering bawaan aplikasi seperti brimo enak di dengar.semoga BCA kasih nada notifikasi yang sesuai",0,28,positive,,0,False
20820cf1-6a3a-4504-ae3a-a2ceff560b8a,5,2026-08-12 21:22:09,Nice app,0,2,positive,,0,False
5becb6c6-e344-4fee-ae91-67d4a7c424f4,5,2026-08-12 21:37:11,aplikasi membantu akan tetapi suka error,0,6,positive,app_performance,1,True
add93f36-d844-4253-a4aa-889944e35397,4,2026-08-12 21:42:34,kenapa aplikasi bca mobe saya tidak bisa gunakan,0,8,positive,,0,False
806b2c43-964b-40a8-9722-b609f2f74e2e,5,2026-08-12 21:43:30,Bad,0,1,positive,,0,False
8e92cfc7-dc83-4310-8627-f01dddf5c7e5,1,2026-08-12 21:46:39,"Karena hp nya jadul,,, jadi gk bisa buka m banking,,,, kecewa,,, jadi di kasih bintang 1",0,16,negative,"app_performance,device_compatibility",2,True
e6be2b0d-f9f3-4529-a8fc-fc766ff51c9c,5,2026-08-12 21:50:30,memudah kan untk pembayaran,0,4,positive,,0,False
027ad8ee-56e0-4fd3-8556-ea7eb257742a,5,2026-08-12 21:53:05,BCA is the best,0,4,positive,,0,False
f16a84fa-4720-403c-a906-a2c85437ea59,5,2026-08-12 21:55:32,top,0,1,positive,,0,False
be02fde1-a6a6-430c-bbf5-aaa76f8a5393,1,2026-08-12 21:58:13,aplikasi udah gk jelas masa gk bisa buka sama sekali,0,10,negative,app_performance,1,True
409ab9de-1b4e-4d06-a58c-088cd6e3c521,5,2026-08-12 21:59:50,insalloh,0,1,positive,,0,False
ac9c59f4-0d87-44f0-840b-b854d49fd916,4,2026-08-12 22:07:35,Kenapa saya tidak bisa Download atau update BCA mobile. Keterangan nya kompatibel....??,0,12,positive,device_compatibility,1,True
2fcee863-a0ac-4287-907a-ba21fef17d38,1,2026-08-12 22:11:52,kenapa ga bisa di buka,0,5,negative,app_performance,1,True
c061dfb4-a965-4bf1-b789-844849be3727,5,2026-08-12 22:12:17,mudah digunakan,0,2,positive,,0,False
a542f5a3-f265-45c0-a636-3607da2d7b54,3,2026-08-12 22:19:27,terbaik dan ramah,0,3,neutral,,0,False
61553233-8783-41c2-af75-9c7fde5ba00c,5,2026-08-12 22:20:44,sangat mamuaskan,0,2,positive,,0,False
77999c90-aa20-4d25-aa00-cda3f12998b8,5,2026-08-12 22:22:27,Ok,0,1,positive,,0,False
a255fa2f-48e9-4e01-9793-80f4c2abf67d,5,2026-08-12 22:28:44,kinerja bagus.sangat-sangat membantu.,0,3,positive,,0,False
61af0786-89dc-41a0-add6-2a6d98b75c60,5,2026-08-12 22:29:01,Bca saya kok gk bisa di pkek knp,0,8,positive,,0,False
df364e1e-5d44-46f7-87cf-400f5bc94d13,5,2026-08-12 22:31:36,sangat praktis,0,2,positive,,0,False
d1431a96-b136-4774-89d2-3971697c5032,2,2026-08-12 22:34:10,sangat membantu saya,0,3,negative,,0,False
5dfe5064-0450-43bc-9e21-512b7ffbbe13,5,2026-08-12 22:39:32,Baik,0,1,positive,,0,False
766ea178-81bf-4646-947c-446cc0369240,1,2026-08-12 22:39:36,gak bisa updeta di play store.kompatibel penyebab nya menurut play store,0,11,negative,device_compatibility,1,True
34e7d6db-1995-4d74-a765-78155f361eac,5,2026-08-12 22:39:41,"Skrng buat transfer susah, gak seperti versi sblmnya jadi repot harus ke atm terus, padahal pulsa juga ada tolong diperbaiki dong",0,21,positive,,0,False
07dbbc52-f74b-4e06-8fb4-f8e544cec8f6,3,2026-08-12 22:46:56,giliran di upgrade malah GK jls ni m-banking ribet pula,0,10,neutral,,0,False
269fc68b-e6e1-410e-b542-1fe83fab863d,5,2026-08-12 23:09:52,makin terpercaya,0,2,positive,,0,False
d499b1c0-58d1-42f2-9b8a-ff92d6b6c424,4,2026-08-12 23:13:39,sangat membantu,0,2,positive,,0,False
1acaf6d6-d28d-4348-b317-0c1f6ae9cc0f,5,2026-08-12 23:53:08,mantap,0,1,positive,,0,False
7afdac29-8261-4ace-aee9-128be7943fbe,1,2026-08-13 00:17:14,saya TDK bisa update karena hp saya jadul.. ☹️,0,9,negative,device_compatibility,1,True
602994ca-68e9-450c-ae40-07f28fd80c62,4,2026-08-13 00:25:30,"kurang memuaskan,biaya admin g gratis",0,5,positive,,0,False
2a99e399-3a93-4be2-a834-c51fc21e5810,5,2026-08-13 00:28:11,Kenapa punya saya dari tadi ga bisa virifikasi wajah mohon menunggu terus,0,12,positive,,0,False
09d8225f-d039-4288-a486-0bf8339af9d2,5,2026-08-13 00:44:03,sangat membantu,0,2,positive,,0,False
8ff1256d-ce45-4e04-a120-015198c390eb,5,2026-08-13 00:45:12,untuk saat ini mantap. biaya admin nya cukup besar. sesuai tipe kartu trimakasih bca mobile,0,15,positive,,0,False
0dda13bc-eda0-4bc5-9b71-957f887a50f1,3,2026-08-13 00:55:56,di update terus. jangan gede2 kenapa memory nyaaaaa. padahal fitur nya sama,0,12,neutral,,0,False
f822a781-ae5a-4d38-8c25-bb5629320a9e,5,2026-08-13 01:07:22,"Di update makin gak jelas, gangguan terus",0,7,positive,app_performance,1,True
92ad62c6-631e-4441-88ab-1c9104781939,1,2026-08-13 01:18:13,"tolong ini kenapa ya bca saya mental' terus gabisa login udah coba install ulang, tapi tetep aja gda perubahan.",1,19,negative,,0,False
9279856a-92f4-4fca-88c4-59f238a392fc,4,2026-08-13 01:25:10,saya harus bagaimana perangkat saya read me note 4 sudah tidak kompatebel dengan aplikasi BCA mobile?,0,16,positive,device_compatibility,1,True
5112fa32-1914-4c0c-9e98-955241bcba60,1,2026-08-13 01:28:26,malah sering ngebug,0,3,negative,,0,False
18d7f3a9-9046-49ae-873d-9019caaca235,1,2026-08-13 01:36:14,"aplikasi pada up masa hp juga harus ganti, jd gak suport",0,11,negative,,0,False
9c517c2b-52ef-4f57-94e0-b39f43a49d11,5,2026-08-13 01:39:21,Sangat membantu y bertransaksi,0,4,positive,,0,False
8e2d974d-d731-49b3-8788-46cef01b8e90,5,2026-08-13 03:04:45,Baik,0,1,positive,,0,False
845900cd-56b7-477a-9668-a60d747fad18,1,2026-08-13 03:06:44,Apa ini perangkat tidak kompatibel. Parah,0,6,negative,device_compatibility,1,True
0a7d913e-58e1-4893-a212-ebfa42e007d9,2,2026-08-13 03:15:59,"tiba"" mobile bca saya tdk bisa terbuka",0,7,negative,,0,False
42325dd0-4c0a-4077-a8ea-78bd9dce85f1,5,2026-08-13 03:28:22,Bagus,0,1,positive,,0,False
ffb0695d-5251-4281-a763-d9bd64b3613d,1,2026-08-13 03:30:06,saya tdk bisa download aplikasi ini lg td nya bisa,0,10,negative,,0,False
d1e76ce1-6e6c-4ce3-aedf-645ce0582812,1,2026-08-13 04:00:38,Ga bisa di buka setelah di update,1,7,negative,app_performance,1,True
e83f86d5-5f17-45b0-a651-619e22c038c1,5,2026-08-13 04:13:32,Bagus,0,1,positive,,0,False
3a559f4b-1b02-4f19-8a8d-9ee441498f28,5,2026-08-13 04:42:33,Good abd easy,0,3,positive,,0,False
ed99233e-8bb9-400d-8c3c-f792341d2c2e,4,2026-08-13 04:49:43,Proses cepat,0,2,positive,,0,False
d2cd5dae-67de-49a6-a9bb-88797ac45421,5,2026-08-13 04:58:30,Mantap,0,1,positive,,0,False
cb198a00-1230-4ab1-9de8-ad5417d9295e,5,2026-08-13 05:08:02,kalau bisa jangan terlalu besar mega bite,0,7,positive,,0,False
e3b2c8dc-844b-4e85-829d-a9e4a9e2cbc6,5,2026-08-13 05:19:58,Baik,0,1,positive,,0,False
5c586035-18fc-4cec-a1cd-fc728ded874d,5,2026-08-13 05:24:48,sangat hebat,0,2,positive,,0,False
9ba36b37-4e0a-4246-857e-2b840c201c8b,5,2026-08-13 05:30:22,Trimakasih. sudah sangat membantu saya,0,5,positive,,0,False
3cbd076a-6bce-4e77-8e45-d2e483c2e571,5,2026-08-13 05:31:54,bagus,0,1,positive,,0,False
d633bc5a-ed8b-434f-87d5-6416ba6c223e,2,2026-08-13 05:53:50,Padahal sinyal internet stabil sekali tapi sering lama nyala indikator hijau nya,3,12,negative,indicator_light_stuck,1,True
e58315bd-2576-4f02-adad-b9005946a27f,5,2026-08-13 05:53:56,apakah saya bisa mengambil dana kur di bca mohon info dan bantuany,0,12,positive,,0,False
f47ec475-671e-4748-b9d0-70854a494a23,5,2026-08-13 06:12:21,bagus,0,1,positive,,0,False
4aeb35d5-dbe4-4868-84f8-ed3731b6aab4,4,2026-08-13 06:21:20,sangat banyak membantu aktifitas setiap saat,0,6,positive,,0,False
4e6361db-2eab-476d-84bd-8ce068e2597a,5,2026-08-13 06:25:05,Sangat membantu sekali BCA ini,0,5,positive,,0,False
6d60fff1-7e12-473f-8f88-8904b905cc70,5,2026-08-13 06:29:52,Good,0,1,positive,,0,False
679029ed-9acc-4974-a223-99e396d75da4,1,2026-08-13 06:33:18,"tidak bisa d buka, force close terus meski sudah coba instal ulang, saya coba d hp lain pun sama",1,19,negative,app_performance,1,True
b4d2f3cb-b319-4182-ba34-d575d5db5b22,5,2026-08-13 06:47:21,Oke,0,1,positive,,0,False
06564703-f17c-4cc3-85b8-c8b0fcc058d1,5,2026-08-13 06:48:28,ok,0,1,positive,,0,False
e6ae3c40-06e1-465a-8a94-f838b19d9028,5,2026-08-13 06:53:40,ok,0,1,positive,,0,False
9f6b2413-6cd5-4706-8981-8a3affe41b0e,1,2026-08-13 06:55:56,"per tanggal 12 agustus 2026, sy tdk bs menggunakan aplikasi bca mobile, karena hrs upgrade lagi diplaystore, dan ternyata bca mobile tdk bs diakses untuk android 7 (errornya aplikasi ini tdk kompatible diperangkat anda), kenapa ya ? padahal aplikasi bank lain msh bs diakses dg android 7",0,47,negative,"app_performance,device_compatibility",2,True
b6b84eb5-a20f-4849-a2f7-a60e527a8a37,5,2026-08-13 06:57:00,good job,0,2,positive,,0,False
595f3bda-4db9-4c86-ae04-3a764cd43c0b,5,2026-08-13 06:59:56,Bermanfaat,0,1,positive,,0,False
4c1422cc-03d2-40dc-845a-aab9275df191,5,2026-08-13 07:01:28,banyak,0,1,positive,,0,False
c4cc27fd-36dc-4084-81ee-801ac0a1b776,5,2026-08-13 07:06:05,"update terbaru malah gak bisa, update di playstore malah perangkat sudah tidak mendukung, kacau sekali ini, gimana dong solusinya?!",0,19,positive,device_compatibility,1,True
16775972-0865-4557-9a18-f914d0492cac,1,2026-08-13 07:10:05,Aplikasi tdk bs di upgrade,0,5,negative,,0,False
2ad96563-a332-4b98-95f1-f4aa756556d8,5,2026-08-13 07:11:21,sangat bagus,0,2,positive,,0,False
5fd38c5b-cf35-4dfb-96c9-1fca693d3f36,1,2026-08-13 07:20:03,sulit nya verifikasi wajah.,0,4,negative,face_verification_failure,1,True
2fb1b64e-480b-44e2-bcde-cdde3001cba1,1,2026-08-13 07:23:42,ribet tiap masuk acunt bca disruh apdate mulu tp gaka bisa diApdate nih BCA nye,0,15,negative,,0,False
f094044c-eb17-4af9-bf06-1ec880d4a28a,1,2026-08-13 07:29:13,Akhir riwayat BCA mobile di samsung j7prime Terimakasih aplikasi sudah tidak bisa digunakan lagi 😏😏😏,0,15,negative,,0,False
617796d0-75f9-45a8-896b-d34a774121e5,4,2026-08-13 07:33:41,kenapa nggak bisa di update ya? ga bisa di buka juga APK nya,0,13,positive,"app_performance,device_compatibility",2,True
796b8773-a882-4211-a81d-aded2e93d7f9,1,2026-08-13 07:59:39,sangat tidak memuaskan.krn tdk bisa d instal,0,7,negative,,0,False
e47d0368-aaf7-4ddf-b357-3fa49f5dfc1d,1,2026-08-13 08:03:04,Aplikasi minta update. Sdgkan hp yang dingunakan Andoid 7. Sdh 6 tahun Pakai aplikasi ini mbking bca. Skrang disuruh beli hape secara tidak langsung.. Kecewa...,0,25,negative,,0,False
8f227b9b-a1d3-4485-b87f-2e0b7fc2b77a,1,2026-08-13 08:39:27,"Bca mobile versi lama uda bagus kok. Skr minta update, hp lama tidak compatibel tidak bisa buka. Hal ini sangat merugikan, kayaknya programer uda kerjasama dengan suplier hp utk cari laba. Sangat aktif utk menyusahkan customer. Masa utk buka aplikasi ini, harus beli hp baru? Apalagi data rekening ngak bisa di buka.",0,52,negative,,0,False
cfd5b74b-7a07-462c-be2c-462bf9d7d7df,5,2026-08-13 08:49:28,layanannya bagus dan baik,0,4,positive,,0,False
4f039b40-dc2a-47f5-a53d-a7d94879c144,4,2026-08-13 08:51:14,"ga user frandly untuk tampilan BCA mobile, kenapa ga disama kan seperti MY BCA",0,14,positive,,0,False
442a7817-6f86-4f51-a8bd-a7d6750a5da2,4,2026-08-13 08:53:50,cuma saya mau perbarui malah g bisa udah gt download langit nggak bisa,0,13,positive,device_compatibility,1,True
c37dcd3d-d086-4bfc-9273-c5f8adf576f0,4,2026-08-13 08:56:18,good,0,1,positive,,0,False
5339ee6a-4561-4a56-9e26-00d375759cac,4,2026-08-13 09:01:26,nggak usah terlalu sering minta update,0,6,positive,,0,False
42936d86-30e5-4c7d-a1c4-af475a76cd9c,5,2026-08-13 09:07:08,sangat membantu .. mantab,0,4,positive,,0,False
af028371-7bb3-481e-98f1-baa9a9ec886e,3,2026-08-13 09:11:12,karena di hp saya tidak tersedia aplikasi ini,0,8,neutral,,0,False
ba99da5c-2860-4e3b-8d22-2ba0e57db83e,5,2026-08-13 09:13:53,sejauh ini masih bermanfaat 👍👌,0,5,positive,,0,False
c55c998b-1165-48e0-93d4-c9c41139c34c,3,2026-08-13 09:38:23,Selama ini pake m banking dengan nyaman..perhari ini saya tidak bisa akses lagi..di suruh update tapi ternyata versi terbaru nya tidak support di hp saya ..😭😭😭😭 ..,0,27,neutral,,0,False
56f9bfb1-52b2-4079-b815-e70d92c543a7,3,2026-08-13 09:39:02,saya kasih bintang 3 karna untuk up grade jadi susah,0,10,neutral,,0,False
24818442-3bd3-473e-b5da-1f23cada2373,5,2026-08-13 09:56:32,BCA mobile sangat membantu dalam kehidupan finallsial saya,0,8,positive,,0,False
f6c9de23-0880-4fa5-8318-9bd396614022,5,2026-08-13 09:57:12,Good,0,1,positive,,0,False
dd02e3f9-c7a8-4fdb-be25-1ba8ef0202f3,5,2026-08-13 09:58:27,Sangat membantu untuk transaksi..terima kasih 🙏🙏,0,6,positive,,0,False
e1fb50f5-e61b-4414-b24a-ce9ac9e268d3,5,2026-08-13 10:04:03,Knp suka tiba ga bisa di buka app'y,0,8,positive,app_performance,1,True
b8a25072-da27-4673-8063-2adf2f9d4019,1,2026-08-13 10:08:14,di update malah force close terus,1,6,negative,app_performance,1,True
d1aa4d6d-9735-4cb8-9eaa-0cb83b5c5590,3,2026-08-13 10:12:35,m.banking ga bisa updete,0,4,neutral,,0,False
a6936e4c-f0bb-4612-a5f9-b3d9c1fff8d3,1,2026-08-13 10:20:40,knp ngga bisa donlot my bca yah memori masih kuat ko di perangkat hp saya ngga bisa knp bos penjelasanya,0,20,negative,,0,False
c65449bf-4a49-494c-8148-1775368f8cd8,5,2026-08-13 10:21:57,baik bagus selalu yg terbaik,0,5,positive,,0,False
0fdf96c1-078b-424a-97f4-dfc361f43f0f,5,2026-08-13 10:32:58,aplikasi perbankan yg memudahkan transaksi tanpa harus ke kantor Bank.,0,10,positive,,0,False
41419a5b-dc7a-4161-85fe-4c72d40a6af9,5,2026-08-13 10:35:05,mantab,0,1,positive,,0,False
4c4a46bd-bce4-48f5-90d3-a5596698fbb2,5,2026-08-13 10:57:00,Bca mobile tdk bisa di buka,0,6,positive,,0,False
114c597a-a41a-4ac2-829a-28b040b7a7ce,5,2026-08-13 10:57:28,membantu,0,1,positive,,0,False
8b772ead-fab5-4e9f-9c84-f7203f489f27,1,2026-08-13 11:02:36,"hp jadul g bisa update , malah g bisa make lagi masak suruh beli hp baru tak hapus aja .",0,20,negative,device_compatibility,1,True
8e3fe6a3-2835-40d4-ad03-218ab09f332b,5,2026-08-13 11:03:27,kenapa bank BCA mbangking GK bisa di buka,0,8,positive,app_performance,1,True
a9508c44-2c85-44fc-8ea5-c8e963897e68,5,2026-08-13 11:04:28,goodjob,0,1,positive,,0,False
c5b6795c-de69-4e35-80d4-a3f9c5d2eb81,5,2026-08-13 11:09:03,aplikasinya sangat menguntungkan,0,3,positive,,0,False
c3d4e46d-e61c-4df7-a376-309db2b4ef8a,3,2026-08-13 11:14:27,"knp di suruh update terus, lg dadakan perlu, malah jadi lama",0,11,neutral,,0,False
081f12fc-a7e1-43e7-b975-fef9a22be347,4,2026-08-13 11:18:30,Sangat praktis dan cukup membantu..,0,5,positive,,0,False
c240d759-11be-4f4d-9056-da01ef9ae800,5,2026-08-13 11:37:11,keren,0,1,positive,,0,False
d66e9426-ef5f-4f78-a305-9d3418575df4,5,2026-08-13 11:37:22,sangat suka dengan ada nya aplikasi BCA mobile,0,8,positive,,0,False
8a2f2226-9c4a-4a90-a03a-461b29337688,5,2026-08-13 11:39:19,Saya tidak suka melihat iklan,0,5,positive,,0,False
39edd2fc-9dbc-43fd-ab6b-d20a7799e120,5,2026-08-13 11:43:49,"terima kasih BCA, Support finance Best the over Since",0,9,positive,,0,False
e4dce59b-6ab8-4179-ac0d-c563117d6061,1,2026-08-13 11:45:43,ga bs update..gagal trs,0,4,negative,,0,False
09e52134-6d93-419e-a549-5a6fe0870b50,2,2026-08-13 11:48:48,bagus biar lebih aman lagi,0,5,negative,,0,False
7c6766c9-18ac-4055-bd6a-a92de7ab1701,2,2026-08-13 12:24:08,"hallo BCA , semoga hari ini semangat selalu dalam beraktifitas. sedikit kritik KLO beberapa waktu terakhir apk sering sekali offline, sepertinya koneksi nya hanya beberapa detik saja.. saat transaksi transfer tiba tiba indikator merah atau biru. kl sesama BCA bisa berhasil karna cepat , kl beda bank agak panjang dan sering terputus.. ini bukan prihal koneksi hp tapi beberapa sahabat juga seperti itu.",0,63,negative,indicator_light_stuck,1,True
ebb6d10f-1ded-4382-bde8-7db43ede8f61,5,2026-08-13 12:24:58,mantap,0,1,positive,,0,False
e33d0d99-bbaa-4a7b-a878-187424188245,1,2026-08-13 12:25:20,"indikator sampah, gk kaya bri bni mandiri simple 👍🏼",0,9,negative,indicator_light_stuck,1,True
a2ea76a5-86bc-4886-bfc6-076a8dde6f2d,1,2026-08-13 12:27:19,warna lampunya biru terus,0,4,negative,,0,False
85a4393c-c965-4266-a795-e83bf97d7f28,3,2026-08-13 12:35:19,"ga bisa di upgrade, katanya harus hubungi developer 🤦",0,9,neutral,,0,False
2f5ddedf-ad49-45c5-9f3a-341140bc5499,1,2026-08-13 12:42:05,ponsel saya samsung j2pro jadi ga bisa di buka tolong dong kembalikan seperti semula agar saya bisa buka bca mobile saya untuk transfer dan melihat saldo,0,26,negative,app_performance,1,True
53204407-e135-47bb-8a18-93a666b9a890,5,2026-08-13 12:42:20,mantap,0,1,positive,,0,False
34263f04-26cc-4694-a2cd-a5da6691d34f,1,2026-08-13 12:42:34,gimana caranya biar bisa ke update,0,6,negative,,0,False
39ac88e5-5524-4bfb-b2b9-a27bfa365765,5,2026-08-13 12:45:28,cepat no lemot,0,3,positive,app_performance,1,True
d7fc7df6-3597-406e-9a44-4cdd58f1d702,5,2026-08-13 12:46:43,Baik,0,1,positive,,0,False
c87a9730-d5b8-4562-8f70-38b6b8dc6a4e,3,2026-08-13 12:47:38,masukin kode Akses harus update tolong developer di perbaiki,0,9,neutral,login_otp_access,1,True
2baf08de-99c7-48dd-a464-e0220fbeeef5,4,2026-08-13 12:48:25,update Mulu dah kadang lemot mau TF QR nunggu lampu ijo kadang lama harus log out login lagi,0,18,positive,"indicator_light_stuck,app_performance",2,True
223fc3a2-33f3-4d6f-9940-7fa8807c6f35,5,2026-08-13 12:48:41,kenapa kok tidak bisa d buka,0,6,positive,,0,False
494e904f-7b85-412d-8ffe-233387123b57,1,2026-08-13 12:54:43,Kok ndk bisa di Download ya,0,6,negative,,0,False
2bcdd707-9d63-48c4-bbd1-aa1011949341,3,2026-08-13 13:06:41,knp tidak bisa di gunakan,0,5,neutral,,0,False
db5913c8-78ff-494f-b6b0-707ae039ea46,1,2026-08-13 13:17:19,udah registrasi gagal mulu njink,0,5,negative,,0,False
dfd51c21-6fcf-4e03-aef3-69fc00566b2c,3,2026-08-13 13:20:09,"Tolong dipermudah lagi untuk hp yang jadul android 7 karena tidak semua orang bisa beli hp yang baru ato belum bisa beli hp baru, karena sudah tidak bisa di update dan sudah tidak konpatibel di play store tolong kebijakannya dan terima kasih 🙏",0,43,neutral,device_compatibility,1,True
685e91e8-fdd8-40fd-bd53-745c78428e80,5,2026-08-13 13:37:54,sangat membantu cepat akurat,0,4,positive,,0,False
865428b6-2aae-4095-a920-1f48c8010ab9,5,2026-08-13 13:45:40,Pelayanan super cepat,0,3,positive,,0,False
cdc9e8f4-0dbb-452f-a99d-a1e8b43fb27f,5,2026-08-13 13:46:54,baik,0,1,positive,,0,False
ebee6a7e-7256-4ae5-9e0a-5459b2559cc1,5,2026-08-13 13:52:19,"saya gk bisa donlod ,,karena persi baru ,,gimna Cara nya",0,10,positive,,0,False
1a12178b-1579-4502-ac71-230c94561910,5,2026-08-13 13:57:21,sangat mudah cara menggunakan,0,4,positive,,0,False
8e8ab3f0-0b65-489c-a61c-9bc55cb6f87b,1,2026-08-13 14:12:10,"g suka pke bca ribet tiba"" atm sy kena status kriminal udh gtu di cabang serua Ciputat sruh pengembalian dana 300rb udh mw 2 bln g slesai"" sruh bolak balik truss uang sy g kembali 300rb org cabangny blng klo dh kebuka uang sy ada di mbangking tp ini smpe skrg atm sy blm bisa"" gmn ni bca tolong dong sy perlu pke bca soalny uang su jg msh nyangkut 300rb itu sy dtangin ke cabang mlh di oper"" ga jls sy minta tanggung jwb nya bca trimaksih",0,88,negative,customer_service,1,True
0f50d9a5-67d6-4ecc-b696-c854abc660a5,4,2026-08-13 14:13:19,Suka,0,1,positive,,0,False
9f526b05-316c-4394-b377-5963bfc7e589,5,2026-08-13 14:21:21,Sangat memuaskan,0,2,positive,,0,False
7a3ca20c-2cd1-4cd1-ade9-ad8edf357557,1,2026-08-13 14:45:15,"Aplikasi ini tdk kompatibel di perangkat saya, saat update",0,9,negative,device_compatibility,1,True
738d797f-97d0-4d42-a0a1-9b28e1d56a54,2,2026-08-13 15:06:46,maaf bukan tdk menghargai ini dikarenakan hp saya jadul hari ini ler tgl 13 agustus 2026 tdk bisa digunakan karena keterangan hp tidak kompetibel....,0,24,negative,device_compatibility,1,True
3d7df3c9-046f-47f1-abf9-3b4036b1dc1f,1,2026-08-13 15:19:39,Aplikasi taik. Gara gara aplikasi taik ini aku gak bisa buka m banking. apakah aku harus ganti hp ? Dasar aplikasi taik,0,22,negative,app_performance,1,True
784761d7-0993-45e8-b89e-c113d78bd9f0,5,2026-08-13 15:25:53,Mantap,0,1,positive,,0,False
1b1db0a3-32b1-416e-a4ed-e8b2a80ff8cc,5,2026-08-13 15:41:00,sangat nyaman,0,2,positive,,0,False
d9a878f6-7050-4db2-b4d0-13e7d768d01e,1,2026-08-13 15:51:02,😡,0,1,negative,,0,False
16b05bfc-63e6-40b7-b06f-833e2104a974,1,2026-08-13 15:58:23,Setelah di update malah gabisa di buka mending gausa di update..... spek sudah memumpuni tapi tetap tidak bisa android 13 Device poco f6,1,23,negative,,0,False
f56f43a0-e6ed-4f64-b655-4cc3fa6cec97,5,2026-08-13 16:09:32,M BCA sangat membantu dalam bertransaksi,0,6,positive,,0,False
fa23aee8-a775-448d-a260-c9dbbd39c08b,4,2026-08-13 16:16:31,joz boz,0,2,positive,,0,False
54efc6dc-8adf-487d-9d56-71e381ef3212,5,2026-08-13 16:22:13,sangat membantu sekali,0,3,positive,,0,False
4c1e4251-a350-4618-bf8e-deef3e204e52,5,2026-08-13 16:35:12,tolong dong hp jadul sya gk bis buka ini,0,9,positive,device_compatibility,1,True
64cc71e4-052f-40e3-90db-9d1adfbe0883,1,2026-08-13 16:44:07,"Pas buka aplikasi minta update, tapi di playstore ngga ada update, gimana ini Jadi ngga bisa pake mobile banking",0,19,negative,device_compatibility,1,True
de2abb14-dfc1-4184-b2b1-ba2489ad3602,4,2026-08-13 16:49:49,bagus,0,1,positive,,0,False
7dc9fc79-824a-4c74-8f43-3cad43b3e2cf,5,2026-08-13 16:58:20,Sangat puas sekali,0,3,positive,,0,False
74ab5079-d28c-4b77-a2dc-9c9cae57ab47,5,2026-08-13 17:07:36,Terbaik,0,1,positive,,0,False
14c1dac0-8e89-40f0-a2c7-43e8241f085b,1,2026-08-13 17:13:50,"aplikasi ini sangat memudahkan dlm transaksi, tapi sudah tidak lagi kompotible pada perangkat saya mohon bisa dibantu developer terhormat, terimakasih.",0,20,negative,,0,False
b626b0c2-be4c-4085-8fce-386c6daf7fbf,5,2026-08-13 17:23:32,sangat bermanfaat untuk mengatur keuangan,0,5,positive,,0,False
41475308-8ff4-4b64-96e0-6d2f255011c8,5,2026-08-13 17:26:59,Bagus,0,1,positive,,0,False
f9f4b979-b93a-4f4c-9705-9ae482eb3dc3,5,2026-08-13 17:45:04,👍👍👍👍👍,0,1,positive,,0,False
b54c5fcb-5907-46dc-b3f0-80163b66f4a2,3,2026-08-13 17:52:30,"kenapa, saldo saya tidak masuk di liat dari info saldo, tetapi di liat dari mutasi rekening transfer an masuk, tolong minta bantuan nya",0,23,neutral,,0,False
f8afcd80-28ba-4075-9f05-974b56e722dc,5,2026-08-13 17:58:36,sangat berguna sekali,0,3,positive,,0,False
c8dafdb5-6911-45a4-9ead-02d57b7e3248,1,2026-08-13 18:06:49,Susah donwonlod ny7,0,3,negative,,0,False
93134ef5-d58f-49c7-9785-4bd02ccc1d00,1,2026-08-13 18:09:55,lemot BCA sekarang,0,3,negative,app_performance,1,True
0a64cdf9-9239-4398-a884-ee8ff5caca8d,5,2026-08-13 18:24:49,Good,0,1,positive,,0,False
0bab0fc1-4a0e-44e8-81b7-05488c1443a0,1,2026-08-13 18:35:26,GJ kepotong saldo sendiri mulu,0,5,negative,unexplained_deduction,1,True
830f871a-62f3-42c0-a878-968d26afa153,5,2026-08-13 18:56:29,saya lebih mengerti dgn cara pakai m banking,0,8,positive,,0,False
777f3c5a-8197-4b90-bffa-57d2f87e350f,3,2026-08-13 18:58:37,"baru kali ini pakai bca lelet bngt padahal jaringannya bagusss, apalagi kalau bayar pakai Qris minta ampun leletnya 🧐",0,19,neutral,,0,False
8fc4d151-d3b5-4a07-9d50-2e62d2566d7e,4,2026-08-13 19:02:39,"pelayanan cukup bagus, loading trus mau donlot pembaruan bca mobile terbaru pdh jaringan aman",0,14,positive,,0,False
6275d4a6-d775-49f3-bfa6-fa39b4276e5b,1,2026-08-13 19:14:02,di update hp saya sudah ga support lagi gimana sih bca kan ga semua orang punya cukup uang untuk beli hp baru jadi klo mau cek tranferan orang ga bisa hadehh bikin pusing,0,33,negative,,0,False
814767a0-e463-4116-af13-d66789e905a8,1,2026-08-13 19:25:35,kecewa uang lenyap dimakan atm nyah parah biarpun kecil tapi itu uang bos bukan mainan parah g bakal saya pakai lg smua tentang bca,0,24,negative,,0,False
f4f5d2aa-6297-4144-946a-7ba132d7e624,5,2026-08-13 19:32:09,kok tidak bisa dibuka sekarang,0,5,positive,app_performance,1,True
77f0f578-7c81-483e-85c5-5c4662e94718,5,2026-08-13 19:40:40,"Masya Allah Bank BCA sangat membantu terimakasih BANK BCA, Sukses selalu 🎉🥰",0,12,positive,,0,False
8cb6fb3a-400c-401d-9760-b3534193204c,5,2026-08-13 19:42:12,bagus,0,1,positive,,0,False
7004b177-bccb-4b2b-b39b-e5080b4b1ad7,1,2026-08-13 19:53:40,"gak bisa ke buka, mental (force close) mulu, udh 3 hari, udh di update sama aja.",0,16,negative,app_performance,1,True
81abf201-ea74-4a60-a726-30caabffce71,5,2026-08-13 19:56:44,sangat baik,0,2,positive,,0,False
a30354da-30dc-4dea-bbe0-b009a6183fcb,2,2026-08-13 20:00:39,abis di update mlh susah login,0,6,negative,,0,False
e225151b-15b0-4594-a3fe-453701c8319c,1,2026-08-13 20:17:03,"segala pembaharuan lagi, mana pas gajian... hp jadul jadi ga bisa ngegunain mbanking lagi.. versi sebelum nya juga masih bagus.... ada ada aja",0,23,negative,device_compatibility,1,True
6d392e5f-d406-496e-bb39-7665b4aa2ea6,4,2026-08-13 20:26:34,pelayanan selalu bagus dan cepat,0,5,positive,,0,False
b7df0fc4-2054-42ba-97c5-38fa4898bdc2,5,2026-08-13 20:28:39,baik,0,1,positive,,0,False
6ae27860-bdea-4a4d-9efe-a3a06ef5ef93,1,2026-08-13 20:30:02,"di suruh update, pas dah di update nggak bisa di buka",0,11,negative,"app_performance,device_compatibility",2,True
d5d67de6-8012-44fd-ac66-1191df68ef9e,5,2026-08-13 20:39:14,Mantaap,0,1,positive,,0,False
529a436e-cb6b-420a-9223-630a97c58af3,1,2026-08-13 20:49:27,tidak bisa di update ke yang baru,0,7,negative,device_compatibility,1,True
ae65be1a-9641-4392-ae1e-67a84ce09b10,2,2026-08-13 20:51:08,"ko bca mobile saya g bs d gunakan ya,keterangan nya,perangkat anda tidak kompatibel dgn persi ini,kenapa ya",0,17,negative,device_compatibility,1,True
0bcc7390-94f5-40c9-8520-d7609e7fe0e3,2,2026-08-13 21:07:51,semoga semakin sukses bca,0,4,negative,,0,False
167ede82-a94b-4ac3-8988-807086ad542a,5,2026-08-13 21:09:17,sangat berguna sekali untuk masa depan,0,6,positive,,0,False
8c7a4d3b-056c-40c1-b8df-46edbcf95690,5,2026-08-13 21:15:34,sangat puas,0,2,positive,,0,False
76681fe8-dcfa-4837-948e-40d6af792a47,2,2026-08-13 21:20:01,"Admin mohon dibantu, aplikasi diharuskan update ke versi terbaru tetapi pas mau di update malah tidak bisa dengan keterangan aplikasi sudah tidak kompatibel dengan perangkat saya. Kira-kira untuk solusinya seperti apa ya? Sedangkan untuk download m-banking MyBCA pun juga tidak tersedia lagi di playstore perangkat saya.",0,46,negative,device_compatibility,1,True
10c93ca7-2209-44f6-b824-d357e4b31ee3,5,2026-08-13 21:20:19,Ok,0,1,positive,,0,False
2c7a9289-bade-43af-8571-6851cd1ae6aa,5,2026-08-13 21:37:15,Bagus,0,1,positive,,0,False
176d51bb-73e0-412c-b4d6-6765cbe10719,5,2026-08-13 21:40:53,Mantaaap,0,1,positive,,0,False
0c54f19a-0ffb-491d-8941-6b7085dc27d3,1,2026-08-13 21:42:17,saya mau Upgrade tapi Nda bisa2. gimana cara'y yah,0,9,negative,,0,False
a3e354af-6205-4810-acf2-68a5d0f92eac,5,2026-08-13 21:46:09,Keren,0,1,positive,,0,False
3ac456d1-3606-4f42-a47e-5b0e7154e0fb,5,2026-08-13 21:49:05,Keren dan bagus untuk aplikasinya,0,5,positive,,0,False
b0113e14-03f1-4e9e-9f21-8ff904a74fa5,4,2026-08-13 22:02:59,Sangat membantu,0,2,positive,,0,False
8fba7fec-f68e-4718-9745-41c89671f698,1,2026-08-13 22:20:24,kenapa bca mobile gk bisa di buka ya...,0,8,negative,app_performance,1,True
1dfcce74-1871-48a4-a845-61d7505e9b32,1,2026-08-13 22:47:24,lemot bgt,0,2,negative,app_performance,1,True
9b3eadfa-b02b-4243-be30-fb83e192d126,5,2026-08-13 23:40:37,mantap,0,1,positive,,0,False
537233e6-d3de-4451-85da-1aec1e112efb,5,2026-08-13 23:42:01,saya tidak bisa buka m banking lewat hp,0,8,positive,app_performance,1,True
13acd14c-423c-486c-9883-7b4d31f8e44d,2,2026-08-13 23:45:23,"habis di update langsung nge bug, keluar mulu kaga mau log in",0,12,negative,,0,False
5fb871ae-a1ef-467a-881a-79ef46f7adba,5,2026-08-14 00:16:37,Klu minta versi ini aja bisa gak?,0,7,positive,,0,False
fc37e797-c049-4ca9-a051-02b7c818f8d5,4,2026-08-14 00:19:12,bagus,0,1,positive,,0,False
5c6aa740-0e41-4dee-b0a0-d684899f4884,5,2026-08-14 01:03:02,mempermdah transaksi,0,2,positive,,0,False
b8129ee7-8d6f-4161-87a6-13698bf9209a,1,2026-08-14 01:12:36,perangkat tidak kompetible di redmi 4x untuk sekarang masa harus ganti hp cmn gara gara mau pake apk ini gimana developernya not respect again lah....,0,25,negative,device_compatibility,1,True
640861e8-9dfc-4eba-a77a-726c87b65b71,5,2026-08-14 01:42:45,Bagus,0,1,positive,,0,False
cc776e61-4d99-485d-948a-1e12c3cf430a,1,2026-08-14 03:56:14,apk ny udh di update TPI ga bsq di pke,0,10,negative,,0,False
4a6495fe-a391-45d3-8edd-cebf9fd27671,5,2026-08-14 04:56:36,PunYa kami masih trobel,0,4,positive,,0,False
3813126c-985a-4b13-a5f9-6808bf8cbc87,5,2026-08-14 05:07:37,ok,0,1,positive,,0,False
36dcbc73-943a-4245-a9e5-0e2d465c8c68,5,2026-08-14 05:22:38,Mantap,0,1,positive,,0,False
c2361502-68a8-43e1-96f7-31060b6e112e,5,2026-08-14 05:40:23,sangat luar biasa,0,3,positive,,0,False
28c639fe-547d-48ef-b79d-9ae60193c858,5,2026-08-14 06:32:53,Trimakasih..BCA..berapa tahun saya..menggunakan..BCA ..Alhamdulillah sangat nyaman..🤲🤲🙏,0,6,positive,,0,False
53f87a94-d127-4821-9eba-6611f6fcf151,5,2026-08-14 06:42:21,bca ok donk,0,3,positive,,0,False
95ae58db-f457-4cc5-afef-0d4e44f0d0e1,3,2026-08-14 07:11:34,"cm bisa sekali transaksi , saat transaksi ke-2 loading lama, ujung²nya harus Logout kemudian login kembali",0,16,neutral,,0,False
96b88eeb-3a6e-41a8-a138-b57f15f9cca7,5,2026-08-14 07:15:08,Knph di play store hp saya tidak bisa di donlod,0,10,positive,,0,False
e6050683-c37f-4cc3-8d87-b92e5a8ee0d4,1,2026-08-14 07:34:34,eror terus indikator jarang hijau,0,5,negative,"indicator_light_stuck,app_performance",2,True
55892768-87d4-463e-a4c8-fc378693ac60,5,2026-08-14 07:38:27,Sangat membantu,0,2,positive,,0,False
6f8c3c77-4cde-41fd-9797-d8f22d2ff889,5,2026-08-14 07:45:02,good job,0,2,positive,,0,False
0228f112-0cf8-4763-9c38-62de4f376583,4,2026-08-14 07:47:32,Memperlambat. Efek hp jadul,0,4,positive,device_compatibility,1,True
69835890-d73a-46d5-9ab9-ad9ee9dec9b7,2,2026-08-14 07:57:06,transaksi harus tunggu lampu indikator warna hijau lambat bgt,0,9,negative,indicator_light_stuck,1,True
4a91c3ba-e1c6-4903-9e50-45cc8db82abb,5,2026-08-14 07:57:57,mudah dan nyaman,0,3,positive,,0,False
c4bec060-3ac3-4d55-806b-e009af49bb02,1,2026-08-14 08:10:16,"setelah update versi malahan gak bisa dibuka aplikasinya padahal handphone saya sudah Android 11 , jaringan bagus , kuotanya banyak , memori memadai !!!!",0,24,negative,"app_performance,device_compatibility",2,True
2196c0cc-4bc9-43c7-bffa-9388125fa3b9,5,2026-08-14 08:15:38,makin keren ada notif out/in finance nya.,0,7,positive,,0,False
568341be-e876-4263-b146-0faed5d2ad93,1,2026-08-14 08:42:12,"apk nya sekarang tidak ramah dengan hp jadul, saya tidak bisa update apknya karena perangkat hp saya(xiaomi redmi note 4) tidak kompatibel dengan apk nya jadi saya tidak bisa melakukan transaksi online lagi dengan apk ini, tolong buat ramah lagi apk nya untuk hp jadul",0,45,negative,device_compatibility,1,True
af7806ed-6833-4537-84fa-38342e4c7f46,1,2026-08-14 08:48:08,ribet .. harus update update.. GK mikirin memori nasabah,0,9,negative,,0,False
6c6e8fad-a476-4e96-a97e-b6cdf4144cd5,5,2026-08-14 08:48:26,bagus,0,1,positive,,0,False
f61f9526-2a39-4e4a-a936-542a930291e1,5,2026-08-14 08:50:12,Pelayanannya bagus,0,2,positive,,0,False
41012d07-259e-4402-a04a-8386f291b601,5,2026-08-14 09:04:23,Mantap sekali,0,2,positive,,0,False
c28892d5-b510-42af-96dc-b7e0af9cf58a,5,2026-08-14 09:17:57,memuaskan,0,1,positive,,0,False
019abf50-6b65-4749-be31-d3609914c3e2,5,2026-08-14 09:35:20,memudahkan dlm transaksi,0,3,positive,,0,False
898a99d2-11a7-43ad-91cf-f7e1ed810398,1,2026-08-14 09:36:02,"ketika sudah login ke aplikasi ada popup pembaruan aplikasi, kasih pilihan tombol close biar gk ganggu transaksi",0,17,negative,,0,False
21fb3131-0f3f-4be8-a047-f89574e06437,1,2026-08-14 09:41:09,"pulsa saya habis 15.000 untuk buat daftar mobile bca. kendalanya transaksi tidak dapat di proses. mau nya apakah. hapus saja aplikasi nya. merugikan saya, tidak ada keterangan kendalanya karna apa.",0,30,negative,,0,False
933b4bc2-2d25-46c8-8e16-4cf1543c4864,5,2026-08-14 09:46:35,Ok,0,1,positive,,0,False
05d18926-b458-4172-bb0c-786e08db4c3c,5,2026-08-14 09:49:18,aplikasi digunakan sangat mudah dan selama ini tidak terjadi kendala hannya saja sering agak lemot dalam memasuki aplikasi tersebut.,0,19,positive,app_performance,1,True
425efa59-3c45-4d68-b7b8-3c0684ae8ac1,5,2026-08-14 09:58:40,good,0,1,positive,,0,False
d9b5c800-098a-4359-96f9-7a1d1476d141,5,2026-08-14 10:18:57,saya minta tolong di perbaiki lagi sistem qris nya.sering eror dan memperlambat pmbayaran serta transfer,0,15,positive,app_performance,1,True
99dae879-7c13-4903-bf1d-866872968daf,5,2026-08-14 10:25:36,sangat bagus dan sangat membantu,0,5,positive,,0,False
11686e22-1aad-4ce8-a7e9-8310ec76d4cc,5,2026-08-14 10:47:23,Sangat bermanfaat,0,2,positive,,0,False
442e5f5d-f57a-4f8c-a72a-2806a949e598,1,2026-08-14 10:59:36,kenapA tidak bisa Di pasang perangkatnya,0,6,negative,,0,False
b95fb69a-751b-40ed-b4df-58c6bf61b888,5,2026-08-14 11:04:50,sangat baik,0,2,positive,,0,False
dc9dacda-88b4-4488-a059-d904994aa404,1,2026-08-14 11:22:33,"masa iya di gua gak bisa downlod. di model hp CPH1729,, emng mbuttt ko",0,14,negative,device_compatibility,1,True
4ef89d02-31ab-4c2a-a8d8-4e4c282e8eaf,5,2026-08-14 11:27:10,bagus,0,1,positive,,0,False
bb5f5f9d-be4c-4c9e-aa3a-767f87588eec,5,2026-08-14 12:06:36,Mohon bantuannya kenapa saya ga bisa login ke mbanking?,0,9,positive,login_otp_access,1,True
772cd161-4403-470b-89b8-034137656d43,2,2026-08-14 12:14:24,sangat baik,0,2,negative,,0,False
52c5fdb6-9784-4e7a-b45e-f3c2057b159f,5,2026-08-14 12:26:00,Ini bca saya gimna yah ko g bisa digunain,0,9,positive,,0,False
57abc3e6-e0c2-4fee-bcae-9d85db099a19,3,2026-08-14 12:27:01,"aku sudah masukin dengan benar kode akses mbangking,kenapa keterangannya salah terus dan harus verifikasi lagi",0,15,neutral,login_otp_access,1,True
c98989ae-0c49-4513-86dd-a4bb0eb02354,1,2026-08-14 12:35:15,Minta tolong Untuk Bank BCA untuk berikan fitur cek mutasi bulan ini sama bulan sebelumnya pada aplikasi BCA mobile dan periode mutasi bisa diperbarui maksimum 31 hari untuk mempermudah transaksi .Terimakasih🙏,0,31,negative,,0,False
b6a0b06c-5b4f-47f6-8b13-e290b38fd22a,5,2026-08-14 12:44:10,sangat mudah untuk menggunakan aplikasi ini dan sangat bermanfaat,0,9,positive,,0,False
703c0b77-dfd7-4e19-b615-656923e8a509,5,2026-08-14 12:44:35,Sangat bagus,0,2,positive,,0,False
7727297d-5293-4fc7-8a32-5631c5541523,5,2026-08-14 13:52:45,"Asslamualaikum , sy nasabah bca mobile , kemaren bca mobile sy tdk bisa lagi d pakai sya ke kantor bca ..orang kantornya bilang bahwa bca mobile sy tdk bisa di donlot lagi di karena hp sy bisa di donlot lagi , hp sy harus di ganti ..yg sy tanyakan apa tdk solusinya lagi terima kasih",0,55,positive,,0,False
0a0eccc2-c652-4922-98b5-df8ef0d6b6cf,2,2026-08-14 13:53:24,knapa di hp saya gak bisa buka selalu tertulis aplikasi berhenti,0,11,negative,app_performance,1,True
59dee567-9264-40d1-9a34-987695cbb811,5,2026-08-14 13:55:10,Its the best,0,3,positive,,0,False
d2650de7-d319-4297-a5bb-6312e0adcded,4,2026-08-14 14:42:07,Update terus,0,2,positive,,0,False
f3f5c25c-ce39-49f3-9904-4df3c1c0728f,5,2026-08-14 14:44:16,sangat berguna,0,2,positive,,0,False
03317233-4d3a-455c-8666-bab2b779a2a3,3,2026-08-14 14:47:44,sangat puas dengsn bca,0,4,neutral,,0,False
fb4b7aa9-53ac-4b2d-8edb-684285881450,4,2026-08-14 14:55:54,kak bca saya gg bisa dibuka. harus update tapi hp tidak mendukung untuk updatean terbaru. gimana ini..,0,17,positive,,0,False
10252237-bf74-4394-895d-18458a04f176,1,2026-08-14 15:09:03,mau login aja susahnya minta ampun padahal akun sendiri parah parah,0,11,negative,login_otp_access,1,True
b6b85823-d1f2-4985-af79-f103eddeff9f,5,2026-08-14 15:11:07,Semakin didepan,0,2,positive,,0,False
5ed4720a-fe29-4520-8f52-75d17cd6b517,5,2026-08-14 15:12:42,mohon maaf sebelumnya hp saya sudah tidak suport buat buat apk ini dan titad bisa menggunkan BCA mobile lagi solusinya gimana ya biar bisa transaksi menggunakan BCA mobile,0,28,positive,,0,False
36d0dc78-0577-4cf2-a33e-d9a79a6930ed,4,2026-08-14 15:17:00,sangat membantu,0,2,positive,,0,False
b2479271-7e41-4987-a816-1aba1109389a,5,2026-08-14 15:19:28,bagus aplikasinya,0,2,positive,,0,False
c2a761af-f213-4c63-b413-0f54c2354bb8,5,2026-08-14 15:26:47,kenapa aplikasi bca ga bisa di dowload,0,7,positive,,0,False
5a0b621a-9f56-4cdb-b3b6-5fff05c0479f,5,2026-08-14 15:40:37,sangat membantu,0,2,positive,,0,False
26a6fd38-83a6-4fac-89e1-3f82e027367d,1,2026-08-14 16:04:46,login ga bisa2 sampe pulsa habis,0,6,negative,,0,False
83dce21f-cd85-4477-bd22-77d92595be94,5,2026-08-14 16:34:15,Kenpah tiap bulan uang sya berkurang walopun sedikt & nga ada info untuk apa uang sya di ambil . mohon info ya trimksih,0,23,positive,,0,False
f55efc00-09cf-4130-b0fb-8c551e98403d,5,2026-08-14 16:48:44,memudahkan bertransaksi dengan cepat dan mudah,0,6,positive,,0,False
d9c10ede-0d1f-42bc-ac88-45f44be1381b,5,2026-08-14 16:53:55,"bangus banget BCA mobile gokil banget! 😍 Transaksi jadi super praktis karena banyak kebutuhan perbankan bisa dilakukan langsung dari HP. Cek saldo, transfer, bayar tagihan, sampai kebutuhan lainnya terasa cepat dan nggak ribet. Tampilannya juga cukup simpel dan mudah dipahami. Buat yang suka transaksi sat-set tanpa harus sering ke ATM, BCA mobile jelas bikin aktivitas sehari-hari jadi lebih nyaman. 🚀 Pokoknya BCA mobile: praktis, cepat, simpel, dan bikin urusan perbankan jadi makin",0,72,positive,,0,False
acf4f5ac-17f8-44c6-8468-fa607f8f5d3a,1,2026-08-14 16:58:37,"coba mutasi rekening itu lengkapin semua, potongan admin tiap bulan nya cantolin di mutasi, biar nyangkanya itu uang gk lenyap gitu aja biar jelas keluarnya kemana, tiba"" aja kepotong cek mutasi gak ada",0,33,negative,,0,False
f0b80017-481a-4651-84cd-084695187d5e,5,2026-08-14 17:10:30,saya sangat puas menggunakan aplikasi ini,0,6,positive,,0,False
69431c2f-01b6-4816-a81a-1094e1a33ff3,5,2026-08-14 17:20:13,pelayanan cepet & ramah keren sih,0,6,positive,,0,False
680f3bf3-5675-46ba-986c-a2203b1d888b,5,2026-08-14 17:41:08,oke lah,0,2,positive,,0,False
a660795c-9a62-4cb7-94da-ebec57ec0e0e,5,2026-08-14 17:45:39,simple,0,1,positive,,0,False
1b9340b8-b076-450f-a7c0-1872f4d415c1,1,2026-08-14 17:50:57,"2 minggu terakhir ini kenapa ya indikator hijau buat transaksi di app ini cepat bgt ilangnya alias ga stabil gitu..Padahal sinyal operator 3 saya 4,5G+,Maks Bar Full 4 atau 2 plg lambat",0,32,negative,indicator_light_stuck,1,True
9b593e29-2bb2-4a00-88ac-f50c9c51739d,5,2026-08-14 17:56:54,ok,0,1,positive,,0,False
60175984-0ff4-4d75-a912-e9c803d0ac58,4,2026-08-14 17:59:26,"semakin kesini smakin menurun,,banyak erornya,,stiap mau kirim sinyal biru",0,9,positive,"indicator_light_stuck,app_performance",2,True
d1150ae7-0aa8-44db-a91d-b1f6e5da38fd,3,2026-08-14 18:05:30,Baik# g bisa up date gmn ini bca Tapi suruh up date tapi gak bisa ujung nya hape nya gak sesuai harus up date hp yg sesuai aplikasi nya ganti hape lagi. Hp nya biar laku keras,0,37,neutral,,0,False
785432e6-0224-4caa-9a94-d14560d49b6c,5,2026-08-14 18:30:02,Mau bertanya jika masa berlakunya ATM atau Buku Rekening BCA habis apa bisa menabung soalnya saya berada di negara orang bekerja mohon infonya terima kasih.,0,25,positive,,0,False
95cfcdf8-12a4-432e-9d50-8104b7bf9505,5,2026-08-14 18:35:26,Sangat di untung kan karna mudah berteransaksi....mohon di bantu biar bisa hp lama di pakek trus updetnya bikin tidak bisa lagi makek hp yg sudah terdaftar jadi pusing bosku,0,29,positive,,0,False
5decd56b-804b-4520-abd1-096ac43e95e6,1,2026-08-14 18:37:20,OTP tidak masuk2,0,3,negative,login_otp_access,1,True
863320b3-580c-4aec-8e5f-e225e43faa49,1,2026-08-14 18:44:46,hbis saya unistal dibuka kembali tidak bisa,0,7,negative,,0,False
2bd9282d-40e0-493c-a6b4-f1596168e3fa,5,2026-08-14 18:48:45,Ini kok di hp saya fitur bca mobile egk bisa ya di Download.. Harus gimna ini,0,16,positive,,0,False
1c0add26-2c0f-4d78-975d-1413c4d1527d,5,2026-08-14 19:21:27,sangat berguna,0,2,positive,,0,False
7c2ae97c-52d1-4359-a778-c93f1db0d657,5,2026-08-14 19:25:06,"aplikasinya sih ringan tapi akhir-akhir ini susah nunggu lampu hijau, trus setiap habis transakasi meski keluar masuk aplikasi buat bisa transaksi lagi",0,22,positive,indicator_light_stuck,1,True
9bb6e6cf-4882-48e6-ac7f-7e655eaf98ef,1,2026-08-14 19:26:27,susah verifikasi wajah nyusahin,0,4,negative,face_verification_failure,1,True
b1766849-4176-4b4a-b804-0b9d5f082e70,5,2026-08-14 19:31:13,Good,0,1,positive,,0,False
82354ff2-7038-4bf6-af2a-6b9201a6798e,4,2026-08-14 19:35:36,kenapa ga bisa di buka,0,5,positive,app_performance,1,True
eb78d8f1-9c7b-4937-b609-7b00c170ceb1,5,2026-08-14 19:56:40,Ok,0,1,positive,,0,False
8f1f2068-41ac-4fa7-b412-e797b856ca1a,1,2026-08-14 19:57:31,habis ganti HP harus verifikasi wajah gagal terus harus ke CS,0,11,negative,"face_verification_failure,customer_service",2,True
604af76b-24e1-4f36-a1b4-b5ad7beda28a,5,2026-08-14 19:58:51,baik,0,1,positive,,0,False
4c365dff-c319-423a-905f-3ddd480f29a7,5,2026-08-14 20:02:50,semua serba muda,0,3,positive,,0,False
2894ea61-78ea-4374-b80e-2ec4980a454d,1,2026-08-14 20:04:15,"abis diupdate susah banget transaksi, pending mulu hadeh. kalo darurat kan puyeng juga nungguin kabar duit gamasuk2 padahal saldo udah kepotong",0,21,negative,,0,False
bc731dd8-40fa-43da-98f9-ad7f50f69bab,5,2026-08-14 20:06:00,Good,0,1,positive,,0,False
067ef619-2758-46e5-8004-757c1c553af0,5,2026-08-14 20:16:45,Joss...jangan lemot y,0,3,positive,,0,False
e2744cbd-52a9-4661-8337-4f3efc1325c1,1,2026-08-14 20:17:15,parah ya allah inih atm di jalan gugunung vetran bogor ciawi asal tanggal muda rusak jarang ada kontrol ke daerah sinih yang kerja ngapin ajah,0,25,negative,,0,False
39d6929e-d0d8-4e5d-b699-e6ffaaf707a9,5,2026-08-14 20:21:01,mudah digunakan,0,2,positive,,0,False
45cd2f40-632b-4eea-99d8-73a3fb3f23c4,5,2026-08-14 20:34:23,sangat membantu,0,2,positive,,0,False
483c5a5b-e389-44f7-b476-e5fd3335bc24,5,2026-08-14 20:42:49,Sangat mudah dan aman,0,4,positive,,0,False
1863011e-e575-4bfb-a93a-455ca2352dfd,4,2026-08-14 20:45:41,aplikasi mudah difahami....,0,3,positive,,0,False
196286e1-9e4e-4235-b818-bd1873f0feed,1,2026-08-14 20:55:55,cukup bagus,0,2,negative,,0,False
da2fc099-e2f1-4ee8-bc47-eac9fa4fb02a,5,2026-08-14 21:24:09,Bagussss,0,1,positive,,0,False
b443eb97-a73f-4c0b-8341-7895ef69c9fb,5,2026-08-14 21:33:26,sangat membantu dalam transaksi apa pun.terimakash BCA,0,7,positive,,0,False
594a1172-a52e-471d-93de-ead0832b070f,1,2026-08-14 21:40:19,kocak banget apk ini masa di suruh masukin kode negara gak ada indo gajelas sumpah mana ada tabungan malah gak bisa login yang bener aja rugi dong,0,27,negative,login_otp_access,1,True
14db225c-faf3-4fa1-88da-dde852d5fbfe,1,2026-08-14 22:38:24,tidak bisa digunakan lagi di HP jadul,0,7,negative,device_compatibility,1,True
d607fc94-498c-45b8-b51c-8e4ef73910d7,2,2026-08-14 22:54:25,"ketika sudah update ke versi 4.4.2/4.4.3 aplikasi tidak bisa dibuka,,malah force close,terpaksa downgrade 4.4.1 baru bisa di gunakan... - per tanggal hari ini 14 agustus kenapa aplikasi ini tidak kompatibel untuk xiaomi note 5a? - terus saya beli hp lagi gitu?",0,41,negative,"app_performance,device_compatibility",2,True
d0ad386c-ab89-4d4f-9fd2-e2dbd55f7f08,3,2026-08-14 23:09:14,205 trus knp y udh 2jam nie,0,7,neutral,,0,False
7b23ac93-352b-4f75-908a-e1c05a42461c,1,2026-08-14 23:32:50,"ada yang sadar gak sih uang kalian hilang per 2 hari kadang 15.000 kadang 17.000 di mbanking, baru ketahuan akhir² ini krna setiap hari dicatat di buku. tidak ada alasan uang mengendap atau apapun itu, uang kita di ambilnya secara receh biar tidak terdeteksi ntah udah berapa lama uangnya diambilin sedikit² sama ini bank. pernah lihat vt di tiktik katanya uangnya disedot sedikit² sama ini bank, hampir gak percaya karena ini bank terbaik tapi ternyata bener di alamin sendiri sekrang.",0,80,negative,unexplained_deduction,1,True
7cb0f6f1-63b1-4e1c-bbfa-aa8183cd5109,1,2026-08-14 23:36:31,"apk ny ga jelas, udah jaringan suka ilang""an, udah nyoba pake wifi pun kadang ga mau masuk apk ny, tolong lah diperbaiki lagi apk ny",0,25,negative,,0,False
65b1a7d3-7a4f-43b1-a7ea-8bb62b783d8d,1,2026-08-14 23:41:32,"harus di benerin sih nunggu lampu ijo lama banget, udah ijo dipencet menu lain langsung biru lagi bikin ngga sabar bangett ngga kaya aplikasi perbankan lainnya, mau topup keburu diangkat saberrr",0,31,negative,indicator_light_stuck,1,True
04ed18c3-2ab8-4519-afff-1ade342f629e,1,2026-08-15 00:03:42,"Udah ga compatible lagi di hp saya cuma karna gara2 hp saya jadul, gini amat pake mbanking bca",0,18,negative,device_compatibility,1,True
d8305b2b-95d6-407b-bf33-fe8b306e09e6,2,2026-08-15 00:06:18,"aplikasi penyedot pulsa, otp gak dikirim² pulsa habis disedot. emang gak bisa pakai cara lain, melalui whattup atau email",0,19,negative,login_otp_access,1,True
21f5b087-1e0b-4c4e-b527-27d0b3dd759d,1,2026-08-15 00:33:21,sudah isi pulsa pas mau login ee di suru ke ATM ngaaa jelasss,0,13,negative,,0,False
4607985d-afe6-42f2-9cc6-21cf8b9ac36a,5,2026-08-15 00:59:47,mantaps,0,1,positive,,0,False
035f146c-2388-4a5d-a5ee-b52714ba2def,5,2026-08-15 01:02:59,Sangat Bagus..Mohon Di Jaga keamanan akun.nya biar GK kena serangan siberr,0,11,positive,,0,False
f56d14a5-4af0-4509-957f-91e9207da84e,5,2026-08-15 01:09:10,baik,0,1,positive,,0,False
5ff89b5d-cc3d-40ec-9f88-ea88a0876ce9,1,2026-08-15 01:09:32,ini kenapa tengah malam g bisa setor tunai,0,8,negative,,0,False
ae184cea-f5f5-474e-b183-3a266a16c72d,1,2026-08-15 01:47:12,Kenapa mbaking saya ngk bisa di buka,0,7,negative,app_performance,1,True
74c67e0c-0e6f-4d62-b97a-51ac9b5cfb72,5,2026-08-15 02:14:47,sangat baguss,0,2,positive,,0,False
a9daac9b-a246-4741-afa2-1a341144d45e,5,2026-08-15 02:50:08,"selamat pagi untuk bapak direktur yang terhormat saya mau berterima kasih banyak sudah membuatkan apk BCA mobile dengan lancar dan tidak ada kendala sedikitpun buat saya maupun yang memakai apk BCA mobile, dan saya mau berterima kasih banyak untuk bapak direktur setiap bulan selalu update apk BCA mobile ini, saya tidak tanggung ngasih rating 5 untuk apk BCA mobile",0,59,positive,,0,False
b29694e9-fcd2-4331-b4a0-e53c2a471e36,5,2026-08-15 04:51:17,sangat bagus,0,2,positive,,0,False
097cad2b-69e3-46a6-b558-a9a7182a5fc3,3,2026-08-15 05:51:23,udah enak ky biasa.skrg hrs updait lg ribet..dr kmrn gak bs transaksi..ini mlh gak bs caranya..bingung maklum udah lansia..,0,19,neutral,,0,False
21ab11c5-9aef-4299-ab23-4d5e29276ff6,3,2026-08-15 06:16:41,mudah digunakan dan sangat membantu dlm mengatasi pengiriman uang secara cepat dan aman. memudahkan dalam belanja online. pokoknya semua masalah pengiriman uang dan pembelanjaan secara online jadi lebih cepat. serta memudahkan kita saat belanja menggunakan e money. gak bawa uang cash tinggal qriss aja aman,0,45,neutral,,0,False
a156682b-ca78-41ed-bf77-0c12090c9a6b,5,2026-08-15 06:56:13,Transaksi mudah lncar & cepat,0,5,positive,,0,False
36b276ed-7331-40aa-b805-1747d152bb97,4,2026-08-15 07:09:15,sangat membantu,0,2,positive,,0,False
cb8ce518-5f09-432e-b878-991b3c7893c9,5,2026-08-15 07:24:46,sangat muda menggunakan mbaking bca🙏🙏,0,5,positive,,0,False
0c14e66d-5db1-456f-90f0-148eaf5429ac,4,2026-08-15 07:26:34,mudah dalam hal pengcekan Saldo,0,5,positive,,0,False
5be1193a-3818-4162-90f9-b8f78f59542a,5,2026-08-15 07:29:00,Baik,0,1,positive,,0,False
b467d97a-fb58-4100-b7b2-0b1413de6ff1,3,2026-08-15 07:31:43,"Kenapa sih kok sering update klo mau transaksi kok ribet,hrs update baru bisa transfer..klo pas urgent kan bt bgt.",0,19,neutral,,0,False
c7bb411c-f310-498d-bff4-490a1b82295c,1,2026-08-15 07:40:24,"suruh update, setelah di update GK bisa di buka..... rantai 1 sementara......",0,12,negative,app_performance,1,True
33600b3f-046e-4ef2-891e-dcfc875af454,4,2026-08-15 08:03:46,sangat membantu.praktis,0,2,positive,,0,False
df3bc9dd-2b8f-4023-b0bd-3db7560291ff,3,2026-08-15 08:03:49,di bantu tidak bisa d updape,0,6,neutral,,0,False
b6525add-6873-4181-99ae-1f20f292afd9,4,2026-08-15 08:09:59,keren banget,0,2,positive,,0,False
f055c552-58eb-459a-b338-acb2879a1977,1,2026-08-15 08:30:27,"aplikasi terlelet pembayaran qris jaringan bagus tetep lelet,ga kaya ewalet lainnya lancar",0,12,negative,,0,False
e4b365f3-875c-44d4-8911-b1d9cc0e8aaf,3,2026-08-15 08:39:01,"mengapa harus update apk,sangat bermasalah jika memory hp kecil,bikin pusin,sebaiknya pilihan saja untuk pembaruan .",0,15,neutral,,0,False
397cdc24-a60b-4bc4-9b33-49230304e07f,1,2026-08-15 08:44:55,setelah minta di update aplikasinya menjadi tdk suport di hp saya 😓,0,12,negative,,0,False
51e2d942-95bf-409c-bb36-c1e927f262f7,5,2026-08-15 09:02:39,mempermudah semua pekerjaan yg berhubungan dgn pengiriman uang,0,8,positive,,0,False
2f2362ae-f4c3-48d0-bfad-98b381370ae4,5,2026-08-15 09:02:43,"Mohon maaf...hp sy ini mungkin hp jadul, tapi selama ini aplikasi apapun bisa sy downloud.. Ini aplk BCA mobile sy ada info pembaruan yg lebih lengkap..tapi klu sy klik ok ada ket klu hp sy ini sdh tdk mendukung.. Kalau sy lewati...ada ket..nanti dan ok, tapi tidak bisa klik tombol ""nanti"" nya Bca mobile sy jdi tidak bisa digunakan, selama ini lewat bca.. Mohon maaf, Sy belum mampu beli hp baru lagi, krn hp ini msh bisa digunakan dan sy sdh bbrp kali kehilangan hp Minta tolong dibantu BCA",0,89,positive,device_compatibility,1,True
38a9d93e-959a-45fc-959e-3aff2df0a316,1,2026-08-15 09:14:03,merepotkan di hp jadul bgini,0,5,negative,device_compatibility,1,True
ba888ad4-b994-4f88-9a1d-91dc972266bb,5,2026-08-15 09:50:56,"BCA semakin terbaik ,, pertahankan layanannya.🎉",0,6,positive,,0,False
0f786a51-ba69-4740-aec2-0a0a5300bccb,5,2026-08-15 09:58:09,mantap banget,0,2,positive,,0,False
6f25ffc6-7c08-4741-8bcb-15c90db967e8,1,2026-08-15 10:22:53,refresh refresh refresh pegell sumpah,0,5,negative,,0,False
f32e54fd-589f-4cd9-8cdb-1d5998568837,1,2026-08-15 10:31:44,Masa saya ga bisa download lagi saat sudah pembaharuan aplikasi. Jadi hp android ini susah mau download aplikasi karena berbeda versi. Sangat disayangkan!,0,23,negative,device_compatibility,1,True
b60371cf-30e6-4224-bfbe-71da38b89503,2,2026-08-15 10:38:34,llemot jaringan bagus tapi gk bias buat transaksi mauoun cek saldo....👎,0,11,negative,,0,False
151a341b-87b0-42b9-8f4b-a5009cd6e06e,5,2026-08-15 10:47:05,sangat membantu,0,2,positive,,0,False
200049ce-2f60-4ed1-8159-c686e8943aa8,5,2026-08-15 11:20:39,sangat puas dengan BCA ganti kartu ATM pun bisa online sampai rumah lgi keren pokoknya,0,15,positive,,0,False
988a1a0e-35d0-4207-9758-4b6d4a179a8c,5,2026-08-15 11:25:02,mengapa tidak bisa di updated,0,5,positive,,0,False
4f7ed7f5-b14d-4fd8-a344-37f4060fd344,5,2026-08-15 11:37:21,efektif dan efisien,0,3,positive,,0,False
1a813203-3b38-4f71-aeb4-f215e3027698,5,2026-08-15 11:41:33,baik,0,1,positive,,0,False
1cd15c84-7403-44a7-854b-d3c233c4eafc,3,2026-08-15 11:52:37,"makin kesini makin lemot dibuka nya,sinyal saat transaksi jg tb2 biru trs gk hijau2 harus dikluarin dlu baru bs lagi,pdahal sinyal wifi atau seluler aman tp gk berlaku diapoikasinya,tolong dibenahi lagi klau seprti ini pas pgn cepet2 transaksi jdnya susah",0,40,neutral,"indicator_light_stuck,app_performance",2,True
2dc78c54-8670-4353-94da-e0f7b62e2af3,5,2026-08-15 11:58:48,ok,0,1,positive,,0,False
16b54ee9-d3c1-4150-9e9b-c404d55ad2fc,1,2026-08-15 11:59:45,bukanya jadi lebih baik malah jadi gak jelas ni apk . warna biru terus ijo cuma pas masuk aja .,0,20,negative,,0,False
e59cafeb-5f28-48c1-96d1-6793c52222ca,5,2026-08-15 12:18:14,kenapa ya aplikasi nya gak bisa di update,0,8,positive,device_compatibility,1,True
c1096245-70f4-4eae-98f5-20a783121205,1,2026-08-15 12:50:32,Kasihanilah hp yg perangkat lama..masa harus ganti hp..sedih bertahun² pk bca n mereferensikan jd sy yg kecewa..ad solusikah min😢,0,19,negative,,0,False
7af8ca8d-4266-4c4a-9869-5b5c678a316c,1,2026-08-15 13:07:28,bug tolong diperbaiki verifikasi wajah aplikasi kekuar terus Samsung Tab S7 FE,0,12,negative,face_verification_failure,1,True
608bab05-7978-4436-a00f-702f3324edd2,5,2026-08-15 14:08:18,BCA bank terpercaya dan terdepan,0,5,positive,,0,False
16c7c1ad-431a-4035-a4dc-c82db78e1e0a,5,2026-08-15 14:39:30,puas bnget,0,2,positive,,0,False
cf5d9b3a-b891-4546-8535-b33c8ca2446d,5,2026-08-15 14:43:56,Kenapa banking sy troble,0,4,positive,,0,False
a96e9ac0-9289-45f3-9bd0-3d2133c169e0,5,2026-08-15 14:47:16,"mudah,aman dan lancar",0,3,positive,,0,False
773a2e6f-1471-4462-8f79-baaa2338345d,5,2026-08-15 14:59:18,"terimakasih aplikasi bca, sekarang ada notif TF masuk dari sesama tanpa harus cek mutasi dulu",0,15,positive,,0,False
bde8a582-2875-4f8d-a40d-878f04053e00,5,2026-08-15 15:20:56,Bagus,0,1,positive,,0,False
cd10a7b0-10fd-4c26-a9ed-f44261733414,5,2026-08-15 15:54:26,Bagus,0,1,positive,,0,False
944bed17-23b0-4e7d-b463-bc1084265028,1,2026-08-15 15:57:53,sering abdet baru terus..ngurangin memori aja..,0,6,negative,,0,False
8caf3b4b-04dd-46fa-ab66-c1abf3c76364,1,2026-08-15 16:04:23,setelah update makin parah udh 1bln masalah indikator transaksi masih belum terselesaikan padahal koneksi udh bagus tetep merah lampu indikator ku kira masalah jaringan ku ganti wifi masih tetep sama mohon di benahi sangat menggangu sekali setiap mau transaksi terhalang lampu indikator yg tak kunjung hijau itupun klo nunggu lebih dri 10mnt baru hijau lampu indikator transaksinya,4,57,negative,indicator_light_stuck,1,True
98bd3aca-9285-4f32-919b-979bd9ab768a,1,2026-08-15 16:14:10,maling berkedok bank,0,3,negative,,0,False
003f137f-f4d7-4c44-9fe0-cf0edc609d7d,5,2026-08-15 17:13:05,transaksi cepat dan aman,0,4,positive,,0,False
7f096fce-29e9-4694-90b7-bf25c8892714,5,2026-08-15 17:21:38,pelayanan Baik,0,2,positive,,0,False
7cd54f38-e7b4-4eda-aacd-4b922ac1916e,5,2026-08-15 17:30:30,bagus,0,1,positive,,0,False
e89b49cc-5cf8-4c15-b70f-c2d966aa8969,1,2026-08-15 17:32:16,knpa BCA skrng kaya gini nyebelin sumpah,0,7,negative,,0,False
7e0f431e-28bb-4a7d-889f-ab9b49efe042,5,2026-08-15 18:42:00,puas,0,1,positive,,0,False
6dea3b44-2e76-4225-aaa8-f5017ec1284e,5,2026-08-15 18:46:01,mudah di pahami,0,3,positive,,0,False
9f2c615f-b9db-4e13-a565-e6adfd3f5b88,5,2026-08-15 18:55:01,sangat memuaskan.,0,2,positive,,0,False
02e50280-01b8-42d4-8886-abf882f04592,5,2026-08-15 19:03:55,Bagus banget,0,2,positive,,0,False
d50f395c-bdb5-4785-a324-5cca97505513,5,2026-08-15 19:10:56,Mantap,0,1,positive,,0,False
6b131c90-b9b4-4578-8f37-7f0ec637a1ec,1,2026-08-15 19:11:13,Saya puas,0,2,negative,,0,False
d481b15e-881f-4fa9-b705-81e63e18b384,5,2026-08-15 19:12:47,gk bisa update? tolong bantu,0,5,positive,,0,False
32a81478-449e-402a-bf59-8e95b20c1f77,5,2026-08-15 19:28:33,BCA mobile selalu di hati.,0,5,positive,,0,False
d29d9fee-264f-4b68-a90e-0e448c6a8e2e,5,2026-08-15 19:45:54,like it,0,2,positive,,0,False
f9e99cc4-d911-4dd6-a015-f6b9eaaa2f0c,1,2026-08-15 19:46:10,sering erorr,0,2,negative,app_performance,1,True
b6049ca2-661e-4e32-9bad-b883836eb4df,5,2026-08-15 19:52:30,bagus,0,1,positive,,0,False
9f1de1a7-6abb-419e-ba2a-aa2b5bafeb56,5,2026-08-15 20:11:15,sangat cocok,0,2,positive,,0,False
a423f8e9-4e5f-42b6-af37-3d4e39a7eaf1,5,2026-08-15 20:15:17,mantap,0,1,positive,,0,False
bd46a3b5-4966-4a50-9d65-3d884720c245,2,2026-08-15 20:23:40,aku tidak pernah mencobanya,0,4,negative,,0,False
98b3cc53-1886-4c4a-ac9d-f39bf111ca97,3,2026-08-15 20:52:38,"Hallo k, kenapa M banking saya tdk bisa di gunakan lagi,, keterangan Nya karena perangkat tdk mendukung,, bagaimana kalau tdk bisa mengganti HP",0,23,neutral,,0,False
52989cde-5308-4e22-91c8-e8247a367bc5,3,2026-08-15 21:26:42,"Akhir2 ini trx sering tidak ada koneksi, mau pakai wifi atau data, sama saja. padahal versi sebelumnya baik2 saja",0,19,neutral,,0,False
911588fd-2a01-4303-8ddd-36e747c87dfa,1,2026-08-15 21:35:20,aplikasi ini tidak kompatibel lagi dengan perangkat anda ini kenapa ya...aplikasinya ga bs digunakan.....biasanya lancar2 saja..tapi kenapa baru hari ini ga bisa pakai .padahal kemaren2 normal..kudu ganti Hp we intina mah...,0,31,negative,device_compatibility,1,True
b354004c-2efb-49cd-972f-61174b787995,5,2026-08-15 21:59:46,Bca saya nga bisa di pake,0,6,positive,,0,False
2b253c56-1908-481b-bc65-d6f444b28bcd,1,2026-08-15 22:58:50,"verifikasi SMS sampai 10 x gagal, alasan sinyal internet terputus, buat nonton aja lancar, belanja online lancar,aneh",0,17,negative,,0,False
28b75d79-d3eb-4768-888b-773b567acb4a,5,2026-08-16 00:21:51,Sangat membantu,0,2,positive,,0,False
c1137fc4-e8f0-40f1-b152-aea95e4f0cbc,2,2026-08-16 01:08:21,mff hp lama sudah tidak suport BCA mobile gmn nasib orang yg sprti saya tidak mmpu beli hp baru biar kmbli bisa gunakan BCA mobile,0,25,negative,,0,False
f38ea456-6168-4edc-baf7-4d9afc0a611d,1,2026-08-16 02:08:01,hp sy tdk competible dgn update bca mobile terbaru HALLoooo sejak kpn bca mobile seperti ini br kali update terbaru tdk support di hp saya HALLLOOOOO perbaikilah sblm bintang 1 bertebaran banyak,0,32,negative,,0,False
6093e070-f89d-4ae2-9573-6d4bea5ff9e8,1,2026-08-16 02:14:35,bca sangat cocok dan membantu slat transaksi untuk masyarakat,0,9,negative,,0,False
163c6307-b296-4482-b0ed-64a31d66a530,3,2026-08-16 05:21:28,ATM eror,0,2,neutral,app_performance,1,True
f87e3bbf-1463-4037-b164-401eed20d07c,1,2026-08-16 07:05:03,kenapa BCA saya GK bisa d buka,0,7,negative,,0,False
6ae0e9c9-89c1-40ef-ade8-48231d7ce01a,5,2026-08-16 07:38:06,sangat membantu dan mudah digunakan,0,5,positive,,0,False
86103319-1b9b-460b-914a-5ec75adf46c7,5,2026-08-16 08:33:35,"tolong di bantu ka,kenapa saya ga bisa buka BCA mobila,di update ga bisa juga,tolong penjelasan nya ka",0,17,positive,"app_performance,device_compatibility",2,True
fb48772d-b644-4a80-9254-6f17c90e7743,5,2026-08-16 08:40:44,pelayana ya sangat bagus0,0,4,positive,,0,False
6b1a95fe-31a3-46c0-a834-bee26ae461a6,5,2026-08-16 08:42:45,terbaik,0,1,positive,,0,False
19dff9e3-e1c2-4874-ab7e-4bd30051ada6,5,2026-08-16 09:09:43,memperindah transaksi dimana pun dan kemana pun,0,7,positive,,0,False
bdbe10b4-8f46-44a1-b6a4-206eaff8b6ea,1,2026-08-16 09:42:22,tidak dapat update,0,3,negative,,0,False
e958522a-5d41-453e-9a78-a110c219f3ca,5,2026-08-16 09:53:29,"praktis, cepat, lengkap & mudah digunakan.",0,6,positive,,0,False
0e049278-d050-47e1-9b6c-820f99e3bec9,1,2026-08-16 09:55:57,lampu hijau online nya susah nyala jadi gak susah digunakan untuk transaksi.,0,12,negative,indicator_light_stuck,1,True
a92a9436-ae7a-44a8-9ff0-8a113b7c914a,1,2026-08-16 10:03:03,Gak bisa diupdate,0,3,negative,device_compatibility,1,True
2650e5e2-c94d-4df9-8340-78eddf7dc43e,1,2026-08-16 10:22:55,"entah knp setelah up date, ketika mau transfer, daftar transfer dan transaksi lain bila keluar aplikasi BCA mobile untuk melihat no rek, jumlah nominal di aplikasi lain (misal WA) lampu indikator berubah dari hijau langsung biru ditunggu sampai bego gak balik ke hijau, mau gak mau harus log out dimulai dari awal lg, ini sangat mengganggu dan merepotkan. sudah uninstall lalu install lg tetap sama tidak berubah",0,67,negative,"indicator_light_stuck,app_performance",2,True
cf6b2e96-7474-4c06-abdf-528a59e55912,5,2026-08-16 11:04:18,sangat mudah,0,2,positive,,0,False
0bd25f74-c352-47a9-8f13-2ff2ee26b3c6,5,2026-08-16 11:24:40,ok sangat simpel,0,3,positive,,0,False
3f9f193f-424e-4aea-88dc-64a2daf11e3f,1,2026-08-16 11:25:22,"tolong dong pihak BCA dibenahin masalah nya, sering bgt tiap isi flazz saldo udah kepotong tapi saldo flazz blom nambah, pdhal udah di update. kejadian ga cuma sekali dua kali kaya gini udah buat laporan via telfon dari halo bca cs nya juga ga ngasih solusi.",0,46,negative,customer_service,1,True
c285c04b-fe3e-409e-a74a-b93745d3136b,1,2026-08-16 11:25:27,"saya kasih bintang 1 karena indikator lampu selalu merah dan gak berubah menjadi hijau ataupun biru ,jadi tidak bisa melakukan transaksi atau pengecekan saldo",0,24,negative,indicator_light_stuck,1,True
96b15534-66b8-47c0-ae82-19683e7a39a5,5,2026-08-16 11:29:36,"kenapa setelah update yang terbaru aplikasi tidak bisa dibuka tertulis sayangnya Aplikasi telah berhenti, Udah coba nyalakan ulang ponsel tetap saja begitu. Di vivo V7+ Android 8.1.0 Sudah Normal Setelah apliaksi di hapus dan di install ulang",0,37,positive,app_performance,1,True
88baf5f1-b026-4f3c-a6ee-ffcc06d78987,1,2026-08-16 12:24:33,Udah aktivasi berkali kali gagal terus padahal untuk aktivasi saja pakai pulsa dibutuhkan saat mendesak malah begini gapernah ada solusi untuk hal begktu dari dulu selalu seperti ini,0,28,negative,transaction_failed_balance_deducted,1,True
85e3a640-cfb6-4d70-aede-ff4629cb37d7,3,2026-08-16 12:27:19,tiba tiba kembali sendiri,0,4,neutral,app_performance,1,True
45b39109-879c-4348-ad6d-9007579b3e67,5,2026-08-16 12:58:22,Ok,0,1,positive,,0,False
4c482f9e-b7d3-4488-af59-3db07ba40dd0,5,2026-08-16 13:01:10,bca pelayanannya sangat baik dan sangat mudah untuk bertransaksi,0,9,positive,,0,False
734a388d-ce76-403b-8368-4b4f38dec30d,5,2026-08-16 13:14:12,semoga lancar pake aplikasi BCA mobile ini,0,7,positive,,0,False
b89eb3c4-1051-4145-8d7f-32337d973715,4,2026-08-16 13:38:01,sangat membantu,0,2,positive,,0,False
e3742522-0773-4546-8eee-a232ad5a9ae4,1,2026-08-16 14:13:34,cs nya bertele-tele tidak menyelesaikan masalah melalui telpon,0,8,negative,customer_service,1,True
32f17b49-29d1-4a6a-8298-c782a48e47e3,1,2026-08-16 15:16:06,knpa setelah di apdet ke fersi baru. g bisa buka y??,0,11,negative,,0,False
f3f6ce69-5aff-4642-89a6-ae431983b424,5,2026-08-16 15:16:57,sering merah saat traksaksi' pdhal mbangking yg lain lancar😭,0,9,positive,,0,False
b34e3379-9be9-4d0e-a369-c0341f04501d,1,2026-08-16 16:39:27,disuruh update sdh update tp perangkat tidak mendukung..apa iya hrs ganti hp dl..apa bank ini hrs utk kalangan menengah ke atas saja yg menengah ke bawah ndak boleh make mobile bca..ribet amat ya..,0,33,negative,,0,False
7a0dbd36-c5bb-4b54-9173-8e961d39de26,1,2026-08-16 16:59:37,Bikin pusing,0,2,negative,,0,False
4d8a02dd-6f02-4631-856e-6a8c2a27fdc7,5,2026-08-16 17:16:18,bagus,0,1,positive,,0,False
c1c5452b-5a83-4816-92fb-7c5ade49fba0,1,2026-08-16 17:29:19,kenapa hp saya tidak bisa,0,5,negative,,0,False
a1a4a00e-ced6-4d82-a9c1-1b22d615ec7f,1,2026-08-16 18:26:52,selalu minta login ulang. dan parahnya sms pakai pulsa,0,9,negative,,0,False
f85d794a-1c8e-4e71-8e60-fc6a05175559,5,2026-08-16 18:37:41,sangat mudah bertransaksi,0,3,positive,,0,False
ad49fbe2-1a3a-471f-b1c1-18b2d0dd72f3,5,2026-08-16 18:53:32,apdet trusss,0,2,positive,,0,False
7060875a-7c7e-4dd6-a388-9ca0b4337704,1,2026-08-16 19:12:28,Jelek,0,1,negative,,0,False
71903a66-3f6e-424b-abd3-2265b8287641,1,2026-08-16 19:15:36,"Ini Sy mau Transaksi gak bisa, ada tulisan BCA mobile hrs pijit OK ke Fly Store, udah dicoba terus Loading udah 3 jam 😡",0,24,negative,,0,False
1618f53f-f203-4ed2-b31b-2bb4b58333d0,5,2026-08-16 19:16:14,sangat baik,0,2,positive,,0,False
92a9d252-72d7-4da1-8390-135281c438ee,5,2026-08-16 19:21:29,kepada bank bca tlg dong di jl penda pontianak kota sdh ada alfa indomaret dikasih atm bca setor tunai mksi,0,20,positive,,0,False
b641c006-a66e-4c47-b676-11ee298428a6,1,2026-08-16 19:21:57,"setiap gagal verif SMS dan pulsa sudah terpotong,pulsa nya nggk bisa dikembalikan,kaya aplikasi penyedot pulsa aja.",0,16,negative,transaction_failed_balance_deducted,1,True
1074f5f6-8ace-4326-8fbf-ecb082e2cf12,1,2026-08-16 19:36:34,lemot harus di perbaiki,0,4,negative,app_performance,1,True
5bc0898a-c44a-41bb-a63e-b9cd964f3629,1,2026-08-16 20:01:02,beberapa hari ini saya melakukan pembayaran virtual account tidak bisa... padahal uang mengurangi tapi di rek yg saya kirim blum ada uang masuk....,0,23,negative,,0,False
411b56af-042a-401a-9058-e78f11af8dba,5,2026-08-16 20:02:08,Bagus,0,1,positive,,0,False
7ac42d27-adfa-430f-8987-0aceaab1c357,1,2026-08-16 20:06:21,aplikasinya susah ribet banget kalau mau transfer harus cari manual nama bank nya.. kalau mau transfer sesama bank BCA susah.,0,20,negative,,0,False
2254417c-de75-4eea-8419-7a880012557d,2,2026-08-16 20:21:57,sering lemot indikator biru terus kadang merah bikin gedek bulak balik relog,0,12,negative,"indicator_light_stuck,app_performance",2,True
d689936c-78af-4beb-b500-cc4cb4cc3fce,5,2026-08-16 20:37:16,okee,0,1,positive,,0,False
2ac66962-0cc5-4fc4-a93b-ca2241bccc2f,5,2026-08-16 21:08:29,becea,0,1,positive,,0,False
b5182054-718b-43e8-ace8-136c05c8102c,5,2026-08-16 21:58:14,"hari ini BCA mobile tiba2 hilang, kenapa yah apa ada yang sama dengan saya, saya download ulang tp tidak bisa tampil di menu HP",0,24,positive,device_compatibility,1,True
54dbe80e-7ac6-43be-ad6f-85be648db919,2,2026-08-16 22:49:27,"KEPADA ADMIN YG TERHORMAT, UNTUK VERSI 4.8.8 dan 4.8.9 GAK BISA DI BUKA,, ITU DI KOLOM ULASAN UDAH BANYAK KELUHAN YANG SAMA, TOLONGLAH DIPERBAIKI...",0,24,negative,app_performance,1,True
eaf85f48-50e0-418f-be5e-3dfaaac2210b,5,2026-08-16 22:51:16,good,0,1,positive,,0,False
6daad1d3-da3b-418d-90f6-2cf76462e9d1,1,2026-08-16 22:55:51,Engga bisa di download cuma hp tidak mendukung,0,8,negative,device_compatibility,1,True
4cd5314b-959c-4228-a127-41b6bc29befb,5,2026-08-16 23:07:30,Sangat membantu,0,2,positive,,0,False
d698ce5f-f998-479e-8e0b-061f005d9497,3,2026-08-16 23:08:12,utk updatean terbaru saya tidak bisa mengupdatenya tolong diperbaiki agar bisa diakses oleh semua perangkat tanpa terkecuali,0,17,neutral,,0,False
1ca2be9f-3d9a-460e-8b20-8ed0db39dab4,5,2026-08-16 23:08:50,iya semoga bagus terus ya,0,5,positive,,0,False
c13730dd-125b-4c46-ae78-ff85ce13876e,1,2026-08-16 23:11:34,parah....mau pake QRIS bahkan transfer blakangan slalu sering lampu biru sampe transfer pun susah nunggu hijau ga ad. padahal jaringan oke dan pakek wifi juga ttp susah...,0,27,negative,indicator_light_stuck,1,True
e0a8fe4f-5bac-4f96-a4a3-40d8240281b4,4,2026-08-17 01:06:39,Ok,0,1,positive,,0,False
e6bda1fb-6e75-4f14-8777-237d44812fc0,5,2026-08-17 02:13:51,sangat bagus dan mudah digunakan,0,5,positive,,0,False
b96a6b32-2e12-44e5-a29b-a7f06465bd02,5,2026-08-17 02:45:15,Bantu buat masuk bca mobile,0,5,positive,,0,False
b2c8ad08-2d18-4bf9-bee7-35ffdc7a3c7b,1,2026-08-17 06:36:03,setelah di perbaharui malah tidak bisa di buka 👎,0,9,negative,app_performance,1,True
15a48dac-bdf2-4fda-ba5c-cc2d17065f9e,5,2026-08-17 06:53:07,sangat membantu,0,2,positive,,0,False
f92abe36-6033-4129-b9f6-b2f81dcbc028,5,2026-08-17 07:17:48,Top,0,1,positive,,0,False
8f27c6a0-3cdd-45e9-8ff4-23f1a7c06441,1,2026-08-17 07:54:33,Tidak Bisa Di Update,0,4,negative,device_compatibility,1,True
d953aa05-a3ad-4f0d-b5bf-e0ce9e0387a5,1,2026-08-17 08:35:04,"Ini kenapa ga bisa di update di hp saya,jadi ga bisa di buka mbangking nya",0,15,negative,"app_performance,device_compatibility",2,True
fb3cede3-108c-4688-9647-9f1fe6e2f89f,5,2026-08-17 08:37:20,mudah dalam bertransaksi,0,3,positive,,0,False
f05a8215-e213-4c95-96cd-33c82c4877d4,1,2026-08-17 08:45:56,"Sebelumnya bisa digunakan & sudah lama menggunakan, kenapa tiba2 tidak bisa dengan alasan ""aplikasi tidak Kompatibel di perangkat anda"" apa pengguna dipaksa untuk mengganti hanphone terbaru?",0,26,negative,device_compatibility,1,True
a91f01d9-1a09-4e52-8cae-1ccb3e0e57be,5,2026-08-17 09:14:06,bagus,0,1,positive,,0,False
b382a9f3-b7f2-4b98-93d5-42d7f92614d7,5,2026-08-17 09:31:30,lumayan lah,0,2,positive,,0,False
7f422c8e-1830-43fd-9b5f-f016b913fec2,5,2026-08-17 09:46:13,bagus sangat membantu,0,3,positive,,0,False
2ec39cf5-fe84-48da-b464-82c0fe4f87dd,5,2026-08-17 10:33:30,sangat bermanfaat dan mempermudah transaksi,0,5,positive,,0,False
6f07e26a-869e-4e63-8211-739d09e0939b,1,2026-08-17 10:56:19,"Verifikasi diri buat cek saldo aja lama banget, bahkan gak bisa",0,11,negative,face_verification_failure,1,True
2e9c5141-3da5-4bca-92b4-86c88f287c0c,5,2026-08-17 11:17:43,membantu mempermudah transaksi,0,3,positive,,0,False
d41afdef-41cc-49a4-9be6-b1dd56b2993a,5,2026-08-17 11:58:41,sangat puas,0,2,positive,,0,False
ae182cfb-ed95-4291-a49d-bb6044621006,5,2026-08-17 12:16:34,gampang aman,0,2,positive,,0,False
4779d532-4932-42dd-8050-abd1a2068ec0,4,2026-08-17 13:32:29,"tolong untuk apliaksi bca di perbaiki lagi setiap mau tf atau mau pembayaran pasti sinyal kadang konek kadang mati harus nunggu indikator hijau padahal koeksi internet hp stabil 5G , tidak seperti mobile banking yg lainnya sekali masuk kode akses gk perlu ribet nunggu lampu indikator warna hijau lagi!!!",0,49,positive,"indicator_light_stuck,login_otp_access",2,True
59d9549f-3f07-4ecb-8801-0a2cba4168c4,5,2026-08-17 13:35:14,Pelayanannya sangat membantu saya dengan baik sekali,0,7,positive,,0,False
7c9fef51-04ee-4b54-add3-2361444589e3,1,2026-08-17 14:01:52,"aplikasi tidak kompatibel sama HP tolong jangan berat berat n bisa di akses sama hp android biasa,,agar tidak perlu upgrade hp baru",0,22,negative,device_compatibility,1,True
bf1fab78-28ae-46a3-bbbb-8a69ed4e5ce9,5,2026-08-17 14:28:25,👍,0,1,positive,,0,False
ca62fe8f-7a35-4bf2-a122-226bb2188ecf,5,2026-08-17 15:06:56,OK,0,1,positive,,0,False
9e479837-1d53-4765-8720-f75b72f2cef2,5,2026-08-17 15:17:47,cepat transaksinya,0,2,positive,,0,False
2b029596-9965-48c3-94c8-d2d7c18f3eaa,1,2026-08-17 15:18:30,ni kenapa minta update tapi gak bisa di update,0,9,negative,device_compatibility,1,True
f14d23d1-6ba2-4f4f-a1ab-107ca6c9272a,5,2026-08-17 15:39:34,sangat bagus,0,2,positive,,0,False
edab95c5-fc0f-4778-863b-21a0c2325c5a,4,2026-08-17 16:02:53,sangat membantu,0,2,positive,,0,False
0007b308-684d-461e-9e58-99c7db0a2a54,4,2026-08-17 16:18:07,ok,0,1,positive,,0,False
96b7c056-8a73-4a68-90dd-bf5bd95a10b3,5,2026-08-17 16:22:55,"bca saya ngga bisaa ada bacaan update,tapi gabisa update apa tidak bisa buat hp versi 7?",0,16,positive,device_compatibility,1,True
b6857da2-77f1-4d2b-abf0-619b7dbc7c87,5,2026-08-17 16:24:27,kak. sy updet. kenapa gk bisa. Ada tulisan tdk kontribel lagi. harus hubungi dovoliper. tolonk dibantu kak,0,17,positive,,0,False
c73d154d-dd86-4268-910a-016ea0e55190,5,2026-08-17 17:01:32,ok,0,1,positive,,0,False
203ddf83-cb86-4d40-89ec-b4181ac31f10,5,2026-08-17 17:22:24,Bagus banget,0,2,positive,,0,False
f5f4e7a1-5286-4072-a242-61c0450a8d47,5,2026-08-17 17:30:22,mantap,0,1,positive,,0,False
ea196bf1-a0f8-4dc8-8098-101d5733fa41,5,2026-08-17 17:55:51,"BCA melayani nasabah dengan baik dan cepat, akses ke BCA sangat mudah dan cepat sehingga sangat membantu kami dalam bertransaksi, terima kasih BCA, semoga sukses selalu. bravo bca💪💪🫰🫰🙏🙏🇮🇩",0,28,positive,,0,False
bb127983-1a7a-476b-b6cd-e3c2e860c826,1,2026-08-17 18:13:46,kata sandi sudah benar tapi diaplikasi malah salah dan sering seperti itu sampai pulsa untuk SMS ke operator habis,0,19,negative,,0,False
c358d61c-18cc-433e-bfb4-13f8c45193bf,2,2026-08-17 18:18:36,disuruh update m bca tapi pas buka playstore tidak bisa diupdate. gmna ini ya soale tidak bisa dipake m bca klu tidak diupdate sdgkn mau update tidak bisa. payah ni...,0,30,negative,device_compatibility,1,True
ecbc3039-0413-4056-8d12-bb2b0e7d9e77,2,2026-08-17 18:59:21,aplikasinya busuk sering hilang sinyal padahal pakai wifi tetep aja sering hilang sinyal,0,13,negative,,0,False
72437b7f-1c70-4b74-a694-f47f84ecef0a,5,2026-08-17 19:26:32,bagus,0,1,positive,,0,False
6e1b92e1-b9f3-4ba7-bf20-b2393777879f,5,2026-08-17 20:25:25,bagus,0,1,positive,,0,False
fcd9516a-0c96-4f98-af93-3f92ba208caa,5,2026-08-17 21:12:33,sangat memuaskan 🥰🥰🥰🥰🥰🥰🥰🥰🥰🥰🥰🥰🥰🥰🥰🥰🥰,0,3,positive,,0,False
73705b03-98e1-466b-898f-4574a218784f,5,2026-08-17 21:26:15,BCA mobile sangat membantu dalam bertransaksi secara online dimanapun dan kapanpun,0,11,positive,,0,False
59cba024-71c6-4926-8cb6-710eb0b422ea,1,2026-08-17 21:34:08,Punya gw gk bisa di apgret gimna donggg)ggggggggggg,0,8,negative,,0,False
93df77c2-d436-4116-b990-4a75a3aab822,5,2026-08-17 21:54:20,"Mempermudah Transaksi,dimanapun dan kpanpun.",0,4,positive,,0,False
7320dc52-d8f4-4ab6-b0c4-c3ea3db3bc19,5,2026-08-17 22:30:02,semoga di hape ku ga lemot ttp keren,0,8,positive,app_performance,1,True
fab4ca0b-fbaa-4388-85ea-3452d274b269,2,2026-08-17 22:34:24,aplikasi nya susah di buka ngembal terus. masa setiap mau buka aplikasi harus hapus dan download lagi,0,17,negative,app_performance,1,True
803a2c46-325f-4b78-a400-3c6403664096,5,2026-08-17 22:35:31,Lancar utk transfer.,0,3,positive,,0,False
4faf44fa-cdf4-48ce-9e09-4eb66abed001,5,2026-08-17 23:08:11,kenapa dihp sy gak bisa didonlot ya bca mobile .perangkat anda tidak kontatibel dengan versi ini. kenapa sebelunya saya dah pake bertahun tahun,0,23,positive,,0,False
1fc5fd68-bd82-409e-aa57-f8474c09e6c6,5,2026-08-17 23:15:59,Bagus,0,1,positive,,0,False
e008717e-e489-4495-8377-10ac8acde670,1,2026-08-18 00:27:56,mbking gua gak bisa jadi gua kasih bintang 1 padahal udah di perbarui tapi tetep gak bisa sampe saya udah abis pulsa dan kuota.,0,24,negative,,0,False
